2026-08-03 23:57:29,613 INFO started fleet (pid 2832)
2026-08-03 23:57:29,632 INFO started dash (pid 6696)
2026-08-03 23:57:29,632 INFO supervising 2 children | MAKER_DB=run/fleet.db
23:57:30 INFO fleet starting | 20 markets | $0/day funded | offset 2.0c
INFO:     Started server process [6696]
INFO:     Waiting for application startup.
INFO:     Application startup complete.
INFO:     Uvicorn running on http://127.0.0.1:8800 (Press CTRL+C to quit)
23:57:58 INFO sweep | 7/20 scoring | est $38.98/day | offers $653 | committed $1000/1000 | naked $210 | funded 6/20 | verified 100.0% (18v/0u)
23:58:21 INFO sweep | 6/20 scoring | est $46.99/day | offers $653 | committed $1000/1000 | naked $210 | funded 6/20 | verified 100.0% (18v/0u)
23:58:44 INFO sweep | 6/20 scoring | est $42.18/day | offers $653 | committed $1000/1000 | naked $210 | funded 6/20 | verified 100.0% (18v/0u)
23:59:08 INFO sweep | 6/20 scoring | est $41.79/day | offers $653 | committed $1000/1000 | naked $210 | funded 6/20 | verified 100.0% (18v/0u)
23:59:31 INFO sweep | 6/20 scoring | est $41.55/day | offers $653 | committed $1000/1000 | naked $210 | funded 6/20 | verified 100.0% (18v/0u)
23:59:55 INFO sweep | 6/20 scoring | est $41.43/day | offers $653 | committed $1000/1000 | naked $210 | funded 6/20 | verified 100.0% (18v/0u)
00:00:19 INFO sweep | 6/20 scoring | est $201.89/day | offers $653 | committed $1000/1000 | naked $210 | funded 6/20 | verified 100.0% (18v/0u)
00:00:42 INFO sweep | 6/20 scoring | est $198.04/day | offers $653 | committed $1000/1000 | naked $210 | funded 6/20 | verified 100.0% (18v/0u)
00:01:05 INFO sweep | 6/20 scoring | est $68.30/day | offers $653 | committed $1000/1000 | naked $210 | funded 6/20 | verified 100.0% (18v/0u)
00:01:29 INFO sweep | 6/20 scoring | est $63.45/day | offers $653 | committed $1000/1000 | naked $210 | funded 6/20 | verified 100.0% (18v/0u)
00:01:52 INFO sweep | 6/20 scoring | est $803.52/day | offers $653 | committed $1000/1000 | naked $210 | funded 6/20 | verified 100.0% (18v/0u)
00:02:16 INFO sweep | 6/20 scoring | est $777.28/day | offers $653 | committed $1000/1000 | naked $210 | funded 6/20 | verified 100.0% (18v/0u)
00:02:40 INFO sweep | 6/20 scoring | est $39.97/day | offers $653 | committed $1000/1000 | naked $210 | funded 6/20 | verified 100.0% (18v/0u)
00:03:03 INFO sweep | 5/20 scoring | est $36.10/day | offers $635 | committed $981/1000 | naked $210 | funded 6/20 | verified 100.0% (18v/0u)
00:03:26 INFO sweep | 6/20 scoring | est $102.19/day | offers $653 | committed $999/1000 | naked $210 | funded 6/20 | verified 100.0% (18v/0u)
00:03:49 INFO sweep | 6/20 scoring | est $93.93/day | offers $653 | committed $999/1000 | naked $210 | funded 6/20 | verified 100.0% (18v/0u)
00:04:12 INFO sweep | 6/20 scoring | est $45.80/day | offers $651 | committed $997/1000 | naked $210 | funded 6/20 | verified 100.0% (18v/0u)
00:04:35 INFO sweep | 6/20 scoring | est $46.76/day | offers $651 | committed $997/1000 | naked $210 | funded 6/20 | verified 100.0% (18v/0u)
00:04:59 INFO sweep | 6/20 scoring | est $130.83/day | offers $653 | committed $999/1000 | naked $210 | funded 6/20 | verified 100.0% (18v/0u)
00:05:22 INFO sweep | 6/20 scoring | est $51.36/day | offers $652 | committed $999/1000 | naked $210 | funded 6/20 | verified 100.0% (18v/0u)
00:05:46 INFO sweep | 6/20 scoring | est $738.07/day | offers $653 | committed $999/1000 | naked $210 | funded 6/20 | verified 100.0% (18v/0u)
00:06:10 INFO sweep | 6/20 scoring | est $57.64/day | offers $652 | committed $999/1000 | naked $210 | funded 6/20 | verified 100.0% (18v/0u)
00:06:32 INFO sweep | 6/20 scoring | est $53.82/day | offers $652 | committed $999/1000 | naked $210 | funded 6/20 | verified 100.0% (18v/0u)
00:06:56 INFO sweep | 6/20 scoring | est $97.01/day | offers $653 | committed $999/1000 | naked $210 | funded 6/20 | verified 100.0% (18v/0u)
00:07:19 INFO sweep | 6/20 scoring | est $119.69/day | offers $653 | committed $999/1000 | naked $210 | funded 6/20 | verified 100.0% (18v/0u)
00:07:42 INFO sweep | 6/20 scoring | est $58.13/day | offers $653 | committed $999/1000 | naked $210 | funded 6/20 | verified 100.0% (18v/0u)
00:08:05 INFO sweep | 6/20 scoring | est $69.31/day | offers $652 | committed $999/1000 | naked $210 | funded 6/20 | verified 100.0% (18v/0u)
00:08:29 INFO sweep | 6/20 scoring | est $58.89/day | offers $653 | committed $999/1000 | naked $210 | funded 6/20 | verified 100.0% (18v/0u)
00:08:52 INFO sweep | 6/20 scoring | est $60.29/day | offers $653 | committed $999/1000 | naked $210 | funded 6/20 | verified 100.0% (18v/0u)
00:09:15 INFO sweep | 6/20 scoring | est $58.84/day | offers $653 | committed $999/1000 | naked $210 | funded 6/20 | verified 100.0% (18v/0u)
00:09:39 INFO sweep | 6/20 scoring | est $54.38/day | offers $652 | committed $999/1000 | naked $210 | funded 6/20 | verified 100.0% (18v/0u)
00:10:02 INFO sweep | 6/20 scoring | est $58.67/day | offers $651 | committed $997/1000 | naked $210 | funded 6/20 | verified 100.0% (18v/0u)
00:10:25 INFO sweep | 6/20 scoring | est $57.79/day | offers $651 | committed $997/1000 | naked $210 | funded 6/20 | verified 100.0% (18v/0u)
00:10:49 INFO sweep | 6/20 scoring | est $67.42/day | offers $652 | committed $999/1000 | naked $210 | funded 6/20 | verified 100.0% (18v/0u)
00:11:12 INFO sweep | 6/20 scoring | est $59.18/day | offers $652 | committed $999/1000 | naked $210 | funded 6/20 | verified 100.0% (18v/0u)
00:11:35 INFO sweep | 6/20 scoring | est $46.50/day | offers $652 | committed $999/1000 | naked $210 | funded 6/20 | verified 100.0% (18v/0u)
00:11:59 INFO sweep | 6/20 scoring | est $46.94/day | offers $652 | committed $999/1000 | naked $210 | funded 6/20 | verified 100.0% (18v/0u)
00:12:22 INFO sweep | 6/20 scoring | est $44.00/day | offers $652 | committed $999/1000 | naked $210 | funded 6/20 | verified 100.0% (18v/0u)
00:12:46 INFO sweep | 6/20 scoring | est $46.02/day | offers $652 | committed $999/1000 | naked $210 | funded 6/20 | verified 100.0% (18v/0u)
00:13:10 INFO sweep | 6/20 scoring | est $43.40/day | offers $652 | committed $999/1000 | naked $210 | funded 6/20 | verified 100.0% (18v/0u)
00:13:33 INFO sweep | 6/20 scoring | est $40.48/day | offers $652 | committed $999/1000 | naked $210 | funded 6/20 | verified 100.0% (18v/0u)
00:13:56 INFO sweep | 6/20 scoring | est $44.34/day | offers $652 | committed $999/1000 | naked $210 | funded 6/20 | verified 100.0% (18v/0u)
00:14:19 INFO sweep | 6/20 scoring | est $40.18/day | offers $651 | committed $997/1000 | naked $210 | funded 6/20 | verified 100.0% (18v/0u)
00:14:42 INFO sweep | 6/20 scoring | est $40.76/day | offers $651 | committed $997/1000 | naked $210 | funded 6/20 | verified 100.0% (18v/0u)
00:15:05 INFO sweep | 5/20 scoring | est $31.08/day | offers $649 | committed $996/1000 | naked $210 | funded 6/20 | verified 100.0% (18v/0u)
00:15:29 INFO sweep | 6/20 scoring | est $887.24/day | offers $653 | committed $999/1000 | naked $210 | funded 6/20 | verified 100.0% (18v/0u)
00:15:52 INFO sweep | 6/20 scoring | est $86.62/day | offers $652 | committed $999/1000 | naked $210 | funded 6/20 | verified 100.0% (18v/0u)
00:16:15 INFO sweep | 6/20 scoring | est $65.85/day | offers $652 | committed $999/1000 | naked $210 | funded 6/20 | verified 100.0% (18v/0u)
00:16:39 INFO sweep | 6/20 scoring | est $91.80/day | offers $653 | committed $999/1000 | naked $210 | funded 6/20 | verified 100.0% (18v/0u)
00:17:05 INFO sweep | 6/20 scoring | est $127.73/day | offers $653 | committed $999/1000 | naked $210 | funded 6/20 | verified 100.0% (18v/0u)
00:17:29 INFO sweep | 6/20 scoring | est $64.90/day | offers $652 | committed $999/1000 | naked $210 | funded 6/20 | verified 100.0% (18v/0u)
00:17:53 INFO sweep | 6/20 scoring | est $41.73/day | offers $651 | committed $997/1000 | naked $210 | funded 6/20 | verified 100.0% (18v/0u)
00:18:21 INFO sweep | 6/20 scoring | est $43.49/day | offers $651 | committed $997/1000 | naked $210 | funded 6/20 | verified 100.0% (18v/0u)
00:18:44 INFO sweep | 6/20 scoring | est $44.89/day | offers $651 | committed $997/1000 | naked $210 | funded 6/20 | verified 100.0% (18v/0u)
00:19:08 INFO sweep | 6/20 scoring | est $43.59/day | offers $651 | committed $997/1000 | naked $210 | funded 6/20 | verified 100.0% (18v/0u)
00:19:31 INFO sweep | 6/20 scoring | est $57.56/day | offers $652 | committed $999/1000 | naked $210 | funded 6/20 | verified 100.0% (18v/0u)
00:19:54 INFO sweep | 6/20 scoring | est $51.25/day | offers $652 | committed $999/1000 | naked $210 | funded 6/20 | verified 100.0% (18v/0u)
00:20:18 INFO sweep | 6/20 scoring | est $42.37/day | offers $651 | committed $997/1000 | naked $210 | funded 6/20 | verified 100.0% (18v/0u)
00:20:41 INFO sweep | 6/20 scoring | est $42.42/day | offers $651 | committed $997/1000 | naked $210 | funded 6/20 | verified 100.0% (18v/0u)
00:20:57 INFO FILL National Bank Open: Michael  UP   43sh @ 0.560
00:21:04 INFO sweep | 5/20 scoring | est $35.46/day | offers $629 | committed $1000/1000 | naked $234 | funded 6/20 | verified 100.0% (19v/0u)
00:21:28 INFO sweep | 5/20 scoring | est $30.82/day | offers $629 | committed $1000/1000 | naked $234 | funded 6/20 | verified 100.0% (19v/0u)
00:21:51 INFO sweep | 5/20 scoring | est $30.29/day | offers $629 | committed $1000/1000 | naked $234 | funded 6/20 | verified 100.0% (19v/0u)
00:22:14 INFO sweep | 5/20 scoring | est $29.41/day | offers $629 | committed $1000/1000 | naked $234 | funded 6/20 | verified 100.0% (19v/0u)
00:22:38 INFO sweep | 5/20 scoring | est $49.58/day | offers $629 | committed $1000/1000 | naked $234 | funded 6/20 | verified 100.0% (19v/0u)
00:23:01 INFO sweep | 5/20 scoring | est $40.78/day | offers $629 | committed $1000/1000 | naked $234 | funded 6/20 | verified 100.0% (19v/0u)
00:23:24 INFO sweep | 6/20 scoring | est $43.71/day | offers $629 | committed $1000/1000 | naked $234 | funded 6/20 | verified 100.0% (19v/0u)
00:23:47 INFO sweep | 6/20 scoring | est $50.82/day | offers $629 | committed $1000/1000 | naked $234 | funded 6/20 | verified 100.0% (19v/0u)
00:24:10 INFO sweep | 6/20 scoring | est $50.89/day | offers $629 | committed $1000/1000 | naked $234 | funded 6/20 | verified 100.0% (19v/0u)
00:24:33 INFO sweep | 6/20 scoring | est $48.67/day | offers $629 | committed $1000/1000 | naked $234 | funded 6/20 | verified 100.0% (19v/0u)
00:24:57 INFO sweep | 6/20 scoring | est $47.54/day | offers $629 | committed $1000/1000 | naked $234 | funded 6/20 | verified 100.0% (19v/0u)
00:25:20 INFO sweep | 6/20 scoring | est $50.15/day | offers $629 | committed $1000/1000 | naked $234 | funded 6/20 | verified 100.0% (19v/0u)
00:25:43 INFO sweep | 6/20 scoring | est $50.14/day | offers $629 | committed $1000/1000 | naked $234 | funded 6/20 | verified 100.0% (19v/0u)
00:26:07 INFO sweep | 6/20 scoring | est $49.64/day | offers $629 | committed $1000/1000 | naked $234 | funded 6/20 | verified 100.0% (19v/0u)
00:26:30 INFO sweep | 6/20 scoring | est $48.14/day | offers $629 | committed $1000/1000 | naked $234 | funded 6/20 | verified 100.0% (19v/0u)
00:26:53 INFO sweep | 6/20 scoring | est $47.75/day | offers $629 | committed $1000/1000 | naked $234 | funded 6/20 | verified 100.0% (19v/0u)
00:27:17 INFO sweep | 6/20 scoring | est $48.09/day | offers $629 | committed $1000/1000 | naked $234 | funded 6/20 | verified 100.0% (19v/0u)
00:27:41 INFO sweep | 6/20 scoring | est $49.58/day | offers $629 | committed $1000/1000 | naked $234 | funded 6/20 | verified 100.0% (19v/0u)
00:28:04 INFO sweep | 6/20 scoring | est $48.14/day | offers $629 | committed $1000/1000 | naked $234 | funded 6/20 | verified 100.0% (19v/0u)
00:28:28 INFO sweep | 6/20 scoring | est $47.75/day | offers $629 | committed $1000/1000 | naked $234 | funded 6/20 | verified 100.0% (19v/0u)
00:28:51 INFO sweep | 6/20 scoring | est $48.13/day | offers $629 | committed $1000/1000 | naked $234 | funded 6/20 | verified 100.0% (19v/0u)
00:29:15 INFO sweep | 6/20 scoring | est $49.57/day | offers $629 | committed $1000/1000 | naked $234 | funded 6/20 | verified 100.0% (19v/0u)
00:29:38 INFO sweep | 6/20 scoring | est $50.68/day | offers $629 | committed $1000/1000 | naked $234 | funded 6/20 | verified 100.0% (19v/0u)
00:30:01 INFO sweep | 5/20 scoring | est $49.32/day | offers $629 | committed $1000/1000 | naked $234 | funded 6/20 | verified 100.0% (19v/0u)
00:30:24 INFO sweep | 5/20 scoring | est $143.19/day | offers $629 | committed $1000/1000 | naked $234 | funded 6/20 | verified 100.0% (19v/0u)
00:30:49 INFO sweep | 5/20 scoring | est $64.75/day | offers $629 | committed $1000/1000 | naked $234 | funded 6/20 | verified 100.0% (19v/0u)
00:31:12 INFO sweep | 5/20 scoring | est $73.06/day | offers $629 | committed $1000/1000 | naked $234 | funded 6/20 | verified 100.0% (19v/0u)
00:31:34 INFO sweep | 5/20 scoring | est $61.75/day | offers $629 | committed $1000/1000 | naked $234 | funded 6/20 | verified 100.0% (19v/0u)
00:31:59 INFO sweep | 5/20 scoring | est $61.98/day | offers $629 | committed $1000/1000 | naked $234 | funded 6/20 | verified 100.0% (19v/0u)
00:32:22 INFO sweep | 5/20 scoring | est $66.86/day | offers $629 | committed $1000/1000 | naked $234 | funded 6/20 | verified 100.0% (19v/0u)
00:32:45 INFO sweep | 5/20 scoring | est $65.80/day | offers $629 | committed $1000/1000 | naked $234 | funded 6/20 | verified 100.0% (19v/0u)
00:33:10 INFO sweep | 5/20 scoring | est $61.46/day | offers $629 | committed $1000/1000 | naked $234 | funded 6/20 | verified 100.0% (19v/0u)
00:33:33 INFO sweep | 5/20 scoring | est $46.47/day | offers $629 | committed $1000/1000 | naked $234 | funded 6/20 | verified 100.0% (19v/0u)
00:33:57 INFO sweep | 5/20 scoring | est $46.34/day | offers $629 | committed $1000/1000 | naked $234 | funded 6/20 | verified 100.0% (19v/0u)
00:34:21 INFO sweep | 5/20 scoring | est $45.66/day | offers $629 | committed $1000/1000 | naked $234 | funded 6/20 | verified 100.0% (19v/0u)
00:34:45 INFO sweep | 5/20 scoring | est $53.57/day | offers $629 | committed $1000/1000 | naked $234 | funded 6/20 | verified 100.0% (19v/0u)
00:35:08 INFO sweep | 5/20 scoring | est $53.56/day | offers $629 | committed $1000/1000 | naked $234 | funded 6/20 | verified 100.0% (19v/0u)
00:35:32 INFO sweep | 6/20 scoring | est $53.64/day | offers $629 | committed $1000/1000 | naked $234 | funded 6/20 | verified 100.0% (19v/0u)
00:35:55 INFO sweep | 6/20 scoring | est $53.52/day | offers $629 | committed $1000/1000 | naked $234 | funded 6/20 | verified 100.0% (19v/0u)
00:36:18 INFO sweep | 6/20 scoring | est $53.68/day | offers $629 | committed $1000/1000 | naked $234 | funded 6/20 | verified 100.0% (19v/0u)
00:36:42 INFO sweep | 6/20 scoring | est $55.27/day | offers $629 | committed $1000/1000 | naked $234 | funded 6/20 | verified 100.0% (19v/0u)
00:37:06 INFO sweep | 6/20 scoring | est $48.78/day | offers $629 | committed $1000/1000 | naked $234 | funded 6/20 | verified 100.0% (19v/0u)
00:37:29 INFO sweep | 6/20 scoring | est $47.75/day | offers $629 | committed $1000/1000 | naked $234 | funded 6/20 | verified 100.0% (19v/0u)
00:37:53 INFO sweep | 6/20 scoring | est $47.98/day | offers $629 | committed $1000/1000 | naked $234 | funded 6/20 | verified 100.0% (19v/0u)
00:38:16 INFO sweep | 6/20 scoring | est $47.77/day | offers $629 | committed $1000/1000 | naked $234 | funded 6/20 | verified 100.0% (19v/0u)
00:38:39 INFO sweep | 6/20 scoring | est $46.86/day | offers $629 | committed $1000/1000 | naked $234 | funded 6/20 | verified 100.0% (19v/0u)
00:39:03 INFO sweep | 6/20 scoring | est $53.52/day | offers $629 | committed $1000/1000 | naked $234 | funded 6/20 | verified 100.0% (19v/0u)
00:39:26 INFO sweep | 6/20 scoring | est $53.51/day | offers $629 | committed $1000/1000 | naked $234 | funded 6/20 | verified 100.0% (19v/0u)
00:39:50 INFO sweep | 6/20 scoring | est $53.16/day | offers $629 | committed $1000/1000 | naked $234 | funded 6/20 | verified 100.0% (19v/0u)
00:40:14 INFO sweep | 6/20 scoring | est $46.46/day | offers $629 | committed $1000/1000 | naked $234 | funded 6/20 | verified 100.0% (19v/0u)
00:40:37 INFO sweep | 6/20 scoring | est $46.41/day | offers $629 | committed $1000/1000 | naked $234 | funded 6/20 | verified 100.0% (19v/0u)
00:41:01 INFO sweep | 6/20 scoring | est $47.03/day | offers $629 | committed $1000/1000 | naked $234 | funded 6/20 | verified 100.0% (19v/0u)
00:41:28 INFO sweep | 6/20 scoring | est $47.28/day | offers $629 | committed $1000/1000 | naked $234 | funded 6/20 | verified 100.0% (19v/0u)
00:41:51 INFO sweep | 6/20 scoring | est $45.14/day | offers $629 | committed $1000/1000 | naked $234 | funded 6/20 | verified 100.0% (19v/0u)
00:42:14 INFO sweep | 6/20 scoring | est $44.41/day | offers $629 | committed $1000/1000 | naked $234 | funded 6/20 | verified 100.0% (19v/0u)
00:42:39 INFO sweep | 6/20 scoring | est $44.57/day | offers $629 | committed $1000/1000 | naked $234 | funded 6/20 | verified 100.0% (19v/0u)
00:43:03 INFO sweep | 6/20 scoring | est $43.88/day | offers $629 | committed $1000/1000 | naked $234 | funded 6/20 | verified 100.0% (19v/0u)
00:43:26 INFO sweep | 6/20 scoring | est $31.76/day | offers $629 | committed $1000/1000 | naked $234 | funded 6/20 | verified 100.0% (19v/0u)
00:43:50 INFO sweep | 6/20 scoring | est $31.64/day | offers $629 | committed $1000/1000 | naked $234 | funded 6/20 | verified 100.0% (19v/0u)
00:44:13 INFO sweep | 6/20 scoring | est $27.14/day | offers $629 | committed $1000/1000 | naked $234 | funded 6/20 | verified 100.0% (19v/0u)
00:44:37 INFO sweep | 6/20 scoring | est $27.04/day | offers $629 | committed $1000/1000 | naked $234 | funded 6/20 | verified 100.0% (19v/0u)
00:45:01 INFO sweep | 6/20 scoring | est $26.76/day | offers $629 | committed $1000/1000 | naked $234 | funded 6/20 | verified 100.0% (19v/0u)
00:45:24 INFO sweep | 6/20 scoring | est $46.70/day | offers $629 | committed $1000/1000 | naked $234 | funded 6/20 | verified 100.0% (19v/0u)
00:45:47 INFO sweep | 6/20 scoring | est $55.95/day | offers $629 | committed $1000/1000 | naked $234 | funded 6/20 | verified 100.0% (19v/0u)
00:46:12 INFO sweep | 6/20 scoring | est $55.96/day | offers $629 | committed $1000/1000 | naked $234 | funded 6/20 | verified 100.0% (19v/0u)
00:46:35 INFO sweep | 6/20 scoring | est $55.22/day | offers $629 | committed $1000/1000 | naked $234 | funded 6/20 | verified 100.0% (19v/0u)
00:46:58 INFO sweep | 6/20 scoring | est $55.21/day | offers $629 | committed $1000/1000 | naked $234 | funded 6/20 | verified 100.0% (19v/0u)
00:47:22 INFO sweep | 5/20 scoring | est $55.53/day | offers $629 | committed $1000/1000 | naked $234 | funded 6/20 | verified 100.0% (19v/0u)
00:47:45 INFO sweep | 5/20 scoring | est $55.36/day | offers $629 | committed $1000/1000 | naked $234 | funded 6/20 | verified 100.0% (19v/0u)
00:48:08 INFO sweep | 5/20 scoring | est $35.17/day | offers $629 | committed $1000/1000 | naked $234 | funded 6/20 | verified 100.0% (19v/0u)
00:48:32 INFO sweep | 5/20 scoring | est $35.11/day | offers $629 | committed $1000/1000 | naked $234 | funded 6/20 | verified 100.0% (19v/0u)
00:48:56 INFO sweep | 5/20 scoring | est $54.29/day | offers $629 | committed $1000/1000 | naked $234 | funded 6/20 | verified 100.0% (19v/0u)
00:49:18 INFO sweep | 5/20 scoring | est $54.48/day | offers $629 | committed $1000/1000 | naked $234 | funded 6/20 | verified 100.0% (19v/0u)
00:49:42 INFO sweep | 5/20 scoring | est $58.30/day | offers $629 | committed $1000/1000 | naked $234 | funded 6/20 | verified 100.0% (19v/0u)
00:50:04 INFO sweep | 5/20 scoring | est $58.80/day | offers $629 | committed $1000/1000 | naked $234 | funded 6/20 | verified 100.0% (19v/0u)
00:50:27 INFO sweep | 5/20 scoring | est $35.40/day | offers $629 | committed $1000/1000 | naked $234 | funded 6/20 | verified 100.0% (19v/0u)
00:50:50 INFO sweep | 5/20 scoring | est $35.34/day | offers $629 | committed $1000/1000 | naked $234 | funded 6/20 | verified 100.0% (19v/0u)
00:51:13 INFO sweep | 6/20 scoring | est $48.28/day | offers $629 | committed $1000/1000 | naked $234 | funded 6/20 | verified 100.0% (19v/0u)
00:51:35 INFO sweep | 6/20 scoring | est $50.81/day | offers $629 | committed $1000/1000 | naked $234 | funded 6/20 | verified 100.0% (19v/0u)
00:51:59 INFO sweep | 6/20 scoring | est $50.83/day | offers $629 | committed $1000/1000 | naked $234 | funded 6/20 | verified 100.0% (19v/0u)
00:52:21 INFO sweep | 6/20 scoring | est $42.23/day | offers $629 | committed $1000/1000 | naked $234 | funded 6/20 | verified 100.0% (19v/0u)
00:52:44 INFO sweep | 6/20 scoring | est $42.58/day | offers $629 | committed $1000/1000 | naked $234 | funded 6/20 | verified 100.0% (19v/0u)
00:53:08 INFO sweep | 6/20 scoring | est $41.54/day | offers $629 | committed $1000/1000 | naked $234 | funded 6/20 | verified 100.0% (19v/0u)
00:53:30 INFO sweep | 6/20 scoring | est $41.21/day | offers $629 | committed $1000/1000 | naked $234 | funded 6/20 | verified 100.0% (19v/0u)
00:53:53 INFO sweep | 6/20 scoring | est $35.37/day | offers $629 | committed $1000/1000 | naked $234 | funded 6/20 | verified 100.0% (19v/0u)
00:54:17 INFO sweep | 6/20 scoring | est $35.35/day | offers $629 | committed $1000/1000 | naked $234 | funded 6/20 | verified 100.0% (19v/0u)
00:54:39 INFO sweep | 6/20 scoring | est $35.36/day | offers $629 | committed $1000/1000 | naked $234 | funded 6/20 | verified 100.0% (19v/0u)
00:55:02 INFO sweep | 6/20 scoring | est $32.78/day | offers $629 | committed $1000/1000 | naked $234 | funded 6/20 | verified 100.0% (19v/0u)
00:55:25 INFO sweep | 6/20 scoring | est $36.32/day | offers $629 | committed $1000/1000 | naked $234 | funded 7/20 | verified 100.0% (19v/0u)
00:55:49 INFO sweep | 6/20 scoring | est $36.39/day | offers $629 | committed $1000/1000 | naked $234 | funded 7/20 | verified 100.0% (19v/0u)
00:56:12 INFO sweep | 6/20 scoring | est $34.99/day | offers $629 | committed $1000/1000 | naked $234 | funded 7/20 | verified 100.0% (19v/0u)
00:56:37 INFO sweep | 6/20 scoring | est $37.12/day | offers $629 | committed $1000/1000 | naked $234 | funded 7/20 | verified 100.0% (19v/0u)
00:57:00 INFO sweep | 6/20 scoring | est $37.15/day | offers $629 | committed $1000/1000 | naked $234 | funded 7/20 | verified 100.0% (19v/0u)
00:57:23 INFO sweep | 6/20 scoring | est $37.19/day | offers $629 | committed $1000/1000 | naked $234 | funded 7/20 | verified 100.0% (19v/0u)
00:57:48 INFO sweep | 6/20 scoring | est $36.61/day | offers $629 | committed $1000/1000 | naked $234 | funded 7/20 | verified 100.0% (19v/0u)
00:58:11 INFO sweep | 6/20 scoring | est $36.63/day | offers $629 | committed $1000/1000 | naked $234 | funded 7/20 | verified 100.0% (19v/0u)
00:58:34 INFO sweep | 6/20 scoring | est $36.58/day | offers $629 | committed $1000/1000 | naked $234 | funded 7/20 | verified 100.0% (19v/0u)
00:58:59 INFO sweep | 6/20 scoring | est $36.57/day | offers $629 | committed $1000/1000 | naked $234 | funded 7/20 | verified 100.0% (19v/0u)
00:59:22 INFO sweep | 6/20 scoring | est $36.57/day | offers $629 | committed $1000/1000 | naked $234 | funded 7/20 | verified 100.0% (19v/0u)
00:59:47 INFO sweep | 6/20 scoring | est $36.63/day | offers $629 | committed $1000/1000 | naked $234 | funded 7/20 | verified 100.0% (19v/0u)
01:00:11 INFO sweep | 6/20 scoring | est $43.09/day | offers $629 | committed $1000/1000 | naked $234 | funded 7/20 | verified 100.0% (19v/0u)
01:00:34 INFO sweep | 5/20 scoring | est $42.46/day | offers $629 | committed $1000/1000 | naked $234 | funded 7/20 | verified 100.0% (19v/0u)
01:00:58 INFO sweep | 5/20 scoring | est $36.31/day | offers $629 | committed $1000/1000 | naked $234 | funded 7/20 | verified 100.0% (19v/0u)
01:01:22 INFO sweep | 5/20 scoring | est $36.43/day | offers $629 | committed $1000/1000 | naked $234 | funded 7/20 | verified 100.0% (19v/0u)
01:01:46 INFO sweep | 5/20 scoring | est $36.42/day | offers $629 | committed $1000/1000 | naked $234 | funded 7/20 | verified 100.0% (19v/0u)
01:02:09 INFO sweep | 5/20 scoring | est $36.45/day | offers $629 | committed $1000/1000 | naked $234 | funded 7/20 | verified 100.0% (19v/0u)
01:02:33 INFO sweep | 5/20 scoring | est $35.96/day | offers $629 | committed $1000/1000 | naked $234 | funded 7/20 | verified 100.0% (19v/0u)
01:02:56 INFO sweep | 5/20 scoring | est $36.37/day | offers $629 | committed $1000/1000 | naked $234 | funded 7/20 | verified 100.0% (19v/0u)
01:03:19 INFO sweep | 5/20 scoring | est $37.34/day | offers $629 | committed $1000/1000 | naked $234 | funded 7/20 | verified 100.0% (19v/0u)
01:03:42 INFO sweep | 5/20 scoring | est $35.07/day | offers $629 | committed $1000/1000 | naked $234 | funded 7/20 | verified 100.0% (19v/0u)
01:04:05 INFO sweep | 5/20 scoring | est $35.09/day | offers $629 | committed $1000/1000 | naked $234 | funded 7/20 | verified 100.0% (19v/0u)
01:04:28 INFO sweep | 5/20 scoring | est $35.11/day | offers $629 | committed $1000/1000 | naked $234 | funded 7/20 | verified 100.0% (19v/0u)
01:04:52 INFO sweep | 5/20 scoring | est $37.69/day | offers $629 | committed $1000/1000 | naked $234 | funded 7/20 | verified 100.0% (19v/0u)
01:05:15 INFO sweep | 5/20 scoring | est $37.69/day | offers $629 | committed $1000/1000 | naked $234 | funded 7/20 | verified 100.0% (19v/0u)
01:05:38 INFO sweep | 5/20 scoring | est $37.62/day | offers $629 | committed $1000/1000 | naked $234 | funded 7/20 | verified 100.0% (19v/0u)
01:06:01 INFO sweep | 5/20 scoring | est $37.63/day | offers $629 | committed $1000/1000 | naked $234 | funded 7/20 | verified 100.0% (19v/0u)
01:06:24 INFO sweep | 5/20 scoring | est $36.60/day | offers $629 | committed $1000/1000 | naked $234 | funded 7/20 | verified 100.0% (19v/0u)
01:06:46 INFO sweep | 5/20 scoring | est $37.30/day | offers $629 | committed $1000/1000 | naked $234 | funded 7/20 | verified 100.0% (19v/0u)
01:07:10 INFO sweep | 5/20 scoring | est $37.02/day | offers $629 | committed $1000/1000 | naked $234 | funded 7/20 | verified 100.0% (19v/0u)
01:07:33 INFO sweep | 5/20 scoring | est $37.34/day | offers $629 | committed $1000/1000 | naked $234 | funded 7/20 | verified 100.0% (19v/0u)
01:07:56 INFO sweep | 5/20 scoring | est $38.37/day | offers $629 | committed $1000/1000 | naked $234 | funded 7/20 | verified 100.0% (19v/0u)
01:08:19 INFO sweep | 5/20 scoring | est $38.43/day | offers $629 | committed $1000/1000 | naked $234 | funded 7/20 | verified 100.0% (19v/0u)
01:08:42 INFO sweep | 5/20 scoring | est $38.44/day | offers $629 | committed $1000/1000 | naked $234 | funded 7/20 | verified 100.0% (19v/0u)
01:09:04 INFO sweep | 5/20 scoring | est $35.15/day | offers $629 | committed $1000/1000 | naked $234 | funded 7/20 | verified 100.0% (19v/0u)
01:09:28 INFO sweep | 5/20 scoring | est $33.90/day | offers $629 | committed $1000/1000 | naked $234 | funded 7/20 | verified 100.0% (19v/0u)
01:09:50 INFO sweep | 5/20 scoring | est $33.94/day | offers $629 | committed $1000/1000 | naked $234 | funded 7/20 | verified 100.0% (19v/0u)
01:10:13 INFO sweep | 5/20 scoring | est $37.00/day | offers $629 | committed $1000/1000 | naked $234 | funded 7/20 | verified 100.0% (19v/0u)
01:10:36 INFO sweep | 5/20 scoring | est $37.38/day | offers $629 | committed $1000/1000 | naked $234 | funded 7/20 | verified 100.0% (19v/0u)
01:10:58 INFO sweep | 5/20 scoring | est $44.12/day | offers $629 | committed $1000/1000 | naked $234 | funded 7/20 | verified 100.0% (19v/0u)
01:11:21 INFO sweep | 5/20 scoring | est $38.54/day | offers $629 | committed $1000/1000 | naked $234 | funded 7/20 | verified 100.0% (19v/0u)
01:11:45 INFO sweep | 5/20 scoring | est $37.94/day | offers $629 | committed $1000/1000 | naked $234 | funded 7/20 | verified 100.0% (19v/0u)
01:12:07 INFO sweep | 5/20 scoring | est $38.59/day | offers $629 | committed $1000/1000 | naked $234 | funded 7/20 | verified 100.0% (19v/0u)
01:12:30 INFO sweep | 5/20 scoring | est $36.65/day | offers $629 | committed $1000/1000 | naked $234 | funded 7/20 | verified 100.0% (19v/0u)
01:12:34 INFO resolved wta-boisson-ruzic-2026-08-02 -> 630604018241
01:12:34 INFO RESOLVE 1 market(s) settled
01:12:54 INFO sweep | 5/20 scoring | est $34.05/day | offers $629 | committed $1000/1000 | naked $234 | funded 7/20 | verified 100.0% (19v/0u)
01:13:17 INFO sweep | 5/20 scoring | est $37.62/day | offers $629 | committed $1000/1000 | naked $234 | funded 7/20 | verified 100.0% (19v/0u)
01:13:39 INFO sweep | 5/20 scoring | est $37.09/day | offers $629 | committed $1000/1000 | naked $234 | funded 7/20 | verified 100.0% (19v/0u)
01:14:03 INFO sweep | 5/20 scoring | est $37.12/day | offers $629 | committed $1000/1000 | naked $234 | funded 7/20 | verified 100.0% (19v/0u)
01:14:25 INFO sweep | 5/20 scoring | est $37.82/day | offers $629 | committed $1000/1000 | naked $234 | funded 7/20 | verified 100.0% (19v/0u)
01:14:48 INFO sweep | 5/20 scoring | est $37.79/day | offers $629 | committed $1000/1000 | naked $234 | funded 7/20 | verified 100.0% (19v/0u)
01:15:11 INFO sweep | 5/20 scoring | est $37.26/day | offers $629 | committed $1000/1000 | naked $234 | funded 7/20 | verified 100.0% (19v/0u)
01:15:34 INFO sweep | 5/20 scoring | est $37.02/day | offers $629 | committed $1000/1000 | naked $234 | funded 7/20 | verified 100.0% (19v/0u)
01:15:56 INFO sweep | 5/20 scoring | est $37.19/day | offers $629 | committed $1000/1000 | naked $234 | funded 7/20 | verified 100.0% (19v/0u)
01:16:20 INFO sweep | 5/20 scoring | est $36.75/day | offers $629 | committed $1000/1000 | naked $234 | funded 7/20 | verified 100.0% (19v/0u)
01:16:43 INFO sweep | 5/20 scoring | est $37.03/day | offers $629 | committed $1000/1000 | naked $234 | funded 7/20 | verified 100.0% (19v/0u)
01:17:07 INFO sweep | 5/20 scoring | est $37.02/day | offers $629 | committed $1000/1000 | naked $234 | funded 7/20 | verified 100.0% (19v/0u)
01:17:31 INFO sweep | 5/20 scoring | est $38.78/day | offers $629 | committed $1000/1000 | naked $234 | funded 7/20 | verified 100.0% (19v/0u)
01:17:53 INFO sweep | 5/20 scoring | est $38.68/day | offers $629 | committed $1000/1000 | naked $234 | funded 7/20 | verified 100.0% (19v/0u)
01:18:15 INFO sweep | 5/20 scoring | est $46.79/day | offers $629 | committed $1000/1000 | naked $234 | funded 7/20 | verified 100.0% (19v/0u)
01:18:39 INFO sweep | 5/20 scoring | est $49.62/day | offers $629 | committed $1000/1000 | naked $234 | funded 7/20 | verified 100.0% (19v/0u)
01:19:02 INFO sweep | 5/20 scoring | est $49.69/day | offers $629 | committed $1000/1000 | naked $234 | funded 7/20 | verified 100.0% (19v/0u)
01:19:25 INFO sweep | 5/20 scoring | est $49.71/day | offers $629 | committed $1000/1000 | naked $234 | funded 7/20 | verified 100.0% (19v/0u)
01:19:49 INFO sweep | 5/20 scoring | est $57.10/day | offers $629 | committed $1000/1000 | naked $234 | funded 7/20 | verified 100.0% (19v/0u)
01:20:11 INFO sweep | 5/20 scoring | est $49.24/day | offers $629 | committed $1000/1000 | naked $234 | funded 7/20 | verified 100.0% (19v/0u)
01:20:33 INFO sweep | 5/20 scoring | est $52.35/day | offers $629 | committed $1000/1000 | naked $234 | funded 7/20 | verified 100.0% (19v/0u)
01:20:57 INFO sweep | 5/20 scoring | est $52.33/day | offers $629 | committed $1000/1000 | naked $234 | funded 7/20 | verified 100.0% (19v/0u)
01:21:19 INFO sweep | 5/20 scoring | est $51.96/day | offers $629 | committed $1000/1000 | naked $234 | funded 7/20 | verified 100.0% (19v/0u)
01:21:42 INFO sweep | 5/20 scoring | est $52.04/day | offers $629 | committed $1000/1000 | naked $234 | funded 7/20 | verified 100.0% (19v/0u)
01:22:05 INFO sweep | 5/20 scoring | est $50.68/day | offers $629 | committed $1000/1000 | naked $234 | funded 7/20 | verified 100.0% (19v/0u)
01:22:28 INFO sweep | 5/20 scoring | est $46.79/day | offers $629 | committed $1000/1000 | naked $234 | funded 7/20 | verified 100.0% (19v/0u)
01:22:51 INFO sweep | 5/20 scoring | est $46.98/day | offers $629 | committed $1000/1000 | naked $234 | funded 7/20 | verified 100.0% (19v/0u)
01:23:14 INFO sweep | 5/20 scoring | est $48.88/day | offers $629 | committed $1000/1000 | naked $234 | funded 7/20 | verified 100.0% (19v/0u)
01:23:37 INFO sweep | 5/20 scoring | est $47.72/day | offers $629 | committed $1000/1000 | naked $234 | funded 7/20 | verified 100.0% (19v/0u)
01:23:59 INFO sweep | 5/20 scoring | est $47.98/day | offers $629 | committed $1000/1000 | naked $234 | funded 7/20 | verified 100.0% (19v/0u)
01:24:23 INFO sweep | 5/20 scoring | est $48.41/day | offers $629 | committed $1000/1000 | naked $234 | funded 7/20 | verified 100.0% (19v/0u)
01:24:47 INFO sweep | 5/20 scoring | est $57.17/day | offers $629 | committed $1000/1000 | naked $234 | funded 7/20 | verified 100.0% (19v/0u)
01:25:10 INFO sweep | 5/20 scoring | est $57.07/day | offers $629 | committed $1000/1000 | naked $234 | funded 7/20 | verified 100.0% (19v/0u)
01:25:33 INFO sweep | 5/20 scoring | est $69.95/day | offers $629 | committed $1000/1000 | naked $234 | funded 7/20 | verified 100.0% (19v/0u)
01:25:55 INFO sweep | 5/20 scoring | est $67.03/day | offers $629 | committed $1000/1000 | naked $234 | funded 7/20 | verified 100.0% (19v/0u)
01:26:18 INFO sweep | 5/20 scoring | est $77.73/day | offers $629 | committed $1000/1000 | naked $234 | funded 7/20 | verified 100.0% (19v/0u)
01:26:41 INFO sweep | 5/20 scoring | est $78.90/day | offers $629 | committed $1000/1000 | naked $234 | funded 7/20 | verified 100.0% (19v/0u)
01:27:04 INFO sweep | 5/20 scoring | est $78.90/day | offers $629 | committed $1000/1000 | naked $234 | funded 7/20 | verified 100.0% (19v/0u)
01:27:26 INFO sweep | 5/20 scoring | est $78.82/day | offers $629 | committed $1000/1000 | naked $234 | funded 7/20 | verified 100.0% (19v/0u)
01:27:52 INFO sweep | 5/20 scoring | est $78.54/day | offers $629 | committed $1000/1000 | naked $234 | funded 7/20 | verified 100.0% (19v/0u)
01:28:15 INFO sweep | 5/20 scoring | est $82.58/day | offers $629 | committed $1000/1000 | naked $234 | funded 7/20 | verified 100.0% (19v/0u)
01:28:38 INFO sweep | 5/20 scoring | est $72.15/day | offers $629 | committed $1000/1000 | naked $234 | funded 7/20 | verified 100.0% (19v/0u)
01:29:02 INFO sweep | 5/20 scoring | est $72.09/day | offers $629 | committed $1000/1000 | naked $234 | funded 7/20 | verified 100.0% (19v/0u)
01:29:24 INFO sweep | 5/20 scoring | est $72.52/day | offers $629 | committed $1000/1000 | naked $234 | funded 7/20 | verified 100.0% (19v/0u)
01:29:47 INFO sweep | 5/20 scoring | est $72.76/day | offers $629 | committed $1000/1000 | naked $234 | funded 7/20 | verified 100.0% (19v/0u)
01:30:10 INFO sweep | 5/20 scoring | est $66.23/day | offers $629 | committed $1000/1000 | naked $234 | funded 7/20 | verified 100.0% (19v/0u)
01:30:33 INFO sweep | 5/20 scoring | est $63.36/day | offers $629 | committed $1000/1000 | naked $234 | funded 7/20 | verified 100.0% (19v/0u)
01:30:55 INFO sweep | 5/20 scoring | est $63.28/day | offers $629 | committed $1000/1000 | naked $234 | funded 7/20 | verified 100.0% (19v/0u)
01:31:18 INFO sweep | 5/20 scoring | est $63.59/day | offers $629 | committed $1000/1000 | naked $234 | funded 7/20 | verified 100.0% (19v/0u)
01:31:42 INFO sweep | 5/20 scoring | est $63.88/day | offers $629 | committed $1000/1000 | naked $234 | funded 7/20 | verified 100.0% (19v/0u)
01:32:05 INFO sweep | 5/20 scoring | est $65.87/day | offers $629 | committed $1000/1000 | naked $234 | funded 7/20 | verified 100.0% (19v/0u)
01:32:29 INFO sweep | 5/20 scoring | est $65.72/day | offers $629 | committed $1000/1000 | naked $234 | funded 7/20 | verified 100.0% (19v/0u)
01:32:54 INFO sweep | 5/20 scoring | est $64.36/day | offers $629 | committed $1000/1000 | naked $234 | funded 7/20 | verified 100.0% (19v/0u)
01:33:16 INFO sweep | 5/20 scoring | est $62.65/day | offers $629 | committed $1000/1000 | naked $234 | funded 7/20 | verified 100.0% (19v/0u)
01:33:39 INFO sweep | 5/20 scoring | est $62.77/day | offers $629 | committed $1000/1000 | naked $234 | funded 7/20 | verified 100.0% (19v/0u)
01:34:02 INFO sweep | 5/20 scoring | est $62.42/day | offers $629 | committed $1000/1000 | naked $234 | funded 7/20 | verified 100.0% (19v/0u)
01:34:24 INFO sweep | 5/20 scoring | est $63.49/day | offers $629 | committed $1000/1000 | naked $234 | funded 7/20 | verified 100.0% (19v/0u)
01:34:47 INFO sweep | 5/20 scoring | est $62.59/day | offers $629 | committed $1000/1000 | naked $234 | funded 7/20 | verified 100.0% (19v/0u)
01:35:10 INFO sweep | 5/20 scoring | est $64.36/day | offers $629 | committed $1000/1000 | naked $234 | funded 7/20 | verified 100.0% (19v/0u)
01:35:32 INFO sweep | 5/20 scoring | est $69.56/day | offers $629 | committed $1000/1000 | naked $234 | funded 7/20 | verified 100.0% (19v/0u)
01:35:55 INFO sweep | 5/20 scoring | est $63.92/day | offers $629 | committed $1000/1000 | naked $234 | funded 7/20 | verified 100.0% (19v/0u)
01:36:18 INFO sweep | 5/20 scoring | est $64.01/day | offers $629 | committed $1000/1000 | naked $234 | funded 7/20 | verified 100.0% (19v/0u)
01:36:42 INFO sweep | 5/20 scoring | est $63.11/day | offers $629 | committed $1000/1000 | naked $234 | funded 7/20 | verified 100.0% (19v/0u)
01:37:05 INFO sweep | 5/20 scoring | est $64.64/day | offers $629 | committed $1000/1000 | naked $234 | funded 7/20 | verified 100.0% (19v/0u)
01:37:27 INFO sweep | 5/20 scoring | est $64.64/day | offers $629 | committed $1000/1000 | naked $234 | funded 7/20 | verified 100.0% (19v/0u)
01:37:49 INFO sweep | 5/20 scoring | est $63.34/day | offers $629 | committed $1000/1000 | naked $234 | funded 7/20 | verified 100.0% (19v/0u)
01:38:12 INFO sweep | 5/20 scoring | est $65.24/day | offers $629 | committed $1000/1000 | naked $234 | funded 7/20 | verified 100.0% (19v/0u)
01:38:35 INFO sweep | 5/20 scoring | est $65.83/day | offers $629 | committed $1000/1000 | naked $234 | funded 7/20 | verified 100.0% (19v/0u)
01:38:57 INFO sweep | 5/20 scoring | est $68.78/day | offers $629 | committed $1000/1000 | naked $234 | funded 7/20 | verified 100.0% (19v/0u)
01:39:21 INFO sweep | 5/20 scoring | est $68.28/day | offers $629 | committed $1000/1000 | naked $234 | funded 7/20 | verified 100.0% (19v/0u)
01:39:43 INFO sweep | 5/20 scoring | est $67.62/day | offers $629 | committed $1000/1000 | naked $234 | funded 7/20 | verified 100.0% (19v/0u)
01:40:05 INFO sweep | 5/20 scoring | est $64.77/day | offers $629 | committed $1000/1000 | naked $234 | funded 7/20 | verified 100.0% (19v/0u)
01:40:29 INFO sweep | 5/20 scoring | est $64.77/day | offers $629 | committed $1000/1000 | naked $234 | funded 7/20 | verified 100.0% (19v/0u)
01:40:51 INFO sweep | 5/20 scoring | est $64.78/day | offers $629 | committed $1000/1000 | naked $234 | funded 7/20 | verified 100.0% (19v/0u)
01:41:14 INFO sweep | 5/20 scoring | est $63.63/day | offers $629 | committed $1000/1000 | naked $234 | funded 7/20 | verified 100.0% (19v/0u)
01:41:38 INFO sweep | 5/20 scoring | est $78.14/day | offers $629 | committed $1000/1000 | naked $234 | funded 7/20 | verified 100.0% (19v/0u)
01:42:00 INFO sweep | 5/20 scoring | est $55.78/day | offers $629 | committed $1000/1000 | naked $234 | funded 7/20 | verified 100.0% (19v/0u)
01:42:23 INFO sweep | 5/20 scoring | est $58.93/day | offers $629 | committed $1000/1000 | naked $234 | funded 7/20 | verified 100.0% (19v/0u)
01:42:49 INFO sweep | 5/20 scoring | est $63.25/day | offers $629 | committed $1000/1000 | naked $234 | funded 7/20 | verified 100.0% (19v/0u)
01:43:12 INFO sweep | 5/20 scoring | est $64.12/day | offers $629 | committed $1000/1000 | naked $234 | funded 7/20 | verified 100.0% (19v/0u)
01:43:34 INFO sweep | 5/20 scoring | est $62.01/day | offers $629 | committed $1000/1000 | naked $234 | funded 7/20 | verified 100.0% (19v/0u)
01:43:58 INFO sweep | 5/20 scoring | est $69.35/day | offers $629 | committed $1000/1000 | naked $234 | funded 7/20 | verified 100.0% (19v/0u)
01:44:20 INFO sweep | 5/20 scoring | est $69.18/day | offers $629 | committed $1000/1000 | naked $234 | funded 7/20 | verified 100.0% (19v/0u)
01:44:43 INFO sweep | 5/20 scoring | est $59.48/day | offers $629 | committed $1000/1000 | naked $234 | funded 7/20 | verified 100.0% (19v/0u)
01:45:06 INFO sweep | 5/20 scoring | est $58.26/day | offers $629 | committed $1000/1000 | naked $234 | funded 7/20 | verified 100.0% (19v/0u)
01:45:28 INFO sweep | 5/20 scoring | est $78.91/day | offers $629 | committed $1000/1000 | naked $234 | funded 7/20 | verified 100.0% (19v/0u)
01:45:51 INFO sweep | 5/20 scoring | est $73.51/day | offers $629 | committed $1000/1000 | naked $234 | funded 7/20 | verified 100.0% (19v/0u)
01:46:14 INFO sweep | 5/20 scoring | est $38.35/day | offers $629 | committed $1000/1000 | naked $234 | funded 7/20 | verified 100.0% (19v/0u)
01:46:36 INFO sweep | 5/20 scoring | est $37.40/day | offers $629 | committed $1000/1000 | naked $234 | funded 7/20 | verified 100.0% (19v/0u)
01:46:58 INFO sweep | 5/20 scoring | est $40.26/day | offers $629 | committed $1000/1000 | naked $234 | funded 7/20 | verified 100.0% (19v/0u)
01:47:22 INFO sweep | 5/20 scoring | est $42.20/day | offers $629 | committed $1000/1000 | naked $234 | funded 7/20 | verified 100.0% (19v/0u)
01:47:44 INFO sweep | 5/20 scoring | est $42.91/day | offers $629 | committed $1000/1000 | naked $234 | funded 7/20 | verified 100.0% (19v/0u)
01:48:06 INFO sweep | 5/20 scoring | est $40.75/day | offers $629 | committed $1000/1000 | naked $234 | funded 7/20 | verified 100.0% (19v/0u)
01:48:29 INFO sweep | 5/20 scoring | est $42.86/day | offers $629 | committed $1000/1000 | naked $234 | funded 7/20 | verified 100.0% (19v/0u)
01:48:52 INFO sweep | 5/20 scoring | est $41.57/day | offers $629 | committed $1000/1000 | naked $234 | funded 7/20 | verified 100.0% (19v/0u)
01:49:14 INFO sweep | 5/20 scoring | est $40.96/day | offers $629 | committed $1000/1000 | naked $234 | funded 7/20 | verified 100.0% (19v/0u)
01:49:37 INFO sweep | 5/20 scoring | est $41.67/day | offers $629 | committed $1000/1000 | naked $234 | funded 7/20 | verified 100.0% (19v/0u)
01:49:59 INFO sweep | 5/20 scoring | est $40.41/day | offers $629 | committed $1000/1000 | naked $234 | funded 7/20 | verified 100.0% (19v/0u)
01:50:22 INFO sweep | 5/20 scoring | est $59.32/day | offers $629 | committed $1000/1000 | naked $234 | funded 7/20 | verified 100.0% (19v/0u)
01:50:45 INFO sweep | 5/20 scoring | est $38.83/day | offers $629 | committed $1000/1000 | naked $234 | funded 7/20 | verified 100.0% (19v/0u)
01:51:07 INFO sweep | 5/20 scoring | est $40.54/day | offers $629 | committed $1000/1000 | naked $234 | funded 7/20 | verified 100.0% (19v/0u)
01:51:30 INFO sweep | 5/20 scoring | est $37.68/day | offers $629 | committed $1000/1000 | naked $234 | funded 7/20 | verified 100.0% (19v/0u)
01:51:53 INFO sweep | 5/20 scoring | est $38.67/day | offers $629 | committed $1000/1000 | naked $234 | funded 7/20 | verified 100.0% (19v/0u)
01:52:15 INFO sweep | 5/20 scoring | est $38.52/day | offers $629 | committed $1000/1000 | naked $234 | funded 7/20 | verified 100.0% (19v/0u)
01:52:38 INFO sweep | 5/20 scoring | est $49.40/day | offers $629 | committed $1000/1000 | naked $234 | funded 7/20 | verified 100.0% (19v/0u)
01:53:02 INFO sweep | 5/20 scoring | est $38.79/day | offers $629 | committed $1000/1000 | naked $234 | funded 7/20 | verified 100.0% (19v/0u)
01:53:24 INFO sweep | 5/20 scoring | est $39.33/day | offers $629 | committed $1000/1000 | naked $234 | funded 7/20 | verified 100.0% (19v/0u)
01:53:47 INFO sweep | 5/20 scoring | est $52.61/day | offers $629 | committed $1000/1000 | naked $234 | funded 7/20 | verified 100.0% (19v/0u)
01:54:10 INFO sweep | 5/20 scoring | est $46.97/day | offers $629 | committed $1000/1000 | naked $234 | funded 7/20 | verified 100.0% (19v/0u)
01:54:33 INFO sweep | 5/20 scoring | est $42.65/day | offers $629 | committed $1000/1000 | naked $234 | funded 7/20 | verified 100.0% (19v/0u)
01:54:55 INFO sweep | 5/20 scoring | est $43.65/day | offers $629 | committed $1000/1000 | naked $234 | funded 7/20 | verified 100.0% (19v/0u)
01:55:19 INFO sweep | 5/20 scoring | est $44.13/day | offers $629 | committed $1000/1000 | naked $234 | funded 7/20 | verified 100.0% (19v/0u)
01:55:41 INFO sweep | 5/20 scoring | est $49.74/day | offers $629 | committed $1000/1000 | naked $234 | funded 7/20 | verified 100.0% (19v/0u)
01:56:03 INFO sweep | 5/20 scoring | est $45.09/day | offers $629 | committed $1000/1000 | naked $234 | funded 7/20 | verified 100.0% (19v/0u)
01:56:27 INFO sweep | 5/20 scoring | est $51.61/day | offers $629 | committed $1000/1000 | naked $234 | funded 7/20 | verified 100.0% (19v/0u)
01:56:50 INFO sweep | 5/20 scoring | est $54.42/day | offers $629 | committed $1000/1000 | naked $234 | funded 7/20 | verified 100.0% (19v/0u)
01:57:13 INFO sweep | 5/20 scoring | est $56.95/day | offers $629 | committed $1000/1000 | naked $234 | funded 7/20 | verified 100.0% (19v/0u)
01:57:37 INFO sweep | 5/20 scoring | est $47.89/day | offers $629 | committed $1000/1000 | naked $234 | funded 7/20 | verified 100.0% (19v/0u)
01:57:59 INFO sweep | 5/20 scoring | est $38.32/day | offers $629 | committed $1000/1000 | naked $234 | funded 7/20 | verified 100.0% (19v/0u)
01:58:22 INFO sweep | 5/20 scoring | est $48.93/day | offers $629 | committed $1000/1000 | naked $234 | funded 7/20 | verified 100.0% (19v/0u)
01:58:45 INFO sweep | 5/20 scoring | est $49.35/day | offers $629 | committed $1000/1000 | naked $234 | funded 7/20 | verified 100.0% (19v/0u)
01:59:07 INFO sweep | 5/20 scoring | est $50.88/day | offers $629 | committed $1000/1000 | naked $234 | funded 7/20 | verified 100.0% (19v/0u)
01:59:31 INFO sweep | 5/20 scoring | est $41.19/day | offers $629 | committed $1000/1000 | naked $234 | funded 7/20 | verified 100.0% (19v/0u)
01:59:54 INFO sweep | 5/20 scoring | est $46.77/day | offers $629 | committed $1000/1000 | naked $234 | funded 7/20 | verified 100.0% (19v/0u)
02:00:17 INFO sweep | 5/20 scoring | est $292.03/day | offers $629 | committed $1000/1000 | naked $234 | funded 7/20 | verified 100.0% (19v/0u)
02:00:39 INFO sweep | 5/20 scoring | est $253.45/day | offers $629 | committed $1000/1000 | naked $234 | funded 7/20 | verified 100.0% (19v/0u)
02:01:02 INFO sweep | 5/20 scoring | est $241.49/day | offers $629 | committed $1000/1000 | naked $234 | funded 7/20 | verified 100.0% (19v/0u)
02:01:25 INFO sweep | 5/20 scoring | est $681.06/day | offers $629 | committed $1000/1000 | naked $234 | funded 7/20 | verified 100.0% (19v/0u)
02:01:48 INFO sweep | 5/20 scoring | est $26.15/day | offers $629 | committed $1000/1000 | naked $234 | funded 7/20 | verified 100.0% (19v/0u)
02:02:11 INFO sweep | 5/20 scoring | est $24.86/day | offers $629 | committed $1000/1000 | naked $234 | funded 7/20 | verified 100.0% (19v/0u)
02:02:33 INFO sweep | 5/20 scoring | est $52.61/day | offers $629 | committed $1000/1000 | naked $234 | funded 7/20 | verified 100.0% (19v/0u)
02:02:56 INFO sweep | 5/20 scoring | est $33.30/day | offers $629 | committed $1000/1000 | naked $234 | funded 7/20 | verified 100.0% (19v/0u)
02:03:19 INFO sweep | 5/20 scoring | est $25.68/day | offers $629 | committed $1000/1000 | naked $234 | funded 7/20 | verified 100.0% (19v/0u)
02:03:41 INFO sweep | 5/20 scoring | est $26.34/day | offers $629 | committed $1000/1000 | naked $234 | funded 7/20 | verified 100.0% (19v/0u)
02:04:04 INFO sweep | 5/20 scoring | est $26.28/day | offers $629 | committed $1000/1000 | naked $234 | funded 7/20 | verified 100.0% (19v/0u)
02:04:27 INFO sweep | 5/20 scoring | est $35.69/day | offers $629 | committed $1000/1000 | naked $234 | funded 7/20 | verified 100.0% (19v/0u)
02:04:49 INFO sweep | 5/20 scoring | est $24.59/day | offers $629 | committed $1000/1000 | naked $234 | funded 7/20 | verified 100.0% (19v/0u)
02:05:12 INFO sweep | 5/20 scoring | est $68.96/day | offers $629 | committed $1000/1000 | naked $234 | funded 7/20 | verified 100.0% (19v/0u)
02:05:35 INFO sweep | 5/20 scoring | est $49.81/day | offers $629 | committed $1000/1000 | naked $234 | funded 7/20 | verified 100.0% (19v/0u)
02:05:58 INFO sweep | 5/20 scoring | est $48.46/day | offers $629 | committed $1000/1000 | naked $234 | funded 7/20 | verified 100.0% (19v/0u)
02:06:20 INFO sweep | 5/20 scoring | est $39.83/day | offers $629 | committed $1000/1000 | naked $234 | funded 7/20 | verified 100.0% (19v/0u)
02:06:44 INFO sweep | 5/20 scoring | est $50.47/day | offers $629 | committed $1000/1000 | naked $234 | funded 7/20 | verified 100.0% (19v/0u)
02:07:06 INFO sweep | 5/20 scoring | est $39.14/day | offers $629 | committed $1000/1000 | naked $234 | funded 7/20 | verified 100.0% (19v/0u)
02:07:28 INFO sweep | 5/20 scoring | est $44.06/day | offers $629 | committed $1000/1000 | naked $234 | funded 7/20 | verified 100.0% (19v/0u)
02:07:52 INFO sweep | 5/20 scoring | est $54.96/day | offers $629 | committed $1000/1000 | naked $234 | funded 7/20 | verified 100.0% (19v/0u)
02:08:15 INFO sweep | 5/20 scoring | est $45.64/day | offers $629 | committed $1000/1000 | naked $234 | funded 7/20 | verified 100.0% (19v/0u)
02:08:37 INFO sweep | 5/20 scoring | est $38.55/day | offers $629 | committed $1000/1000 | naked $234 | funded 7/20 | verified 100.0% (19v/0u)
02:09:00 INFO sweep | 5/20 scoring | est $38.42/day | offers $629 | committed $1000/1000 | naked $234 | funded 7/20 | verified 100.0% (19v/0u)
02:09:23 INFO sweep | 5/20 scoring | est $54.12/day | offers $629 | committed $1000/1000 | naked $234 | funded 7/20 | verified 100.0% (19v/0u)
02:09:45 INFO sweep | 5/20 scoring | est $53.06/day | offers $629 | committed $1000/1000 | naked $234 | funded 7/20 | verified 100.0% (19v/0u)
02:10:09 INFO sweep | 5/20 scoring | est $58.55/day | offers $629 | committed $1000/1000 | naked $234 | funded 7/20 | verified 100.0% (19v/0u)
02:10:31 INFO sweep | 5/20 scoring | est $51.23/day | offers $629 | committed $1000/1000 | naked $234 | funded 7/20 | verified 100.0% (19v/0u)
02:10:53 INFO sweep | 5/20 scoring | est $46.87/day | offers $629 | committed $1000/1000 | naked $234 | funded 7/20 | verified 100.0% (19v/0u)
02:11:17 INFO sweep | 5/20 scoring | est $52.84/day | offers $629 | committed $1000/1000 | naked $234 | funded 7/20 | verified 100.0% (19v/0u)
02:11:39 INFO sweep | 5/20 scoring | est $85.36/day | offers $629 | committed $1000/1000 | naked $234 | funded 7/20 | verified 100.0% (19v/0u)
02:12:01 INFO sweep | 5/20 scoring | est $87.95/day | offers $629 | committed $1000/1000 | naked $234 | funded 7/20 | verified 100.0% (19v/0u)
02:12:24 INFO sweep | 5/20 scoring | est $93.07/day | offers $629 | committed $1000/1000 | naked $234 | funded 7/20 | verified 100.0% (19v/0u)
02:12:48 INFO sweep | 5/20 scoring | est $86.97/day | offers $629 | committed $1000/1000 | naked $234 | funded 7/20 | verified 100.0% (19v/0u)
02:13:10 INFO sweep | 5/20 scoring | est $160.42/day | offers $629 | committed $1000/1000 | naked $234 | funded 7/20 | verified 100.0% (19v/0u)
02:13:33 INFO sweep | 5/20 scoring | est $83.60/day | offers $629 | committed $1000/1000 | naked $234 | funded 7/20 | verified 100.0% (19v/0u)
02:13:56 INFO sweep | 5/20 scoring | est $71.51/day | offers $629 | committed $1000/1000 | naked $234 | funded 7/20 | verified 100.0% (19v/0u)
02:14:19 INFO sweep | 5/20 scoring | est $71.73/day | offers $629 | committed $1000/1000 | naked $234 | funded 7/20 | verified 100.0% (19v/0u)
02:14:42 INFO sweep | 5/20 scoring | est $70.88/day | offers $629 | committed $1000/1000 | naked $234 | funded 7/20 | verified 100.0% (19v/0u)
02:15:05 INFO sweep | 5/20 scoring | est $37.01/day | offers $629 | committed $1000/1000 | naked $234 | funded 7/20 | verified 100.0% (19v/0u)
02:15:27 INFO sweep | 5/20 scoring | est $33.53/day | offers $629 | committed $1000/1000 | naked $234 | funded 7/20 | verified 100.0% (19v/0u)
02:15:51 INFO sweep | 5/20 scoring | est $34.23/day | offers $629 | committed $1000/1000 | naked $234 | funded 7/20 | verified 100.0% (19v/0u)
02:16:13 INFO sweep | 5/20 scoring | est $31.92/day | offers $629 | committed $1000/1000 | naked $234 | funded 6/20 | verified 100.0% (19v/0u)
02:16:37 INFO sweep | 4/20 scoring | est $31.13/day | offers $517 | committed $888/1000 | naked $234 | funded 7/20 | verified 100.0% (19v/0u)
02:17:00 INFO sweep | 5/20 scoring | est $33.03/day | offers $629 | committed $999/1000 | naked $234 | funded 6/20 | verified 100.0% (19v/0u)
02:17:22 INFO sweep | 4/20 scoring | est $31.06/day | offers $518 | committed $889/1000 | naked $234 | funded 6/20 | verified 100.0% (19v/0u)
02:17:44 INFO sweep | 4/20 scoring | est $31.07/day | offers $518 | committed $889/1000 | naked $234 | funded 6/20 | verified 100.0% (19v/0u)
02:18:07 INFO sweep | 4/20 scoring | est $31.74/day | offers $518 | committed $889/1000 | naked $234 | funded 6/20 | verified 100.0% (19v/0u)
02:18:30 INFO sweep | 4/20 scoring | est $42.98/day | offers $518 | committed $889/1000 | naked $234 | funded 6/20 | verified 100.0% (19v/0u)
02:18:52 INFO sweep | 4/20 scoring | est $41.88/day | offers $518 | committed $889/1000 | naked $234 | funded 6/20 | verified 100.0% (19v/0u)
02:19:15 INFO sweep | 4/20 scoring | est $41.75/day | offers $518 | committed $889/1000 | naked $234 | funded 6/20 | verified 100.0% (19v/0u)
02:19:38 INFO sweep | 4/20 scoring | est $37.37/day | offers $517 | committed $888/1000 | naked $234 | funded 6/20 | verified 100.0% (19v/0u)
02:20:00 INFO sweep | 4/20 scoring | est $37.67/day | offers $517 | committed $888/1000 | naked $234 | funded 6/20 | verified 100.0% (19v/0u)
02:20:23 INFO sweep | 4/20 scoring | est $109.43/day | offers $517 | committed $888/1000 | naked $234 | funded 6/20 | verified 100.0% (19v/0u)
02:20:45 INFO sweep | 4/20 scoring | est $173.99/day | offers $517 | committed $888/1000 | naked $234 | funded 6/20 | verified 100.0% (19v/0u)
02:21:08 INFO sweep | 4/20 scoring | est $53.37/day | offers $517 | committed $888/1000 | naked $234 | funded 6/20 | verified 100.0% (19v/0u)
02:21:31 INFO sweep | 4/20 scoring | est $39.93/day | offers $517 | committed $888/1000 | naked $234 | funded 6/20 | verified 100.0% (19v/0u)
02:21:53 INFO sweep | 4/20 scoring | est $39.99/day | offers $517 | committed $888/1000 | naked $234 | funded 6/20 | verified 100.0% (19v/0u)
02:22:15 INFO sweep | 4/20 scoring | est $40.44/day | offers $517 | committed $888/1000 | naked $234 | funded 6/20 | verified 100.0% (19v/0u)
02:22:38 INFO sweep | 4/20 scoring | est $49.26/day | offers $518 | committed $889/1000 | naked $234 | funded 6/20 | verified 100.0% (19v/0u)
02:23:01 INFO sweep | 4/20 scoring | est $38.17/day | offers $518 | committed $889/1000 | naked $234 | funded 6/20 | verified 100.0% (19v/0u)
02:23:23 INFO sweep | 4/20 scoring | est $38.11/day | offers $518 | committed $889/1000 | naked $234 | funded 6/20 | verified 100.0% (19v/0u)
02:23:47 INFO sweep | 4/20 scoring | est $42.90/day | offers $518 | committed $889/1000 | naked $234 | funded 6/20 | verified 100.0% (19v/0u)
02:24:09 INFO sweep | 4/20 scoring | est $60.10/day | offers $518 | committed $889/1000 | naked $234 | funded 6/20 | verified 100.0% (19v/0u)
02:24:31 INFO sweep | 4/20 scoring | est $48.65/day | offers $518 | committed $889/1000 | naked $234 | funded 6/20 | verified 100.0% (19v/0u)
02:24:54 INFO sweep | 4/20 scoring | est $40.72/day | offers $518 | committed $889/1000 | naked $234 | funded 6/20 | verified 100.0% (19v/0u)
02:25:17 INFO sweep | 4/20 scoring | est $41.56/day | offers $518 | committed $889/1000 | naked $234 | funded 6/20 | verified 100.0% (19v/0u)
02:25:40 INFO sweep | 4/20 scoring | est $38.34/day | offers $518 | committed $889/1000 | naked $234 | funded 6/20 | verified 100.0% (19v/0u)
02:26:03 INFO sweep | 4/20 scoring | est $35.52/day | offers $518 | committed $889/1000 | naked $234 | funded 6/20 | verified 100.0% (19v/0u)
02:26:25 INFO sweep | 4/20 scoring | est $36.03/day | offers $518 | committed $889/1000 | naked $234 | funded 6/20 | verified 100.0% (19v/0u)
02:26:48 INFO sweep | 4/20 scoring | est $35.78/day | offers $518 | committed $889/1000 | naked $234 | funded 6/20 | verified 100.0% (19v/0u)
02:27:12 INFO sweep | 4/20 scoring | est $36.71/day | offers $518 | committed $889/1000 | naked $234 | funded 6/20 | verified 100.0% (19v/0u)
02:27:34 INFO sweep | 4/20 scoring | est $42.30/day | offers $518 | committed $889/1000 | naked $234 | funded 6/20 | verified 100.0% (19v/0u)
02:27:57 INFO sweep | 4/20 scoring | est $40.55/day | offers $518 | committed $889/1000 | naked $234 | funded 6/20 | verified 100.0% (19v/0u)
02:28:20 INFO sweep | 4/20 scoring | est $55.61/day | offers $518 | committed $889/1000 | naked $234 | funded 6/20 | verified 100.0% (19v/0u)
02:28:43 INFO sweep | 4/20 scoring | est $35.85/day | offers $518 | committed $889/1000 | naked $234 | funded 6/20 | verified 100.0% (19v/0u)
02:29:05 INFO sweep | 4/20 scoring | est $50.62/day | offers $518 | committed $889/1000 | naked $234 | funded 6/20 | verified 100.0% (19v/0u)
02:29:28 INFO sweep | 4/20 scoring | est $50.59/day | offers $518 | committed $889/1000 | naked $234 | funded 6/20 | verified 100.0% (19v/0u)
02:29:50 INFO sweep | 4/20 scoring | est $42.02/day | offers $518 | committed $889/1000 | naked $234 | funded 6/20 | verified 100.0% (19v/0u)
02:30:13 INFO sweep | 4/20 scoring | est $46.24/day | offers $518 | committed $889/1000 | naked $234 | funded 6/20 | verified 100.0% (19v/0u)
02:30:36 INFO sweep | 4/20 scoring | est $47.13/day | offers $518 | committed $889/1000 | naked $234 | funded 6/20 | verified 100.0% (19v/0u)
02:30:58 INFO sweep | 4/20 scoring | est $45.55/day | offers $518 | committed $889/1000 | naked $234 | funded 6/20 | verified 100.0% (19v/0u)
02:31:20 INFO sweep | 4/20 scoring | est $43.87/day | offers $518 | committed $889/1000 | naked $234 | funded 6/20 | verified 100.0% (19v/0u)
02:31:44 INFO sweep | 4/20 scoring | est $40.84/day | offers $518 | committed $889/1000 | naked $234 | funded 6/20 | verified 100.0% (19v/0u)
02:32:06 INFO sweep | 4/20 scoring | est $40.42/day | offers $518 | committed $889/1000 | naked $234 | funded 6/20 | verified 100.0% (19v/0u)
02:32:28 INFO sweep | 4/20 scoring | est $31.23/day | offers $518 | committed $889/1000 | naked $234 | funded 6/20 | verified 100.0% (19v/0u)
02:32:51 INFO sweep | 4/20 scoring | est $37.45/day | offers $518 | committed $889/1000 | naked $234 | funded 6/20 | verified 100.0% (19v/0u)
02:33:14 INFO sweep | 4/20 scoring | est $30.80/day | offers $518 | committed $889/1000 | naked $234 | funded 6/20 | verified 100.0% (19v/0u)
02:33:36 INFO sweep | 4/20 scoring | est $37.13/day | offers $518 | committed $889/1000 | naked $234 | funded 6/20 | verified 100.0% (19v/0u)
02:33:59 INFO sweep | 4/20 scoring | est $37.31/day | offers $518 | committed $889/1000 | naked $234 | funded 6/20 | verified 100.0% (19v/0u)
02:34:21 INFO sweep | 4/20 scoring | est $36.87/day | offers $518 | committed $889/1000 | naked $234 | funded 6/20 | verified 100.0% (19v/0u)
02:34:44 INFO sweep | 4/20 scoring | est $38.00/day | offers $518 | committed $889/1000 | naked $234 | funded 6/20 | verified 100.0% (19v/0u)
02:35:07 INFO sweep | 4/20 scoring | est $38.21/day | offers $518 | committed $889/1000 | naked $234 | funded 6/20 | verified 100.0% (19v/0u)
02:35:29 INFO sweep | 4/20 scoring | est $37.45/day | offers $518 | committed $889/1000 | naked $234 | funded 6/20 | verified 100.0% (19v/0u)
02:35:52 INFO sweep | 4/20 scoring | est $38.41/day | offers $518 | committed $889/1000 | naked $234 | funded 6/20 | verified 100.0% (19v/0u)
02:36:15 INFO sweep | 4/20 scoring | est $35.97/day | offers $518 | committed $889/1000 | naked $234 | funded 6/20 | verified 100.0% (19v/0u)
02:36:38 INFO sweep | 4/20 scoring | est $35.57/day | offers $518 | committed $889/1000 | naked $234 | funded 6/20 | verified 100.0% (19v/0u)
02:37:01 INFO sweep | 4/20 scoring | est $37.55/day | offers $518 | committed $889/1000 | naked $234 | funded 6/20 | verified 100.0% (19v/0u)
02:37:24 INFO sweep | 4/20 scoring | est $36.29/day | offers $518 | committed $889/1000 | naked $234 | funded 6/20 | verified 100.0% (19v/0u)
02:37:47 INFO sweep | 4/20 scoring | est $26.75/day | offers $518 | committed $889/1000 | naked $234 | funded 7/20 | verified 100.0% (19v/0u)
02:38:09 INFO sweep | 4/20 scoring | est $45.92/day | offers $518 | committed $889/1000 | naked $234 | funded 7/20 | verified 100.0% (19v/0u)
02:38:33 INFO sweep | 4/20 scoring | est $47.83/day | offers $518 | committed $889/1000 | naked $234 | funded 7/20 | verified 100.0% (19v/0u)
02:38:55 INFO sweep | 4/20 scoring | est $40.80/day | offers $518 | committed $889/1000 | naked $234 | funded 7/20 | verified 100.0% (19v/0u)
02:39:18 INFO sweep | 4/20 scoring | est $42.78/day | offers $518 | committed $889/1000 | naked $234 | funded 7/20 | verified 100.0% (19v/0u)
02:39:41 INFO sweep | 4/20 scoring | est $41.57/day | offers $518 | committed $889/1000 | naked $234 | funded 7/20 | verified 100.0% (19v/0u)
02:40:03 INFO sweep | 4/20 scoring | est $47.38/day | offers $518 | committed $889/1000 | naked $234 | funded 7/20 | verified 100.0% (19v/0u)
02:40:25 INFO sweep | 4/20 scoring | est $47.08/day | offers $518 | committed $889/1000 | naked $234 | funded 7/20 | verified 100.0% (19v/0u)
02:40:48 INFO sweep | 4/20 scoring | est $46.12/day | offers $518 | committed $889/1000 | naked $234 | funded 7/20 | verified 100.0% (19v/0u)
02:41:11 INFO sweep | 4/20 scoring | est $45.66/day | offers $518 | committed $889/1000 | naked $234 | funded 7/20 | verified 100.0% (19v/0u)
02:41:35 INFO sweep | 4/20 scoring | est $45.40/day | offers $518 | committed $889/1000 | naked $234 | funded 7/20 | verified 100.0% (19v/0u)
02:41:59 INFO sweep | 4/20 scoring | est $33.54/day | offers $518 | committed $889/1000 | naked $234 | funded 7/20 | verified 100.0% (19v/0u)
02:42:21 INFO sweep | 4/20 scoring | est $43.22/day | offers $518 | committed $889/1000 | naked $234 | funded 7/20 | verified 100.0% (19v/0u)
02:42:45 INFO sweep | 4/20 scoring | est $34.28/day | offers $518 | committed $889/1000 | naked $234 | funded 7/20 | verified 100.0% (19v/0u)
02:43:08 INFO sweep | 4/20 scoring | est $33.32/day | offers $518 | committed $889/1000 | naked $234 | funded 7/20 | verified 100.0% (19v/0u)
02:43:30 INFO sweep | 4/20 scoring | est $37.89/day | offers $518 | committed $889/1000 | naked $234 | funded 7/20 | verified 100.0% (19v/0u)
02:43:52 INFO sweep | 4/20 scoring | est $29.49/day | offers $518 | committed $889/1000 | naked $234 | funded 7/20 | verified 100.0% (19v/0u)
02:44:16 INFO sweep | 4/20 scoring | est $30.06/day | offers $518 | committed $889/1000 | naked $234 | funded 7/20 | verified 100.0% (19v/0u)
02:44:39 INFO sweep | 4/20 scoring | est $29.90/day | offers $518 | committed $889/1000 | naked $234 | funded 7/20 | verified 100.0% (19v/0u)
02:45:07 INFO sweep | 4/20 scoring | est $35.34/day | offers $518 | committed $889/1000 | naked $234 | funded 7/20 | verified 100.0% (19v/0u)
02:45:33 INFO sweep | 4/20 scoring | est $42.01/day | offers $518 | committed $889/1000 | naked $234 | funded 7/20 | verified 100.0% (19v/0u)
02:45:56 INFO sweep | 4/20 scoring | est $35.58/day | offers $518 | committed $889/1000 | naked $234 | funded 7/20 | verified 100.0% (19v/0u)
02:46:18 INFO sweep | 4/20 scoring | est $33.27/day | offers $518 | committed $889/1000 | naked $234 | funded 7/20 | verified 100.0% (19v/0u)
02:46:41 INFO sweep | 4/20 scoring | est $32.04/day | offers $518 | committed $889/1000 | naked $234 | funded 7/20 | verified 100.0% (19v/0u)
02:47:04 INFO sweep | 4/20 scoring | est $26.24/day | offers $518 | committed $889/1000 | naked $234 | funded 7/20 | verified 100.0% (19v/0u)
02:47:26 INFO sweep | 4/20 scoring | est $46.42/day | offers $518 | committed $889/1000 | naked $234 | funded 7/20 | verified 100.0% (19v/0u)
02:47:50 INFO sweep | 4/20 scoring | est $46.14/day | offers $518 | committed $889/1000 | naked $234 | funded 7/20 | verified 100.0% (19v/0u)
02:48:12 INFO sweep | 4/20 scoring | est $46.79/day | offers $518 | committed $889/1000 | naked $234 | funded 7/20 | verified 100.0% (19v/0u)
02:48:35 INFO sweep | 4/20 scoring | est $49.09/day | offers $518 | committed $889/1000 | naked $234 | funded 7/20 | verified 100.0% (19v/0u)
02:49:01 INFO sweep | 4/20 scoring | est $47.12/day | offers $518 | committed $889/1000 | naked $234 | funded 7/20 | verified 100.0% (19v/0u)
02:49:24 INFO sweep | 4/20 scoring | est $41.10/day | offers $518 | committed $889/1000 | naked $234 | funded 7/20 | verified 100.0% (19v/0u)
02:49:47 INFO sweep | 4/20 scoring | est $44.83/day | offers $518 | committed $889/1000 | naked $234 | funded 7/20 | verified 100.0% (19v/0u)
02:50:10 INFO sweep | 4/20 scoring | est $46.39/day | offers $518 | committed $889/1000 | naked $234 | funded 7/20 | verified 100.0% (19v/0u)
02:50:33 INFO sweep | 4/20 scoring | est $46.93/day | offers $518 | committed $889/1000 | naked $234 | funded 7/20 | verified 100.0% (19v/0u)
02:50:55 INFO sweep | 4/20 scoring | est $44.98/day | offers $518 | committed $889/1000 | naked $234 | funded 7/20 | verified 100.0% (19v/0u)
02:51:19 INFO sweep | 4/20 scoring | est $39.26/day | offers $517 | committed $888/1000 | naked $234 | funded 7/20 | verified 100.0% (19v/0u)
02:51:42 INFO sweep | 4/20 scoring | est $40.79/day | offers $518 | committed $889/1000 | naked $234 | funded 7/20 | verified 100.0% (19v/0u)
02:52:04 INFO sweep | 4/20 scoring | est $41.91/day | offers $517 | committed $888/1000 | naked $234 | funded 7/20 | verified 100.0% (19v/0u)
02:52:28 INFO sweep | 4/20 scoring | est $37.93/day | offers $518 | committed $889/1000 | naked $234 | funded 7/20 | verified 100.0% (19v/0u)
02:52:50 INFO sweep | 4/20 scoring | est $34.78/day | offers $517 | committed $888/1000 | naked $234 | funded 7/20 | verified 100.0% (19v/0u)
02:53:13 INFO sweep | 4/20 scoring | est $35.59/day | offers $517 | committed $888/1000 | naked $234 | funded 7/20 | verified 100.0% (19v/0u)
02:53:37 INFO sweep | 4/20 scoring | est $35.43/day | offers $517 | committed $888/1000 | naked $234 | funded 7/20 | verified 100.0% (19v/0u)
02:54:00 INFO sweep | 4/20 scoring | est $38.10/day | offers $518 | committed $889/1000 | naked $234 | funded 7/20 | verified 100.0% (19v/0u)
02:54:23 INFO sweep | 4/20 scoring | est $37.85/day | offers $518 | committed $889/1000 | naked $234 | funded 7/20 | verified 100.0% (19v/0u)
02:54:46 INFO sweep | 4/20 scoring | est $38.39/day | offers $518 | committed $889/1000 | naked $234 | funded 7/20 | verified 100.0% (19v/0u)
02:55:09 INFO sweep | 4/20 scoring | est $26.86/day | offers $518 | committed $889/1000 | naked $234 | funded 7/20 | verified 100.0% (19v/0u)
02:55:32 INFO sweep | 4/20 scoring | est $27.87/day | offers $518 | committed $889/1000 | naked $234 | funded 7/20 | verified 100.0% (19v/0u)
02:55:55 INFO sweep | 4/20 scoring | est $22.02/day | offers $518 | committed $889/1000 | naked $234 | funded 7/20 | verified 100.0% (19v/0u)
02:56:18 INFO sweep | 4/20 scoring | est $25.69/day | offers $518 | committed $889/1000 | naked $234 | funded 7/20 | verified 100.0% (19v/0u)
02:56:42 INFO sweep | 4/20 scoring | est $26.52/day | offers $518 | committed $889/1000 | naked $234 | funded 7/20 | verified 100.0% (19v/0u)
02:57:06 INFO sweep | 4/20 scoring | est $59.98/day | offers $518 | committed $889/1000 | naked $234 | funded 7/20 | verified 100.0% (19v/0u)
02:57:29 INFO sweep | 4/20 scoring | est $41.85/day | offers $518 | committed $889/1000 | naked $234 | funded 7/20 | verified 100.0% (19v/0u)
02:57:52 INFO sweep | 4/20 scoring | est $68.31/day | offers $518 | committed $889/1000 | naked $234 | funded 7/20 | verified 100.0% (19v/0u)
02:58:15 INFO sweep | 4/20 scoring | est $47.88/day | offers $518 | committed $889/1000 | naked $234 | funded 7/20 | verified 100.0% (19v/0u)
02:58:39 INFO sweep | 4/20 scoring | est $59.91/day | offers $518 | committed $889/1000 | naked $234 | funded 7/20 | verified 100.0% (19v/0u)
02:59:01 INFO sweep | 4/20 scoring | est $27.37/day | offers $518 | committed $889/1000 | naked $234 | funded 7/20 | verified 100.0% (19v/0u)
02:59:24 INFO sweep | 4/20 scoring | est $31.76/day | offers $520 | committed $890/1000 | naked $234 | funded 7/20 | verified 100.0% (19v/0u)
02:59:47 INFO sweep | 4/20 scoring | est $27.14/day | offers $518 | committed $889/1000 | naked $234 | funded 7/20 | verified 100.0% (19v/0u)
03:00:09 INFO sweep | 4/20 scoring | est $22.79/day | offers $518 | committed $889/1000 | naked $234 | funded 7/20 | verified 100.0% (19v/0u)
03:00:33 INFO sweep | 4/20 scoring | est $23.30/day | offers $520 | committed $890/1000 | naked $234 | funded 7/20 | verified 100.0% (19v/0u)
03:00:55 INFO sweep | 4/20 scoring | est $23.54/day | offers $520 | committed $890/1000 | naked $234 | funded 7/20 | verified 100.0% (19v/0u)
03:01:18 INFO sweep | 4/20 scoring | est $23.22/day | offers $520 | committed $890/1000 | naked $234 | funded 7/20 | verified 100.0% (19v/0u)
03:01:41 INFO sweep | 4/20 scoring | est $23.62/day | offers $520 | committed $890/1000 | naked $234 | funded 7/20 | verified 100.0% (19v/0u)
03:02:04 INFO sweep | 4/20 scoring | est $59.81/day | offers $520 | committed $890/1000 | naked $234 | funded 7/20 | verified 100.0% (19v/0u)
03:02:27 INFO sweep | 4/20 scoring | est $52.69/day | offers $520 | committed $890/1000 | naked $234 | funded 7/20 | verified 100.0% (19v/0u)
03:02:50 INFO sweep | 4/20 scoring | est $52.66/day | offers $520 | committed $890/1000 | naked $234 | funded 7/20 | verified 100.0% (19v/0u)
03:03:12 INFO sweep | 4/20 scoring | est $65.31/day | offers $520 | committed $890/1000 | naked $234 | funded 7/20 | verified 100.0% (19v/0u)
03:03:35 INFO sweep | 4/20 scoring | est $43.09/day | offers $520 | committed $890/1000 | naked $234 | funded 7/20 | verified 100.0% (19v/0u)
03:03:59 INFO sweep | 4/20 scoring | est $157.79/day | offers $520 | committed $890/1000 | naked $234 | funded 7/20 | verified 100.0% (19v/0u)
03:04:22 INFO sweep | 4/20 scoring | est $107.50/day | offers $520 | committed $890/1000 | naked $234 | funded 7/20 | verified 100.0% (19v/0u)
03:04:44 INFO sweep | 4/20 scoring | est $28.74/day | offers $520 | committed $890/1000 | naked $234 | funded 7/20 | verified 100.0% (19v/0u)
03:05:07 INFO sweep | 4/20 scoring | est $1072.23/day | offers $520 | committed $890/1000 | naked $234 | funded 7/20 | verified 100.0% (19v/0u)
03:05:30 INFO sweep | 4/20 scoring | est $2101.75/day | offers $520 | committed $890/1000 | naked $234 | funded 7/20 | verified 100.0% (19v/0u)
03:05:52 INFO sweep | 4/20 scoring | est $21.71/day | offers $520 | committed $890/1000 | naked $234 | funded 7/20 | verified 100.0% (19v/0u)
03:06:16 INFO sweep | 4/20 scoring | est $21.54/day | offers $520 | committed $890/1000 | naked $234 | funded 7/20 | verified 100.0% (19v/0u)
03:06:39 INFO sweep | 4/20 scoring | est $21.45/day | offers $520 | committed $890/1000 | naked $234 | funded 7/20 | verified 100.0% (19v/0u)
03:07:02 INFO sweep | 4/20 scoring | est $21.56/day | offers $520 | committed $890/1000 | naked $234 | funded 7/20 | verified 100.0% (19v/0u)
03:07:25 INFO sweep | 4/20 scoring | est $45.52/day | offers $520 | committed $890/1000 | naked $234 | funded 7/20 | verified 100.0% (19v/0u)
03:07:48 INFO sweep | 4/20 scoring | est $23.05/day | offers $520 | committed $890/1000 | naked $234 | funded 7/20 | verified 100.0% (19v/0u)
03:08:11 INFO sweep | 4/20 scoring | est $174.50/day | offers $520 | committed $890/1000 | naked $234 | funded 7/20 | verified 100.0% (19v/0u)
03:08:34 INFO sweep | 4/20 scoring | est $21.06/day | offers $520 | committed $890/1000 | naked $234 | funded 7/20 | verified 100.0% (19v/0u)
03:08:57 INFO sweep | 4/20 scoring | est $21.92/day | offers $520 | committed $890/1000 | naked $234 | funded 7/20 | verified 100.0% (19v/0u)
03:09:20 INFO sweep | 4/20 scoring | est $22.25/day | offers $520 | committed $890/1000 | naked $234 | funded 7/20 | verified 100.0% (19v/0u)
03:09:43 INFO sweep | 4/20 scoring | est $20.76/day | offers $520 | committed $890/1000 | naked $234 | funded 7/20 | verified 100.0% (19v/0u)
03:10:06 INFO sweep | 4/20 scoring | est $42.65/day | offers $520 | committed $890/1000 | naked $234 | funded 7/20 | verified 100.0% (19v/0u)
03:10:28 INFO sweep | 4/20 scoring | est $30.04/day | offers $520 | committed $890/1000 | naked $234 | funded 7/20 | verified 100.0% (19v/0u)
03:10:52 INFO sweep | 4/20 scoring | est $19.93/day | offers $520 | committed $890/1000 | naked $234 | funded 7/20 | verified 100.0% (19v/0u)
03:11:14 INFO sweep | 4/20 scoring | est $1311.56/day | offers $520 | committed $890/1000 | naked $234 | funded 7/20 | verified 100.0% (19v/0u)
03:11:37 INFO sweep | 4/20 scoring | est $20.79/day | offers $520 | committed $890/1000 | naked $234 | funded 7/20 | verified 100.0% (19v/0u)
03:12:01 INFO sweep | 4/20 scoring | est $20.89/day | offers $520 | committed $890/1000 | naked $234 | funded 7/20 | verified 100.0% (19v/0u)
03:12:24 INFO sweep | 4/20 scoring | est $21.12/day | offers $520 | committed $890/1000 | naked $234 | funded 7/20 | verified 100.0% (19v/0u)
03:12:49 INFO sweep | 4/20 scoring | est $2296.05/day | offers $518 | committed $889/1000 | naked $234 | funded 7/20 | verified 100.0% (19v/0u)
03:13:12 INFO sweep | 4/20 scoring | est $21.16/day | offers $520 | committed $890/1000 | naked $234 | funded 7/20 | verified 100.0% (19v/0u)
03:13:35 INFO sweep | 4/20 scoring | est $21.67/day | offers $520 | committed $890/1000 | naked $234 | funded 7/20 | verified 100.0% (19v/0u)
03:13:57 INFO sweep | 3/20 scoring | est $20.14/day | offers $389 | committed $759/1000 | naked $234 | funded 7/20 | verified 100.0% (19v/0u)
03:14:20 INFO sweep | 4/20 scoring | est $21.82/day | offers $520 | committed $890/1000 | naked $234 | funded 7/20 | verified 100.0% (19v/0u)
03:14:43 INFO sweep | 4/20 scoring | est $22.44/day | offers $520 | committed $890/1000 | naked $234 | funded 7/20 | verified 100.0% (19v/0u)
03:15:05 INFO sweep | 4/20 scoring | est $22.25/day | offers $520 | committed $890/1000 | naked $234 | funded 7/20 | verified 100.0% (19v/0u)
03:15:29 INFO sweep | 4/20 scoring | est $22.85/day | offers $520 | committed $890/1000 | naked $234 | funded 7/20 | verified 100.0% (19v/0u)
03:15:51 INFO sweep | 4/20 scoring | est $65.64/day | offers $521 | committed $892/1000 | naked $234 | funded 7/20 | verified 100.0% (19v/0u)
03:16:14 INFO sweep | 4/20 scoring | est $66.21/day | offers $520 | committed $890/1000 | naked $234 | funded 7/20 | verified 100.0% (19v/0u)
03:16:25 WARNING pulse write failed: PermissionError: [WinError 5] Access is denied: 'C:\\Users\\Tiger\\Agents\\Projects\\AI Trading\\maker\\run\\fleet_pulse.tmp' -> 'C:\\Users\\Tiger\\Agents\\Projects\\AI Trading\\maker\\run\\fleet_pulse.json'
03:16:38 INFO sweep | 4/20 scoring | est $23.17/day | offers $520 | committed $890/1000 | naked $234 | funded 7/20 | verified 100.0% (19v/0u)
03:17:00 INFO sweep | 4/20 scoring | est $24.91/day | offers $518 | committed $889/1000 | naked $234 | funded 7/20 | verified 100.0% (19v/0u)
03:17:23 INFO sweep | 4/20 scoring | est $22.39/day | offers $520 | committed $890/1000 | naked $234 | funded 7/20 | verified 100.0% (19v/0u)
03:17:52 INFO sweep | 4/20 scoring | est $24.74/day | offers $520 | committed $890/1000 | naked $234 | funded 7/20 | verified 100.0% (19v/0u)
03:18:15 INFO sweep | 4/20 scoring | est $20.76/day | offers $520 | committed $890/1000 | naked $234 | funded 7/20 | verified 100.0% (19v/0u)
03:18:37 INFO sweep | 4/20 scoring | est $38.25/day | offers $520 | committed $890/1000 | naked $234 | funded 7/20 | verified 100.0% (19v/0u)
03:19:00 INFO sweep | 4/20 scoring | est $20.59/day | offers $520 | committed $890/1000 | naked $234 | funded 7/20 | verified 100.0% (19v/0u)
03:19:22 INFO sweep | 4/20 scoring | est $25.13/day | offers $520 | committed $890/1000 | naked $234 | funded 7/20 | verified 100.0% (19v/0u)
03:19:44 INFO sweep | 4/20 scoring | est $24.43/day | offers $520 | committed $890/1000 | naked $234 | funded 7/20 | verified 100.0% (19v/0u)
03:20:07 INFO sweep | 4/20 scoring | est $18.49/day | offers $520 | committed $890/1000 | naked $234 | funded 7/20 | verified 100.0% (19v/0u)
03:20:30 INFO sweep | 4/20 scoring | est $17.87/day | offers $520 | committed $890/1000 | naked $234 | funded 7/20 | verified 100.0% (19v/0u)
03:20:52 INFO sweep | 4/20 scoring | est $17.54/day | offers $520 | committed $890/1000 | naked $234 | funded 7/20 | verified 100.0% (19v/0u)
03:21:16 INFO sweep | 4/20 scoring | est $17.12/day | offers $520 | committed $890/1000 | naked $234 | funded 7/20 | verified 100.0% (19v/0u)
03:21:38 INFO sweep | 4/20 scoring | est $17.57/day | offers $520 | committed $890/1000 | naked $234 | funded 7/20 | verified 100.0% (19v/0u)
03:22:01 INFO sweep | 4/20 scoring | est $16.86/day | offers $520 | committed $890/1000 | naked $234 | funded 7/20 | verified 100.0% (19v/0u)
03:22:24 INFO sweep | 4/20 scoring | est $34.57/day | offers $520 | committed $890/1000 | naked $234 | funded 7/20 | verified 100.0% (19v/0u)
03:22:46 INFO sweep | 4/20 scoring | est $17.34/day | offers $520 | committed $890/1000 | naked $234 | funded 7/20 | verified 100.0% (19v/0u)
03:23:09 INFO sweep | 4/20 scoring | est $16.51/day | offers $520 | committed $890/1000 | naked $234 | funded 7/20 | verified 100.0% (19v/0u)
03:23:32 INFO sweep | 4/20 scoring | est $20.26/day | offers $520 | committed $890/1000 | naked $234 | funded 7/20 | verified 100.0% (19v/0u)
03:23:55 INFO sweep | 4/20 scoring | est $20.33/day | offers $520 | committed $890/1000 | naked $234 | funded 7/20 | verified 100.0% (19v/0u)
03:24:17 INFO sweep | 4/20 scoring | est $83.36/day | offers $520 | committed $890/1000 | naked $234 | funded 7/20 | verified 100.0% (19v/0u)
03:24:41 INFO sweep | 4/20 scoring | est $19.86/day | offers $520 | committed $890/1000 | naked $234 | funded 7/20 | verified 100.0% (19v/0u)
03:25:04 INFO sweep | 4/20 scoring | est $1839.62/day | offers $520 | committed $890/1000 | naked $234 | funded 7/20 | verified 100.0% (19v/0u)
03:25:27 INFO sweep | 4/20 scoring | est $19.46/day | offers $520 | committed $890/1000 | naked $234 | funded 7/20 | verified 100.0% (19v/0u)
03:25:50 INFO sweep | 4/20 scoring | est $19.74/day | offers $520 | committed $890/1000 | naked $234 | funded 7/20 | verified 100.0% (19v/0u)
03:26:12 INFO sweep | 4/20 scoring | est $19.87/day | offers $520 | committed $890/1000 | naked $234 | funded 6/20 | verified 100.0% (19v/0u)
03:26:35 INFO sweep | 3/20 scoring | est $18.91/day | offers $390 | committed $761/1000 | naked $234 | funded 6/20 | verified 100.0% (19v/0u)
03:26:58 INFO sweep | 3/20 scoring | est $18.98/day | offers $390 | committed $761/1000 | naked $234 | funded 6/20 | verified 100.0% (19v/0u)
03:27:23 INFO sweep | 3/20 scoring | est $18.86/day | offers $390 | committed $761/1000 | naked $234 | funded 6/20 | verified 100.0% (19v/0u)
03:27:47 INFO sweep | 3/20 scoring | est $18.86/day | offers $390 | committed $761/1000 | naked $234 | funded 6/20 | verified 100.0% (19v/0u)
03:28:10 INFO sweep | 3/20 scoring | est $18.86/day | offers $390 | committed $761/1000 | naked $234 | funded 6/20 | verified 100.0% (19v/0u)
03:28:33 INFO sweep | 3/20 scoring | est $18.86/day | offers $390 | committed $761/1000 | naked $234 | funded 6/20 | verified 100.0% (19v/0u)
03:28:56 INFO sweep | 3/20 scoring | est $18.86/day | offers $390 | committed $761/1000 | naked $234 | funded 6/20 | verified 100.0% (19v/0u)
03:29:19 INFO sweep | 3/20 scoring | est $19.13/day | offers $390 | committed $761/1000 | naked $234 | funded 6/20 | verified 100.0% (19v/0u)
03:29:41 INFO sweep | 3/20 scoring | est $19.21/day | offers $390 | committed $761/1000 | naked $234 | funded 6/20 | verified 100.0% (19v/0u)
03:30:04 INFO sweep | 3/20 scoring | est $19.12/day | offers $390 | committed $761/1000 | naked $234 | funded 6/20 | verified 100.0% (19v/0u)
03:30:27 INFO sweep | 3/20 scoring | est $19.12/day | offers $390 | committed $761/1000 | naked $234 | funded 6/20 | verified 100.0% (19v/0u)
03:30:49 INFO sweep | 3/20 scoring | est $19.09/day | offers $390 | committed $761/1000 | naked $234 | funded 6/20 | verified 100.0% (19v/0u)
03:31:11 INFO sweep | 3/20 scoring | est $19.07/day | offers $390 | committed $761/1000 | naked $234 | funded 6/20 | verified 100.0% (19v/0u)
03:31:35 INFO sweep | 3/20 scoring | est $18.57/day | offers $390 | committed $761/1000 | naked $234 | funded 6/20 | verified 100.0% (19v/0u)
03:31:57 INFO sweep | 3/20 scoring | est $18.62/day | offers $390 | committed $761/1000 | naked $234 | funded 6/20 | verified 100.0% (19v/0u)
03:32:19 INFO sweep | 3/20 scoring | est $18.04/day | offers $390 | committed $761/1000 | naked $234 | funded 6/20 | verified 100.0% (19v/0u)
03:32:42 INFO sweep | 3/20 scoring | est $17.97/day | offers $390 | committed $761/1000 | naked $234 | funded 6/20 | verified 100.0% (19v/0u)
03:33:05 INFO sweep | 3/20 scoring | est $18.63/day | offers $390 | committed $761/1000 | naked $234 | funded 6/20 | verified 100.0% (19v/0u)
03:33:27 INFO sweep | 3/20 scoring | est $19.20/day | offers $390 | committed $761/1000 | naked $234 | funded 6/20 | verified 100.0% (19v/0u)
03:33:50 INFO sweep | 3/20 scoring | est $18.63/day | offers $390 | committed $761/1000 | naked $234 | funded 6/20 | verified 100.0% (19v/0u)
03:34:12 INFO sweep | 3/20 scoring | est $18.63/day | offers $390 | committed $761/1000 | naked $234 | funded 6/20 | verified 100.0% (19v/0u)
03:34:35 INFO sweep | 3/20 scoring | est $19.70/day | offers $390 | committed $761/1000 | naked $234 | funded 6/20 | verified 100.0% (19v/0u)
03:34:58 INFO sweep | 3/20 scoring | est $18.49/day | offers $390 | committed $761/1000 | naked $234 | funded 6/20 | verified 100.0% (19v/0u)
03:35:20 INFO sweep | 3/20 scoring | est $18.57/day | offers $390 | committed $761/1000 | naked $234 | funded 6/20 | verified 100.0% (19v/0u)
03:35:43 INFO sweep | 3/20 scoring | est $18.59/day | offers $390 | committed $761/1000 | naked $234 | funded 6/20 | verified 100.0% (19v/0u)
03:36:06 INFO sweep | 3/20 scoring | est $18.59/day | offers $390 | committed $761/1000 | naked $234 | funded 6/20 | verified 100.0% (19v/0u)
03:36:28 INFO sweep | 3/20 scoring | est $18.59/day | offers $390 | committed $761/1000 | naked $234 | funded 6/20 | verified 100.0% (19v/0u)
03:36:50 INFO sweep | 3/20 scoring | est $18.22/day | offers $390 | committed $761/1000 | naked $234 | funded 6/20 | verified 100.0% (19v/0u)
03:37:13 INFO sweep | 3/20 scoring | est $18.26/day | offers $390 | committed $761/1000 | naked $234 | funded 6/20 | verified 100.0% (19v/0u)
03:37:35 INFO sweep | 3/20 scoring | est $18.26/day | offers $390 | committed $761/1000 | naked $234 | funded 6/20 | verified 100.0% (19v/0u)
03:37:58 INFO sweep | 3/20 scoring | est $18.69/day | offers $390 | committed $761/1000 | naked $234 | funded 6/20 | verified 100.0% (19v/0u)
03:38:21 INFO sweep | 3/20 scoring | est $18.85/day | offers $390 | committed $761/1000 | naked $234 | funded 6/20 | verified 100.0% (19v/0u)
03:38:45 INFO sweep | 3/20 scoring | est $18.87/day | offers $390 | committed $761/1000 | naked $234 | funded 6/20 | verified 100.0% (19v/0u)
03:39:09 INFO sweep | 3/20 scoring | est $18.47/day | offers $390 | committed $761/1000 | naked $234 | funded 6/20 | verified 100.0% (19v/0u)
03:39:32 INFO sweep | 3/20 scoring | est $18.41/day | offers $390 | committed $761/1000 | naked $234 | funded 6/20 | verified 100.0% (19v/0u)
03:39:55 INFO sweep | 3/20 scoring | est $18.41/day | offers $390 | committed $761/1000 | naked $234 | funded 6/20 | verified 100.0% (19v/0u)
03:40:17 INFO sweep | 3/20 scoring | est $18.41/day | offers $390 | committed $761/1000 | naked $234 | funded 6/20 | verified 100.0% (19v/0u)
03:40:40 INFO sweep | 3/20 scoring | est $18.41/day | offers $390 | committed $761/1000 | naked $234 | funded 6/20 | verified 100.0% (19v/0u)
03:41:02 INFO sweep | 3/20 scoring | est $18.73/day | offers $390 | committed $761/1000 | naked $234 | funded 6/20 | verified 100.0% (19v/0u)
03:41:24 INFO sweep | 3/20 scoring | est $21.79/day | offers $390 | committed $761/1000 | naked $234 | funded 6/20 | verified 100.0% (19v/0u)
03:41:48 INFO sweep | 3/20 scoring | est $21.79/day | offers $390 | committed $761/1000 | naked $234 | funded 6/20 | verified 100.0% (19v/0u)
03:42:10 INFO sweep | 3/20 scoring | est $22.72/day | offers $390 | committed $761/1000 | naked $234 | funded 6/20 | verified 100.0% (19v/0u)
03:42:33 INFO sweep | 3/20 scoring | est $22.81/day | offers $390 | committed $761/1000 | naked $234 | funded 6/20 | verified 100.0% (19v/0u)
03:42:58 INFO sweep | 3/20 scoring | est $22.90/day | offers $390 | committed $761/1000 | naked $234 | funded 6/20 | verified 100.0% (19v/0u)
03:43:20 INFO sweep | 3/20 scoring | est $22.90/day | offers $390 | committed $761/1000 | naked $234 | funded 6/20 | verified 100.0% (19v/0u)
03:43:43 INFO sweep | 3/20 scoring | est $22.90/day | offers $390 | committed $761/1000 | naked $234 | funded 6/20 | verified 100.0% (19v/0u)
03:44:06 INFO sweep | 3/20 scoring | est $22.72/day | offers $390 | committed $761/1000 | naked $234 | funded 6/20 | verified 100.0% (19v/0u)
03:44:29 INFO sweep | 3/20 scoring | est $22.72/day | offers $390 | committed $761/1000 | naked $234 | funded 6/20 | verified 100.0% (19v/0u)
03:44:51 INFO sweep | 3/20 scoring | est $21.98/day | offers $390 | committed $761/1000 | naked $234 | funded 6/20 | verified 100.0% (19v/0u)
03:45:15 INFO sweep | 3/20 scoring | est $21.98/day | offers $390 | committed $761/1000 | naked $234 | funded 6/20 | verified 100.0% (19v/0u)
03:45:37 INFO sweep | 3/20 scoring | est $22.00/day | offers $390 | committed $761/1000 | naked $234 | funded 6/20 | verified 100.0% (19v/0u)
03:46:00 INFO sweep | 3/20 scoring | est $22.00/day | offers $390 | committed $761/1000 | naked $234 | funded 6/20 | verified 100.0% (19v/0u)
03:46:23 INFO sweep | 3/20 scoring | est $22.00/day | offers $390 | committed $761/1000 | naked $234 | funded 6/20 | verified 100.0% (19v/0u)
03:46:46 INFO sweep | 3/20 scoring | est $22.67/day | offers $390 | committed $761/1000 | naked $234 | funded 6/20 | verified 100.0% (19v/0u)
03:47:09 INFO sweep | 3/20 scoring | est $22.69/day | offers $390 | committed $761/1000 | naked $234 | funded 6/20 | verified 100.0% (19v/0u)
03:47:35 INFO sweep | 3/20 scoring | est $24.47/day | offers $390 | committed $761/1000 | naked $234 | funded 6/20 | verified 100.0% (19v/0u)
03:47:57 INFO sweep | 3/20 scoring | est $24.47/day | offers $390 | committed $761/1000 | naked $234 | funded 6/20 | verified 100.0% (19v/0u)
03:48:20 INFO sweep | 2/20 scoring | est $22.26/day | offers $259 | committed $630/1000 | naked $234 | funded 6/20 | verified 100.0% (19v/0u)
03:48:43 INFO sweep | 3/20 scoring | est $23.89/day | offers $390 | committed $761/1000 | naked $234 | funded 6/20 | verified 100.0% (19v/0u)
03:49:05 INFO sweep | 3/20 scoring | est $23.86/day | offers $390 | committed $761/1000 | naked $234 | funded 6/20 | verified 100.0% (19v/0u)
03:49:28 INFO sweep | 3/20 scoring | est $25.20/day | offers $390 | committed $761/1000 | naked $234 | funded 6/20 | verified 100.0% (19v/0u)
03:49:53 INFO sweep | 3/20 scoring | est $17.69/day | offers $390 | committed $761/1000 | naked $234 | funded 6/20 | verified 100.0% (19v/0u)
03:50:15 INFO sweep | 3/20 scoring | est $17.06/day | offers $390 | committed $761/1000 | naked $234 | funded 6/20 | verified 100.0% (19v/0u)
03:50:37 INFO sweep | 2/20 scoring | est $16.06/day | offers $259 | committed $630/1000 | naked $234 | funded 6/20 | verified 100.0% (19v/0u)
03:51:00 INFO sweep | 3/20 scoring | est $17.59/day | offers $390 | committed $761/1000 | naked $234 | funded 6/20 | verified 100.0% (19v/0u)
03:51:24 INFO sweep | 3/20 scoring | est $16.93/day | offers $390 | committed $761/1000 | naked $234 | funded 6/20 | verified 100.0% (19v/0u)
03:51:46 INFO sweep | 3/20 scoring | est $17.25/day | offers $390 | committed $761/1000 | naked $234 | funded 6/20 | verified 100.0% (19v/0u)
03:52:09 INFO sweep | 3/20 scoring | est $17.25/day | offers $390 | committed $761/1000 | naked $234 | funded 6/20 | verified 100.0% (19v/0u)
03:52:32 INFO sweep | 3/20 scoring | est $17.65/day | offers $390 | committed $761/1000 | naked $234 | funded 6/20 | verified 100.0% (19v/0u)
03:52:54 INFO sweep | 3/20 scoring | est $17.98/day | offers $390 | committed $761/1000 | naked $234 | funded 6/20 | verified 100.0% (19v/0u)
03:53:17 INFO sweep | 3/20 scoring | est $17.98/day | offers $390 | committed $761/1000 | naked $234 | funded 6/20 | verified 100.0% (19v/0u)
03:53:39 INFO sweep | 3/20 scoring | est $17.98/day | offers $390 | committed $761/1000 | naked $234 | funded 6/20 | verified 100.0% (19v/0u)
03:54:01 INFO sweep | 3/20 scoring | est $17.64/day | offers $390 | committed $761/1000 | naked $234 | funded 6/20 | verified 100.0% (19v/0u)
03:54:24 INFO sweep | 3/20 scoring | est $17.89/day | offers $390 | committed $761/1000 | naked $234 | funded 6/20 | verified 100.0% (19v/0u)
03:54:47 INFO sweep | 3/20 scoring | est $18.58/day | offers $390 | committed $761/1000 | naked $234 | funded 6/20 | verified 100.0% (19v/0u)
03:55:09 INFO sweep | 3/20 scoring | est $18.65/day | offers $390 | committed $761/1000 | naked $234 | funded 6/20 | verified 100.0% (19v/0u)
03:55:32 INFO sweep | 3/20 scoring | est $18.65/day | offers $390 | committed $761/1000 | naked $234 | funded 6/20 | verified 100.0% (19v/0u)
03:55:55 INFO sweep | 3/20 scoring | est $19.04/day | offers $390 | committed $761/1000 | naked $234 | funded 6/20 | verified 100.0% (19v/0u)
03:56:17 INFO sweep | 3/20 scoring | est $18.81/day | offers $390 | committed $761/1000 | naked $234 | funded 6/20 | verified 100.0% (19v/0u)
03:56:40 INFO sweep | 3/20 scoring | est $18.81/day | offers $390 | committed $761/1000 | naked $234 | funded 6/20 | verified 100.0% (19v/0u)
03:57:02 INFO sweep | 3/20 scoring | est $18.81/day | offers $390 | committed $761/1000 | naked $234 | funded 6/20 | verified 100.0% (19v/0u)
03:57:24 INFO sweep | 3/20 scoring | est $18.81/day | offers $390 | committed $761/1000 | naked $234 | funded 6/20 | verified 100.0% (19v/0u)
03:57:40 INFO resolved lol-rs-deer-2026-08-03 -> 202345447403
03:57:40 INFO RESOLVE 1 market(s) settled
03:57:49 INFO sweep | 3/20 scoring | est $18.76/day | offers $390 | committed $761/1000 | naked $234 | funded 6/20 | verified 100.0% (19v/0u)
03:58:11 INFO sweep | 3/20 scoring | est $18.03/day | offers $390 | committed $761/1000 | naked $234 | funded 6/20 | verified 100.0% (19v/0u)
03:58:33 INFO sweep | 3/20 scoring | est $18.03/day | offers $390 | committed $761/1000 | naked $234 | funded 6/20 | verified 100.0% (19v/0u)
03:58:56 INFO sweep | 3/20 scoring | est $18.03/day | offers $390 | committed $761/1000 | naked $234 | funded 6/20 | verified 100.0% (19v/0u)
03:59:19 INFO sweep | 3/20 scoring | est $19.85/day | offers $390 | committed $761/1000 | naked $234 | funded 6/20 | verified 100.0% (19v/0u)
03:59:41 INFO sweep | 3/20 scoring | est $19.87/day | offers $390 | committed $761/1000 | naked $234 | funded 6/20 | verified 100.0% (19v/0u)
04:00:04 INFO sweep | 3/20 scoring | est $19.77/day | offers $390 | committed $761/1000 | naked $234 | funded 7/20 | verified 100.0% (19v/0u)
04:00:26 INFO sweep | 3/20 scoring | est $19.73/day | offers $390 | committed $761/1000 | naked $234 | funded 7/20 | verified 100.0% (19v/0u)
04:00:49 INFO sweep | 3/20 scoring | est $19.73/day | offers $390 | committed $761/1000 | naked $234 | funded 7/20 | verified 100.0% (19v/0u)
04:01:12 INFO sweep | 3/20 scoring | est $19.68/day | offers $390 | committed $761/1000 | naked $234 | funded 7/20 | verified 100.0% (19v/0u)
04:01:35 INFO sweep | 3/20 scoring | est $19.68/day | offers $390 | committed $761/1000 | naked $234 | funded 7/20 | verified 100.0% (19v/0u)
04:01:57 INFO sweep | 3/20 scoring | est $19.70/day | offers $390 | committed $761/1000 | naked $234 | funded 7/20 | verified 100.0% (19v/0u)
04:02:20 INFO sweep | 3/20 scoring | est $19.84/day | offers $390 | committed $761/1000 | naked $234 | funded 7/20 | verified 100.0% (19v/0u)
04:02:43 INFO sweep | 3/20 scoring | est $19.84/day | offers $390 | committed $761/1000 | naked $234 | funded 7/20 | verified 100.0% (19v/0u)
04:03:06 INFO sweep | 2/20 scoring | est $18.78/day | offers $259 | committed $630/1000 | naked $234 | funded 7/20 | verified 100.0% (19v/0u)
04:03:28 INFO sweep | 2/20 scoring | est $19.23/day | offers $259 | committed $630/1000 | naked $234 | funded 7/20 | verified 100.0% (19v/0u)
04:03:51 INFO sweep | 2/20 scoring | est $18.77/day | offers $259 | committed $630/1000 | naked $234 | funded 7/20 | verified 100.0% (19v/0u)
04:04:13 INFO sweep | 2/20 scoring | est $18.77/day | offers $259 | committed $630/1000 | naked $234 | funded 7/20 | verified 100.0% (19v/0u)
04:04:36 INFO sweep | 2/20 scoring | est $18.77/day | offers $259 | committed $630/1000 | naked $234 | funded 7/20 | verified 100.0% (19v/0u)
04:04:58 INFO sweep | 2/20 scoring | est $18.77/day | offers $259 | committed $630/1000 | naked $234 | funded 7/20 | verified 100.0% (19v/0u)
04:05:21 INFO sweep | 2/20 scoring | est $18.76/day | offers $259 | committed $630/1000 | naked $234 | funded 7/20 | verified 100.0% (19v/0u)
04:05:44 INFO sweep | 2/20 scoring | est $18.76/day | offers $259 | committed $630/1000 | naked $234 | funded 7/20 | verified 100.0% (19v/0u)
04:06:06 INFO sweep | 2/20 scoring | est $18.76/day | offers $259 | committed $630/1000 | naked $234 | funded 7/20 | verified 100.0% (19v/0u)
04:06:29 INFO sweep | 2/20 scoring | est $18.70/day | offers $259 | committed $630/1000 | naked $234 | funded 7/20 | verified 100.0% (19v/0u)
04:06:52 INFO sweep | 3/20 scoring | est $19.73/day | offers $390 | committed $761/1000 | naked $234 | funded 7/20 | verified 100.0% (19v/0u)
04:07:14 INFO sweep | 3/20 scoring | est $18.71/day | offers $390 | committed $761/1000 | naked $234 | funded 7/20 | verified 100.0% (19v/0u)
04:07:37 INFO sweep | 3/20 scoring | est $18.71/day | offers $390 | committed $761/1000 | naked $234 | funded 7/20 | verified 100.0% (19v/0u)
04:08:01 INFO sweep | 3/20 scoring | est $18.68/day | offers $390 | committed $761/1000 | naked $234 | funded 7/20 | verified 100.0% (19v/0u)
04:08:24 INFO sweep | 2/20 scoring | est $17.65/day | offers $259 | committed $630/1000 | naked $234 | funded 7/20 | verified 100.0% (19v/0u)
04:08:46 INFO sweep | 2/20 scoring | est $17.65/day | offers $259 | committed $630/1000 | naked $234 | funded 7/20 | verified 100.0% (19v/0u)
04:09:09 INFO sweep | 2/20 scoring | est $17.85/day | offers $259 | committed $630/1000 | naked $234 | funded 7/20 | verified 100.0% (19v/0u)
04:09:31 INFO sweep | 2/20 scoring | est $17.85/day | offers $259 | committed $630/1000 | naked $234 | funded 7/20 | verified 100.0% (19v/0u)
04:09:54 INFO sweep | 2/20 scoring | est $17.85/day | offers $259 | committed $630/1000 | naked $234 | funded 7/20 | verified 100.0% (19v/0u)
04:10:17 INFO sweep | 2/20 scoring | est $17.85/day | offers $259 | committed $630/1000 | naked $234 | funded 7/20 | verified 100.0% (19v/0u)
04:10:39 INFO sweep | 2/20 scoring | est $17.85/day | offers $259 | committed $630/1000 | naked $234 | funded 7/20 | verified 100.0% (19v/0u)
04:11:01 INFO sweep | 2/20 scoring | est $17.85/day | offers $259 | committed $630/1000 | naked $234 | funded 7/20 | verified 100.0% (19v/0u)
04:11:24 INFO sweep | 2/20 scoring | est $17.92/day | offers $259 | committed $630/1000 | naked $234 | funded 7/20 | verified 100.0% (19v/0u)
04:11:46 INFO sweep | 2/20 scoring | est $17.83/day | offers $259 | committed $630/1000 | naked $234 | funded 7/20 | verified 100.0% (19v/0u)
04:12:09 INFO sweep | 2/20 scoring | est $17.84/day | offers $259 | committed $630/1000 | naked $234 | funded 7/20 | verified 100.0% (19v/0u)
04:12:32 INFO sweep | 2/20 scoring | est $17.89/day | offers $259 | committed $630/1000 | naked $234 | funded 7/20 | verified 100.0% (19v/0u)
04:12:58 INFO sweep | 2/20 scoring | est $17.89/day | offers $259 | committed $630/1000 | naked $234 | funded 7/20 | verified 100.0% (19v/0u)
04:13:20 INFO sweep | 2/20 scoring | est $17.89/day | offers $259 | committed $630/1000 | naked $234 | funded 7/20 | verified 100.0% (19v/0u)
04:13:44 INFO sweep | 2/20 scoring | est $17.89/day | offers $259 | committed $630/1000 | naked $234 | funded 7/20 | verified 100.0% (19v/0u)
04:14:06 INFO sweep | 2/20 scoring | est $17.89/day | offers $259 | committed $630/1000 | naked $234 | funded 7/20 | verified 100.0% (19v/0u)
04:14:28 INFO sweep | 2/20 scoring | est $18.88/day | offers $259 | committed $630/1000 | naked $234 | funded 7/20 | verified 100.0% (19v/0u)
04:14:51 INFO sweep | 2/20 scoring | est $18.83/day | offers $259 | committed $630/1000 | naked $234 | funded 7/20 | verified 100.0% (19v/0u)
04:15:14 INFO sweep | 2/20 scoring | est $17.73/day | offers $259 | committed $630/1000 | naked $234 | funded 7/20 | verified 100.0% (19v/0u)
04:15:36 INFO sweep | 2/20 scoring | est $17.73/day | offers $259 | committed $630/1000 | naked $234 | funded 7/20 | verified 100.0% (19v/0u)
04:15:59 INFO sweep | 2/20 scoring | est $17.73/day | offers $259 | committed $630/1000 | naked $234 | funded 7/20 | verified 100.0% (19v/0u)
04:16:21 INFO sweep | 2/20 scoring | est $17.81/day | offers $259 | committed $630/1000 | naked $234 | funded 7/20 | verified 100.0% (19v/0u)
04:16:44 INFO sweep | 2/20 scoring | est $17.81/day | offers $259 | committed $630/1000 | naked $234 | funded 7/20 | verified 100.0% (19v/0u)
04:17:07 INFO sweep | 2/20 scoring | est $17.81/day | offers $259 | committed $630/1000 | naked $234 | funded 7/20 | verified 100.0% (19v/0u)
04:17:30 INFO sweep | 2/20 scoring | est $18.10/day | offers $259 | committed $630/1000 | naked $234 | funded 7/20 | verified 100.0% (19v/0u)
04:17:52 INFO sweep | 2/20 scoring | est $17.94/day | offers $259 | committed $630/1000 | naked $234 | funded 7/20 | verified 100.0% (19v/0u)
04:18:18 INFO sweep | 2/20 scoring | est $17.94/day | offers $259 | committed $630/1000 | naked $234 | funded 7/20 | verified 100.0% (19v/0u)
04:18:41 INFO sweep | 2/20 scoring | est $15.30/day | offers $259 | committed $630/1000 | naked $234 | funded 7/20 | verified 100.0% (19v/0u)
04:19:03 INFO sweep | 2/20 scoring | est $15.30/day | offers $259 | committed $630/1000 | naked $234 | funded 7/20 | verified 100.0% (19v/0u)
04:19:26 INFO sweep | 2/20 scoring | est $15.28/day | offers $259 | committed $630/1000 | naked $234 | funded 7/20 | verified 100.0% (19v/0u)
04:19:48 INFO sweep | 2/20 scoring | est $15.14/day | offers $259 | committed $630/1000 | naked $234 | funded 7/20 | verified 100.0% (19v/0u)
04:20:11 INFO sweep | 2/20 scoring | est $15.20/day | offers $259 | committed $630/1000 | naked $234 | funded 7/20 | verified 100.0% (19v/0u)
04:20:34 INFO sweep | 2/20 scoring | est $15.21/day | offers $259 | committed $630/1000 | naked $234 | funded 7/20 | verified 100.0% (19v/0u)
04:20:56 INFO sweep | 2/20 scoring | est $15.21/day | offers $259 | committed $630/1000 | naked $234 | funded 7/20 | verified 100.0% (19v/0u)
04:21:18 INFO sweep | 2/20 scoring | est $15.07/day | offers $259 | committed $630/1000 | naked $234 | funded 7/20 | verified 100.0% (19v/0u)
04:21:41 INFO sweep | 2/20 scoring | est $14.79/day | offers $259 | committed $630/1000 | naked $234 | funded 7/20 | verified 100.0% (19v/0u)
04:22:04 INFO sweep | 2/20 scoring | est $14.81/day | offers $259 | committed $630/1000 | naked $234 | funded 7/20 | verified 100.0% (19v/0u)
04:22:26 INFO sweep | 2/20 scoring | est $14.87/day | offers $259 | committed $630/1000 | naked $234 | funded 7/20 | verified 100.0% (19v/0u)
04:22:49 INFO sweep | 2/20 scoring | est $14.87/day | offers $259 | committed $630/1000 | naked $234 | funded 7/20 | verified 100.0% (19v/0u)
04:23:15 INFO sweep | 2/20 scoring | est $15.15/day | offers $259 | committed $630/1000 | naked $234 | funded 7/20 | verified 100.0% (19v/0u)
04:23:37 INFO sweep | 2/20 scoring | est $15.52/day | offers $259 | committed $630/1000 | naked $234 | funded 7/20 | verified 100.0% (19v/0u)
04:24:00 INFO sweep | 2/20 scoring | est $15.24/day | offers $259 | committed $630/1000 | naked $234 | funded 7/20 | verified 100.0% (19v/0u)
04:24:22 INFO sweep | 2/20 scoring | est $15.15/day | offers $259 | committed $630/1000 | naked $234 | funded 7/20 | verified 100.0% (19v/0u)
04:24:45 INFO sweep | 2/20 scoring | est $15.24/day | offers $259 | committed $630/1000 | naked $234 | funded 7/20 | verified 100.0% (19v/0u)
04:25:08 INFO sweep | 2/20 scoring | est $15.28/day | offers $259 | committed $630/1000 | naked $234 | funded 7/20 | verified 100.0% (19v/0u)
04:25:30 INFO sweep | 2/20 scoring | est $15.28/day | offers $259 | committed $630/1000 | naked $234 | funded 7/20 | verified 100.0% (19v/0u)
04:25:52 INFO sweep | 2/20 scoring | est $15.28/day | offers $259 | committed $630/1000 | naked $234 | funded 7/20 | verified 100.0% (19v/0u)
04:26:15 INFO sweep | 2/20 scoring | est $15.37/day | offers $259 | committed $630/1000 | naked $234 | funded 7/20 | verified 100.0% (19v/0u)
04:26:38 INFO sweep | 2/20 scoring | est $15.11/day | offers $259 | committed $630/1000 | naked $234 | funded 7/20 | verified 100.0% (19v/0u)
04:27:00 INFO sweep | 2/20 scoring | est $15.11/day | offers $259 | committed $630/1000 | naked $234 | funded 7/20 | verified 100.0% (19v/0u)
04:27:23 INFO sweep | 2/20 scoring | est $15.28/day | offers $259 | committed $630/1000 | naked $234 | funded 7/20 | verified 100.0% (19v/0u)
04:27:46 INFO sweep | 2/20 scoring | est $17.23/day | offers $259 | committed $630/1000 | naked $234 | funded 7/20 | verified 100.0% (19v/0u)
04:28:08 INFO sweep | 2/20 scoring | est $20.00/day | offers $259 | committed $630/1000 | naked $234 | funded 7/20 | verified 100.0% (19v/0u)
04:28:31 INFO sweep | 2/20 scoring | est $22.18/day | offers $259 | committed $630/1000 | naked $234 | funded 7/20 | verified 100.0% (19v/0u)
04:28:53 INFO sweep | 2/20 scoring | est $22.18/day | offers $259 | committed $630/1000 | naked $234 | funded 7/20 | verified 100.0% (19v/0u)
04:29:15 INFO sweep | 2/20 scoring | est $18.43/day | offers $259 | committed $630/1000 | naked $234 | funded 7/20 | verified 100.0% (19v/0u)
04:29:38 INFO sweep | 2/20 scoring | est $18.43/day | offers $259 | committed $630/1000 | naked $234 | funded 7/20 | verified 100.0% (19v/0u)
04:30:00 INFO sweep | 2/20 scoring | est $18.43/day | offers $259 | committed $630/1000 | naked $234 | funded 7/20 | verified 100.0% (19v/0u)
04:30:22 INFO sweep | 2/20 scoring | est $18.42/day | offers $259 | committed $630/1000 | naked $234 | funded 7/20 | verified 100.0% (19v/0u)
04:30:45 INFO sweep | 2/20 scoring | est $18.42/day | offers $259 | committed $630/1000 | naked $234 | funded 7/20 | verified 100.0% (19v/0u)
04:31:07 INFO sweep | 2/20 scoring | est $18.42/day | offers $259 | committed $630/1000 | naked $234 | funded 7/20 | verified 100.0% (19v/0u)
04:31:29 INFO sweep | 2/20 scoring | est $18.00/day | offers $259 | committed $630/1000 | naked $234 | funded 7/20 | verified 100.0% (19v/0u)
04:31:52 INFO sweep | 2/20 scoring | est $18.58/day | offers $259 | committed $630/1000 | naked $234 | funded 7/20 | verified 100.0% (19v/0u)
04:32:14 INFO sweep | 2/20 scoring | est $18.58/day | offers $259 | committed $630/1000 | naked $234 | funded 7/20 | verified 100.0% (19v/0u)
04:32:36 INFO sweep | 2/20 scoring | est $23.55/day | offers $259 | committed $630/1000 | naked $234 | funded 7/20 | verified 100.0% (19v/0u)
04:32:58 INFO sweep | 2/20 scoring | est $19.98/day | offers $259 | committed $630/1000 | naked $234 | funded 7/20 | verified 100.0% (19v/0u)
04:33:21 INFO sweep | 2/20 scoring | est $18.94/day | offers $259 | committed $630/1000 | naked $234 | funded 7/20 | verified 100.0% (19v/0u)
04:33:43 INFO sweep | 2/20 scoring | est $18.94/day | offers $259 | committed $630/1000 | naked $234 | funded 7/20 | verified 100.0% (19v/0u)
04:34:05 INFO sweep | 2/20 scoring | est $18.95/day | offers $259 | committed $630/1000 | naked $234 | funded 7/20 | verified 100.0% (19v/0u)
04:34:27 INFO sweep | 2/20 scoring | est $19.14/day | offers $259 | committed $630/1000 | naked $234 | funded 7/20 | verified 100.0% (19v/0u)
04:34:50 INFO sweep | 2/20 scoring | est $19.14/day | offers $259 | committed $630/1000 | naked $234 | funded 7/20 | verified 100.0% (19v/0u)
04:35:13 INFO sweep | 2/20 scoring | est $19.11/day | offers $259 | committed $630/1000 | naked $234 | funded 7/20 | verified 100.0% (19v/0u)
04:35:35 INFO sweep | 2/20 scoring | est $16.30/day | offers $259 | committed $630/1000 | naked $234 | funded 7/20 | verified 100.0% (19v/0u)
04:35:57 INFO sweep | 2/20 scoring | est $16.25/day | offers $259 | committed $630/1000 | naked $234 | funded 7/20 | verified 100.0% (19v/0u)
04:36:20 WARNING Mubadala Citi DC Open: Jessica: HTTPSConnectionPool(host='clob.polymarket.com', port=443): Read timed out. (read timeout=5.0)
04:36:25 INFO sweep | 2/20 scoring | est $17.90/day | offers $259 | committed $630/1000 | naked $234 | funded 7/20 | verified 100.0% (19v/0u)
04:36:48 INFO sweep | 2/20 scoring | est $17.90/day | offers $259 | committed $630/1000 | naked $234 | funded 7/20 | verified 100.0% (19v/0u)
04:37:10 INFO sweep | 2/20 scoring | est $16.66/day | offers $259 | committed $630/1000 | naked $234 | funded 7/20 | verified 100.0% (19v/0u)
04:37:34 INFO sweep | 2/20 scoring | est $17.99/day | offers $259 | committed $630/1000 | naked $234 | funded 7/20 | verified 100.0% (19v/0u)
04:37:56 INFO sweep | 2/20 scoring | est $25.95/day | offers $259 | committed $630/1000 | naked $234 | funded 7/20 | verified 100.0% (19v/0u)
04:38:18 INFO sweep | 2/20 scoring | est $15.93/day | offers $258 | committed $629/1000 | naked $234 | funded 7/20 | verified 100.0% (19v/0u)
04:38:41 INFO sweep | 2/20 scoring | est $15.93/day | offers $258 | committed $629/1000 | naked $234 | funded 7/20 | verified 100.0% (19v/0u)
04:39:04 INFO sweep | 2/20 scoring | est $15.94/day | offers $258 | committed $629/1000 | naked $234 | funded 7/20 | verified 100.0% (19v/0u)
04:39:26 INFO sweep | 2/20 scoring | est $16.08/day | offers $258 | committed $629/1000 | naked $234 | funded 7/20 | verified 100.0% (19v/0u)
04:39:49 INFO sweep | 2/20 scoring | est $16.37/day | offers $258 | committed $629/1000 | naked $234 | funded 7/20 | verified 100.0% (19v/0u)
04:40:11 INFO sweep | 2/20 scoring | est $15.74/day | offers $258 | committed $629/1000 | naked $234 | funded 7/20 | verified 100.0% (19v/0u)
04:40:33 INFO sweep | 2/20 scoring | est $15.89/day | offers $258 | committed $629/1000 | naked $234 | funded 7/20 | verified 100.0% (19v/0u)
04:40:56 INFO sweep | 2/20 scoring | est $15.89/day | offers $258 | committed $629/1000 | naked $234 | funded 7/20 | verified 100.0% (19v/0u)
04:41:19 INFO sweep | 2/20 scoring | est $16.12/day | offers $258 | committed $629/1000 | naked $234 | funded 7/20 | verified 100.0% (19v/0u)
04:41:41 INFO sweep | 2/20 scoring | est $16.30/day | offers $258 | committed $629/1000 | naked $234 | funded 7/20 | verified 100.0% (19v/0u)
04:42:04 INFO sweep | 2/20 scoring | est $16.23/day | offers $258 | committed $629/1000 | naked $234 | funded 7/20 | verified 100.0% (19v/0u)
04:42:26 INFO sweep | 2/20 scoring | est $16.29/day | offers $258 | committed $629/1000 | naked $234 | funded 7/20 | verified 100.0% (19v/0u)
04:42:42 INFO resolved atp-zheng-kecmano-2026-08-02 -> 568820119172
04:42:42 INFO RESOLVE 1 market(s) settled
04:42:50 INFO sweep | 2/20 scoring | est $16.12/day | offers $258 | committed $629/1000 | naked $234 | funded 7/20 | verified 100.0% (19v/0u)
04:43:13 INFO sweep | 2/20 scoring | est $16.14/day | offers $258 | committed $629/1000 | naked $234 | funded 7/20 | verified 100.0% (19v/0u)
04:43:35 INFO sweep | 2/20 scoring | est $15.89/day | offers $258 | committed $629/1000 | naked $234 | funded 7/20 | verified 100.0% (19v/0u)
04:43:57 INFO sweep | 2/20 scoring | est $15.70/day | offers $258 | committed $629/1000 | naked $234 | funded 7/20 | verified 100.0% (19v/0u)
04:44:20 INFO sweep | 2/20 scoring | est $14.61/day | offers $258 | committed $629/1000 | naked $234 | funded 7/20 | verified 100.0% (19v/0u)
04:44:42 INFO sweep | 2/20 scoring | est $14.59/day | offers $258 | committed $629/1000 | naked $234 | funded 7/20 | verified 100.0% (19v/0u)
04:45:04 INFO sweep | 2/20 scoring | est $14.78/day | offers $258 | committed $629/1000 | naked $234 | funded 7/20 | verified 100.0% (19v/0u)
04:45:27 INFO sweep | 2/20 scoring | est $14.78/day | offers $258 | committed $629/1000 | naked $234 | funded 7/20 | verified 100.0% (19v/0u)
04:45:49 INFO sweep | 2/20 scoring | est $15.17/day | offers $258 | committed $629/1000 | naked $234 | funded 7/20 | verified 100.0% (19v/0u)
04:46:12 INFO sweep | 2/20 scoring | est $14.99/day | offers $258 | committed $629/1000 | naked $234 | funded 7/20 | verified 100.0% (19v/0u)
04:46:35 INFO sweep | 2/20 scoring | est $15.07/day | offers $258 | committed $629/1000 | naked $234 | funded 7/20 | verified 100.0% (19v/0u)
04:46:57 INFO sweep | 2/20 scoring | est $15.15/day | offers $258 | committed $629/1000 | naked $234 | funded 7/20 | verified 100.0% (19v/0u)
04:47:19 INFO sweep | 2/20 scoring | est $15.13/day | offers $258 | committed $629/1000 | naked $234 | funded 7/20 | verified 100.0% (19v/0u)
04:47:42 INFO sweep | 2/20 scoring | est $18.55/day | offers $258 | committed $629/1000 | naked $234 | funded 7/20 | verified 100.0% (19v/0u)
04:48:04 INFO sweep | 2/20 scoring | est $15.22/day | offers $258 | committed $629/1000 | naked $234 | funded 7/20 | verified 100.0% (19v/0u)
04:48:27 INFO sweep | 2/20 scoring | est $15.22/day | offers $258 | committed $629/1000 | naked $234 | funded 7/20 | verified 100.0% (19v/0u)
04:48:50 INFO sweep | 2/20 scoring | est $15.05/day | offers $258 | committed $629/1000 | naked $234 | funded 7/20 | verified 100.0% (19v/0u)
04:49:12 INFO sweep | 2/20 scoring | est $15.21/day | offers $258 | committed $629/1000 | naked $234 | funded 7/20 | verified 100.0% (19v/0u)
04:49:34 INFO sweep | 2/20 scoring | est $15.19/day | offers $258 | committed $629/1000 | naked $234 | funded 7/20 | verified 100.0% (19v/0u)
04:49:56 INFO sweep | 2/20 scoring | est $15.51/day | offers $258 | committed $629/1000 | naked $234 | funded 7/20 | verified 100.0% (19v/0u)
04:50:18 INFO sweep | 2/20 scoring | est $15.34/day | offers $258 | committed $629/1000 | naked $234 | funded 7/20 | verified 100.0% (19v/0u)
04:50:40 INFO sweep | 2/20 scoring | est $15.34/day | offers $258 | committed $629/1000 | naked $234 | funded 7/20 | verified 100.0% (19v/0u)
04:51:03 INFO sweep | 2/20 scoring | est $15.35/day | offers $258 | committed $629/1000 | naked $234 | funded 7/20 | verified 100.0% (19v/0u)
04:51:25 INFO sweep | 2/20 scoring | est $15.35/day | offers $258 | committed $629/1000 | naked $234 | funded 7/20 | verified 100.0% (19v/0u)
04:51:47 INFO sweep | 2/20 scoring | est $15.47/day | offers $258 | committed $629/1000 | naked $234 | funded 7/20 | verified 100.0% (19v/0u)
04:52:10 INFO sweep | 2/20 scoring | est $15.56/day | offers $258 | committed $629/1000 | naked $234 | funded 7/20 | verified 100.0% (19v/0u)
04:52:32 INFO sweep | 2/20 scoring | est $15.53/day | offers $258 | committed $629/1000 | naked $234 | funded 7/20 | verified 100.0% (19v/0u)
04:52:54 INFO sweep | 2/20 scoring | est $15.53/day | offers $258 | committed $629/1000 | naked $234 | funded 7/20 | verified 100.0% (19v/0u)
04:53:17 INFO sweep | 2/20 scoring | est $15.53/day | offers $258 | committed $629/1000 | naked $234 | funded 7/20 | verified 100.0% (19v/0u)
04:53:38 INFO sweep | 2/20 scoring | est $15.30/day | offers $258 | committed $629/1000 | naked $234 | funded 7/20 | verified 100.0% (19v/0u)
04:54:00 INFO sweep | 2/20 scoring | est $17.32/day | offers $258 | committed $629/1000 | naked $234 | funded 7/20 | verified 100.0% (19v/0u)
04:54:23 INFO sweep | 2/20 scoring | est $17.23/day | offers $258 | committed $629/1000 | naked $234 | funded 7/20 | verified 100.0% (19v/0u)
04:54:45 INFO sweep | 2/20 scoring | est $17.23/day | offers $258 | committed $629/1000 | naked $234 | funded 7/20 | verified 100.0% (19v/0u)
04:55:07 INFO sweep | 3/20 scoring | est $17.93/day | offers $263 | committed $633/1000 | naked $234 | funded 7/20 | verified 100.0% (19v/0u)
04:55:30 INFO sweep | 3/20 scoring | est $37.40/day | offers $389 | committed $759/1000 | naked $234 | funded 7/20 | verified 100.0% (19v/0u)
04:55:52 INFO sweep | 3/20 scoring | est $38.28/day | offers $389 | committed $759/1000 | naked $234 | funded 7/20 | verified 100.0% (19v/0u)
04:56:14 INFO sweep | 3/20 scoring | est $37.51/day | offers $389 | committed $759/1000 | naked $234 | funded 7/20 | verified 100.0% (19v/0u)
04:56:36 INFO sweep | 3/20 scoring | est $37.42/day | offers $389 | committed $759/1000 | naked $234 | funded 7/20 | verified 100.0% (19v/0u)
04:56:58 INFO sweep | 3/20 scoring | est $37.40/day | offers $389 | committed $759/1000 | naked $234 | funded 7/20 | verified 100.0% (19v/0u)
04:57:20 INFO sweep | 3/20 scoring | est $37.40/day | offers $389 | committed $759/1000 | naked $234 | funded 7/20 | verified 100.0% (19v/0u)
04:57:45 INFO sweep | 3/20 scoring | est $37.40/day | offers $389 | committed $759/1000 | naked $234 | funded 7/20 | verified 100.0% (19v/0u)
04:58:07 INFO sweep | 3/20 scoring | est $38.65/day | offers $389 | committed $759/1000 | naked $234 | funded 7/20 | verified 100.0% (19v/0u)
04:58:29 INFO sweep | 3/20 scoring | est $38.19/day | offers $389 | committed $759/1000 | naked $234 | funded 7/20 | verified 100.0% (19v/0u)
04:58:51 INFO sweep | 3/20 scoring | est $38.08/day | offers $389 | committed $759/1000 | naked $234 | funded 7/20 | verified 100.0% (19v/0u)
04:59:13 INFO sweep | 3/20 scoring | est $38.13/day | offers $389 | committed $759/1000 | naked $234 | funded 7/20 | verified 100.0% (19v/0u)
04:59:35 INFO sweep | 3/20 scoring | est $37.70/day | offers $389 | committed $759/1000 | naked $234 | funded 7/20 | verified 100.0% (19v/0u)
04:59:58 INFO sweep | 3/20 scoring | est $38.09/day | offers $389 | committed $759/1000 | naked $234 | funded 7/20 | verified 100.0% (19v/0u)
05:00:20 INFO sweep | 3/20 scoring | est $37.18/day | offers $389 | committed $759/1000 | naked $234 | funded 7/20 | verified 100.0% (19v/0u)
05:00:42 INFO sweep | 3/20 scoring | est $35.75/day | offers $389 | committed $759/1000 | naked $234 | funded 7/20 | verified 100.0% (19v/0u)
05:01:05 INFO sweep | 3/20 scoring | est $35.75/day | offers $389 | committed $759/1000 | naked $234 | funded 7/20 | verified 100.0% (19v/0u)
05:01:27 INFO sweep | 3/20 scoring | est $19.55/day | offers $389 | committed $759/1000 | naked $234 | funded 7/20 | verified 100.0% (19v/0u)
05:01:49 INFO sweep | 3/20 scoring | est $19.55/day | offers $389 | committed $759/1000 | naked $234 | funded 7/20 | verified 100.0% (19v/0u)
05:02:11 INFO sweep | 3/20 scoring | est $20.45/day | offers $389 | committed $759/1000 | naked $234 | funded 7/20 | verified 100.0% (19v/0u)
05:02:33 INFO sweep | 3/20 scoring | est $19.26/day | offers $389 | committed $759/1000 | naked $234 | funded 7/20 | verified 100.0% (19v/0u)
05:02:55 INFO sweep | 3/20 scoring | est $19.23/day | offers $389 | committed $759/1000 | naked $234 | funded 7/20 | verified 100.0% (19v/0u)
05:03:18 INFO sweep | 3/20 scoring | est $19.22/day | offers $389 | committed $759/1000 | naked $234 | funded 7/20 | verified 100.0% (19v/0u)
05:03:40 INFO sweep | 3/20 scoring | est $19.20/day | offers $389 | committed $759/1000 | naked $234 | funded 7/20 | verified 100.0% (19v/0u)
05:04:02 INFO sweep | 3/20 scoring | est $19.54/day | offers $389 | committed $759/1000 | naked $234 | funded 7/20 | verified 100.0% (19v/0u)
05:04:25 INFO sweep | 3/20 scoring | est $19.74/day | offers $389 | committed $759/1000 | naked $234 | funded 7/20 | verified 100.0% (19v/0u)
05:04:47 INFO sweep | 3/20 scoring | est $19.62/day | offers $389 | committed $759/1000 | naked $234 | funded 7/20 | verified 100.0% (19v/0u)
05:05:08 INFO sweep | 3/20 scoring | est $19.66/day | offers $389 | committed $759/1000 | naked $234 | funded 7/20 | verified 100.0% (19v/0u)
05:05:31 INFO sweep | 3/20 scoring | est $20.26/day | offers $389 | committed $759/1000 | naked $234 | funded 7/20 | verified 100.0% (19v/0u)
05:05:53 INFO sweep | 3/20 scoring | est $19.14/day | offers $389 | committed $759/1000 | naked $234 | funded 7/20 | verified 100.0% (19v/0u)
05:06:15 INFO sweep | 3/20 scoring | est $19.42/day | offers $389 | committed $759/1000 | naked $234 | funded 7/20 | verified 100.0% (19v/0u)
05:06:38 INFO sweep | 3/20 scoring | est $19.45/day | offers $389 | committed $759/1000 | naked $234 | funded 7/20 | verified 100.0% (19v/0u)
05:06:59 INFO sweep | 3/20 scoring | est $20.00/day | offers $389 | committed $759/1000 | naked $234 | funded 7/20 | verified 100.0% (19v/0u)
05:07:21 INFO sweep | 3/20 scoring | est $20.00/day | offers $389 | committed $759/1000 | naked $234 | funded 7/20 | verified 100.0% (19v/0u)
05:07:44 INFO sweep | 3/20 scoring | est $20.19/day | offers $389 | committed $759/1000 | naked $234 | funded 7/20 | verified 100.0% (19v/0u)
05:08:06 INFO sweep | 3/20 scoring | est $19.80/day | offers $389 | committed $759/1000 | naked $234 | funded 7/20 | verified 100.0% (19v/0u)
05:08:28 INFO sweep | 3/20 scoring | est $19.84/day | offers $389 | committed $759/1000 | naked $234 | funded 7/20 | verified 100.0% (19v/0u)
05:08:51 INFO sweep | 3/20 scoring | est $19.85/day | offers $389 | committed $759/1000 | naked $234 | funded 7/20 | verified 100.0% (19v/0u)
05:09:13 INFO sweep | 3/20 scoring | est $19.85/day | offers $389 | committed $759/1000 | naked $234 | funded 7/20 | verified 100.0% (19v/0u)
05:09:36 INFO sweep | 3/20 scoring | est $19.98/day | offers $389 | committed $759/1000 | naked $234 | funded 7/20 | verified 100.0% (19v/0u)
05:09:59 INFO sweep | 3/20 scoring | est $19.86/day | offers $389 | committed $759/1000 | naked $234 | funded 7/20 | verified 100.0% (19v/0u)
05:10:21 INFO sweep | 3/20 scoring | est $19.86/day | offers $389 | committed $759/1000 | naked $234 | funded 7/20 | verified 100.0% (19v/0u)
05:10:43 INFO sweep | 3/20 scoring | est $19.85/day | offers $389 | committed $759/1000 | naked $234 | funded 7/20 | verified 100.0% (19v/0u)
05:11:05 INFO sweep | 3/20 scoring | est $19.87/day | offers $389 | committed $759/1000 | naked $234 | funded 7/20 | verified 100.0% (19v/0u)
05:11:27 INFO sweep | 3/20 scoring | est $19.62/day | offers $389 | committed $759/1000 | naked $234 | funded 7/20 | verified 100.0% (19v/0u)
05:11:49 INFO sweep | 3/20 scoring | est $19.79/day | offers $389 | committed $759/1000 | naked $234 | funded 7/20 | verified 100.0% (19v/0u)
05:12:12 INFO sweep | 3/20 scoring | est $20.03/day | offers $389 | committed $759/1000 | naked $234 | funded 7/20 | verified 100.0% (19v/0u)
05:12:34 INFO sweep | 3/20 scoring | est $19.95/day | offers $389 | committed $759/1000 | naked $234 | funded 7/20 | verified 100.0% (19v/0u)
05:12:57 INFO sweep | 3/20 scoring | est $19.96/day | offers $389 | committed $759/1000 | naked $234 | funded 7/20 | verified 100.0% (19v/0u)
05:13:20 INFO sweep | 3/20 scoring | est $19.88/day | offers $389 | committed $759/1000 | naked $234 | funded 7/20 | verified 100.0% (19v/0u)
05:13:42 INFO sweep | 3/20 scoring | est $19.87/day | offers $389 | committed $759/1000 | naked $234 | funded 7/20 | verified 100.0% (19v/0u)
05:14:04 INFO sweep | 3/20 scoring | est $19.80/day | offers $389 | committed $759/1000 | naked $234 | funded 7/20 | verified 100.0% (19v/0u)
05:14:27 INFO sweep | 3/20 scoring | est $19.87/day | offers $389 | committed $759/1000 | naked $234 | funded 7/20 | verified 100.0% (19v/0u)
05:14:49 INFO sweep | 3/20 scoring | est $19.87/day | offers $389 | committed $759/1000 | naked $234 | funded 7/20 | verified 100.0% (19v/0u)
05:15:11 INFO sweep | 3/20 scoring | est $19.87/day | offers $389 | committed $759/1000 | naked $234 | funded 7/20 | verified 100.0% (19v/0u)
05:15:34 INFO sweep | 3/20 scoring | est $19.94/day | offers $389 | committed $759/1000 | naked $234 | funded 7/20 | verified 100.0% (19v/0u)
05:15:56 INFO sweep | 3/20 scoring | est $19.88/day | offers $389 | committed $759/1000 | naked $234 | funded 7/20 | verified 100.0% (19v/0u)
05:16:18 INFO sweep | 3/20 scoring | est $19.88/day | offers $389 | committed $759/1000 | naked $234 | funded 7/20 | verified 100.0% (19v/0u)
05:16:41 INFO sweep | 3/20 scoring | est $19.89/day | offers $389 | committed $759/1000 | naked $234 | funded 7/20 | verified 100.0% (19v/0u)
05:17:03 INFO sweep | 3/20 scoring | est $19.89/day | offers $389 | committed $759/1000 | naked $234 | funded 7/20 | verified 100.0% (19v/0u)
05:17:25 INFO sweep | 3/20 scoring | est $19.89/day | offers $389 | committed $759/1000 | naked $234 | funded 7/20 | verified 100.0% (19v/0u)
05:17:48 INFO sweep | 3/20 scoring | est $19.97/day | offers $389 | committed $759/1000 | naked $234 | funded 7/20 | verified 100.0% (19v/0u)
05:18:10 INFO sweep | 3/20 scoring | est $20.02/day | offers $389 | committed $759/1000 | naked $234 | funded 7/20 | verified 100.0% (19v/0u)
05:18:32 INFO sweep | 3/20 scoring | est $19.96/day | offers $389 | committed $759/1000 | naked $234 | funded 7/20 | verified 100.0% (19v/0u)
05:18:54 INFO sweep | 3/20 scoring | est $20.04/day | offers $389 | committed $759/1000 | naked $234 | funded 7/20 | verified 100.0% (19v/0u)
05:19:18 INFO sweep | 3/20 scoring | est $20.15/day | offers $389 | committed $759/1000 | naked $234 | funded 7/20 | verified 100.0% (19v/0u)
05:19:40 INFO sweep | 3/20 scoring | est $20.10/day | offers $389 | committed $759/1000 | naked $234 | funded 7/20 | verified 100.0% (19v/0u)
05:20:03 INFO sweep | 3/20 scoring | est $20.10/day | offers $389 | committed $759/1000 | naked $234 | funded 7/20 | verified 100.0% (19v/0u)
05:20:24 INFO sweep | 3/20 scoring | est $20.10/day | offers $389 | committed $759/1000 | naked $234 | funded 7/20 | verified 100.0% (19v/0u)
05:20:46 INFO sweep | 3/20 scoring | est $20.10/day | offers $389 | committed $759/1000 | naked $234 | funded 7/20 | verified 100.0% (19v/0u)
05:21:09 INFO sweep | 3/20 scoring | est $20.25/day | offers $389 | committed $759/1000 | naked $234 | funded 7/20 | verified 100.0% (19v/0u)
05:21:31 INFO sweep | 3/20 scoring | est $20.25/day | offers $389 | committed $759/1000 | naked $234 | funded 7/20 | verified 100.0% (19v/0u)
05:21:53 INFO sweep | 3/20 scoring | est $19.91/day | offers $389 | committed $759/1000 | naked $234 | funded 7/20 | verified 100.0% (19v/0u)
05:22:16 INFO sweep | 3/20 scoring | est $19.89/day | offers $389 | committed $759/1000 | naked $234 | funded 7/20 | verified 100.0% (19v/0u)
05:22:38 INFO sweep | 3/20 scoring | est $19.89/day | offers $389 | committed $759/1000 | naked $234 | funded 7/20 | verified 100.0% (19v/0u)
05:23:00 INFO sweep | 3/20 scoring | est $19.87/day | offers $389 | committed $759/1000 | naked $234 | funded 7/20 | verified 100.0% (19v/0u)
05:23:23 INFO sweep | 3/20 scoring | est $19.78/day | offers $389 | committed $759/1000 | naked $234 | funded 7/20 | verified 100.0% (19v/0u)
05:23:45 INFO sweep | 3/20 scoring | est $19.78/day | offers $389 | committed $759/1000 | naked $234 | funded 7/20 | verified 100.0% (19v/0u)
05:24:07 INFO sweep | 3/20 scoring | est $19.78/day | offers $389 | committed $759/1000 | naked $234 | funded 7/20 | verified 100.0% (19v/0u)
05:24:29 INFO sweep | 3/20 scoring | est $19.78/day | offers $389 | committed $759/1000 | naked $234 | funded 7/20 | verified 100.0% (19v/0u)
05:24:51 INFO sweep | 3/20 scoring | est $18.70/day | offers $389 | committed $759/1000 | naked $234 | funded 7/20 | verified 100.0% (19v/0u)
05:25:13 INFO sweep | 3/20 scoring | est $18.70/day | offers $389 | committed $759/1000 | naked $234 | funded 7/20 | verified 100.0% (19v/0u)
05:25:36 INFO sweep | 3/20 scoring | est $19.72/day | offers $389 | committed $759/1000 | naked $234 | funded 7/20 | verified 100.0% (19v/0u)
05:25:58 INFO sweep | 3/20 scoring | est $19.42/day | offers $389 | committed $759/1000 | naked $234 | funded 7/20 | verified 100.0% (19v/0u)
05:26:20 INFO sweep | 3/20 scoring | est $19.63/day | offers $389 | committed $759/1000 | naked $234 | funded 7/20 | verified 100.0% (19v/0u)
05:26:43 INFO sweep | 3/20 scoring | est $19.63/day | offers $389 | committed $759/1000 | naked $234 | funded 7/20 | verified 100.0% (19v/0u)
05:27:05 INFO sweep | 3/20 scoring | est $19.63/day | offers $389 | committed $759/1000 | naked $234 | funded 7/20 | verified 100.0% (19v/0u)
05:27:27 INFO sweep | 3/20 scoring | est $19.82/day | offers $389 | committed $759/1000 | naked $234 | funded 7/20 | verified 100.0% (19v/0u)
05:27:51 INFO sweep | 3/20 scoring | est $19.63/day | offers $389 | committed $759/1000 | naked $234 | funded 7/20 | verified 100.0% (19v/0u)
05:28:13 INFO sweep | 3/20 scoring | est $19.63/day | offers $389 | committed $759/1000 | naked $234 | funded 7/20 | verified 100.0% (19v/0u)
05:28:35 INFO sweep | 3/20 scoring | est $19.63/day | offers $389 | committed $759/1000 | naked $234 | funded 7/20 | verified 100.0% (19v/0u)
05:28:58 INFO sweep | 3/20 scoring | est $19.63/day | offers $389 | committed $759/1000 | naked $234 | funded 7/20 | verified 100.0% (19v/0u)
05:29:20 INFO sweep | 3/20 scoring | est $19.63/day | offers $389 | committed $759/1000 | naked $234 | funded 7/20 | verified 100.0% (19v/0u)
05:29:42 INFO sweep | 3/20 scoring | est $19.63/day | offers $389 | committed $759/1000 | naked $234 | funded 7/20 | verified 100.0% (19v/0u)
05:30:05 INFO sweep | 3/20 scoring | est $21.71/day | offers $389 | committed $759/1000 | naked $234 | funded 7/20 | verified 100.0% (19v/0u)
05:30:27 INFO sweep | 3/20 scoring | est $20.30/day | offers $389 | committed $759/1000 | naked $234 | funded 7/20 | verified 100.0% (19v/0u)
05:30:48 INFO sweep | 3/20 scoring | est $20.22/day | offers $389 | committed $759/1000 | naked $234 | funded 7/20 | verified 100.0% (19v/0u)
05:31:11 INFO sweep | 3/20 scoring | est $20.27/day | offers $389 | committed $759/1000 | naked $234 | funded 7/20 | verified 100.0% (19v/0u)
05:31:33 INFO sweep | 3/20 scoring | est $21.48/day | offers $389 | committed $759/1000 | naked $234 | funded 7/20 | verified 100.0% (19v/0u)
05:31:55 INFO sweep | 3/20 scoring | est $21.48/day | offers $389 | committed $759/1000 | naked $234 | funded 7/20 | verified 100.0% (19v/0u)
05:32:18 INFO sweep | 3/20 scoring | est $21.34/day | offers $389 | committed $759/1000 | naked $234 | funded 7/20 | verified 100.0% (19v/0u)
05:32:41 INFO sweep | 3/20 scoring | est $20.22/day | offers $389 | committed $759/1000 | naked $234 | funded 7/20 | verified 100.0% (19v/0u)
05:33:03 INFO sweep | 3/20 scoring | est $20.22/day | offers $389 | committed $759/1000 | naked $234 | funded 7/20 | verified 100.0% (19v/0u)
05:33:25 INFO sweep | 3/20 scoring | est $18.99/day | offers $389 | committed $759/1000 | naked $234 | funded 7/20 | verified 100.0% (19v/0u)
05:33:48 INFO sweep | 3/20 scoring | est $17.21/day | offers $389 | committed $759/1000 | naked $234 | funded 7/20 | verified 100.0% (19v/0u)
05:34:09 INFO sweep | 3/20 scoring | est $17.27/day | offers $389 | committed $759/1000 | naked $234 | funded 7/20 | verified 100.0% (19v/0u)
05:34:32 INFO sweep | 3/20 scoring | est $17.57/day | offers $389 | committed $759/1000 | naked $234 | funded 7/20 | verified 100.0% (19v/0u)
05:34:54 INFO sweep | 3/20 scoring | est $17.57/day | offers $389 | committed $759/1000 | naked $234 | funded 7/20 | verified 100.0% (19v/0u)
05:35:16 INFO sweep | 3/20 scoring | est $17.57/day | offers $389 | committed $759/1000 | naked $234 | funded 7/20 | verified 100.0% (19v/0u)
05:35:39 INFO sweep | 3/20 scoring | est $16.79/day | offers $389 | committed $759/1000 | naked $234 | funded 7/20 | verified 100.0% (19v/0u)
05:36:01 INFO sweep | 3/20 scoring | est $16.67/day | offers $389 | committed $759/1000 | naked $234 | funded 7/20 | verified 100.0% (19v/0u)
05:36:23 INFO sweep | 3/20 scoring | est $16.67/day | offers $389 | committed $759/1000 | naked $234 | funded 7/20 | verified 100.0% (19v/0u)
05:36:45 INFO sweep | 3/20 scoring | est $17.19/day | offers $389 | committed $759/1000 | naked $234 | funded 7/20 | verified 100.0% (19v/0u)
05:37:07 INFO sweep | 3/20 scoring | est $17.19/day | offers $389 | committed $759/1000 | naked $234 | funded 7/20 | verified 100.0% (19v/0u)
05:37:29 INFO sweep | 3/20 scoring | est $17.23/day | offers $389 | committed $759/1000 | naked $234 | funded 7/20 | verified 100.0% (19v/0u)
05:37:52 INFO sweep | 3/20 scoring | est $17.23/day | offers $389 | committed $759/1000 | naked $234 | funded 7/20 | verified 100.0% (19v/0u)
05:38:14 INFO sweep | 3/20 scoring | est $17.23/day | offers $389 | committed $759/1000 | naked $234 | funded 7/20 | verified 100.0% (19v/0u)
05:38:36 INFO sweep | 3/20 scoring | est $15.87/day | offers $389 | committed $759/1000 | naked $234 | funded 7/20 | verified 100.0% (19v/0u)
05:38:59 INFO sweep | 3/20 scoring | est $15.76/day | offers $389 | committed $759/1000 | naked $234 | funded 7/20 | verified 100.0% (19v/0u)
05:39:21 INFO sweep | 3/20 scoring | est $15.77/day | offers $389 | committed $759/1000 | naked $234 | funded 7/20 | verified 100.0% (19v/0u)
05:39:43 INFO sweep | 3/20 scoring | est $15.78/day | offers $389 | committed $759/1000 | naked $234 | funded 7/20 | verified 100.0% (19v/0u)
05:40:05 INFO sweep | 3/20 scoring | est $15.75/day | offers $389 | committed $759/1000 | naked $234 | funded 7/20 | verified 100.0% (19v/0u)
05:40:28 INFO sweep | 3/20 scoring | est $16.39/day | offers $389 | committed $759/1000 | naked $234 | funded 7/20 | verified 100.0% (19v/0u)
05:40:50 INFO sweep | 3/20 scoring | est $16.51/day | offers $389 | committed $759/1000 | naked $234 | funded 7/20 | verified 100.0% (19v/0u)
05:41:12 INFO sweep | 3/20 scoring | est $16.57/day | offers $389 | committed $759/1000 | naked $234 | funded 7/20 | verified 100.0% (19v/0u)
05:41:34 INFO sweep | 3/20 scoring | est $15.86/day | offers $389 | committed $759/1000 | naked $234 | funded 7/20 | verified 100.0% (19v/0u)
05:41:56 INFO sweep | 3/20 scoring | est $15.80/day | offers $389 | committed $759/1000 | naked $234 | funded 7/20 | verified 100.0% (19v/0u)
05:42:19 INFO sweep | 3/20 scoring | est $16.13/day | offers $389 | committed $759/1000 | naked $234 | funded 7/20 | verified 100.0% (19v/0u)
05:42:41 INFO sweep | 3/20 scoring | est $15.30/day | offers $389 | committed $759/1000 | naked $234 | funded 7/20 | verified 100.0% (19v/0u)
05:43:04 INFO sweep | 3/20 scoring | est $15.27/day | offers $389 | committed $759/1000 | naked $234 | funded 7/20 | verified 100.0% (19v/0u)
05:43:27 INFO sweep | 3/20 scoring | est $15.41/day | offers $389 | committed $759/1000 | naked $234 | funded 7/20 | verified 100.0% (19v/0u)
05:43:49 INFO sweep | 3/20 scoring | est $15.49/day | offers $389 | committed $759/1000 | naked $234 | funded 7/20 | verified 100.0% (19v/0u)
05:44:11 INFO sweep | 3/20 scoring | est $16.24/day | offers $389 | committed $759/1000 | naked $234 | funded 7/20 | verified 100.0% (19v/0u)
05:44:34 INFO sweep | 3/20 scoring | est $15.45/day | offers $389 | committed $759/1000 | naked $234 | funded 7/20 | verified 100.0% (19v/0u)
05:44:56 INFO sweep | 3/20 scoring | est $14.67/day | offers $389 | committed $759/1000 | naked $234 | funded 7/20 | verified 100.0% (19v/0u)
05:45:17 INFO sweep | 3/20 scoring | est $14.85/day | offers $389 | committed $759/1000 | naked $234 | funded 7/20 | verified 100.0% (19v/0u)
05:45:41 INFO sweep | 3/20 scoring | est $14.64/day | offers $389 | committed $759/1000 | naked $234 | funded 7/20 | verified 100.0% (19v/0u)
05:46:03 INFO sweep | 3/20 scoring | est $16.14/day | offers $389 | committed $759/1000 | naked $234 | funded 7/20 | verified 100.0% (19v/0u)
05:46:25 INFO sweep | 3/20 scoring | est $16.20/day | offers $389 | committed $759/1000 | naked $234 | funded 7/20 | verified 100.0% (19v/0u)
05:46:48 INFO sweep | 3/20 scoring | est $16.36/day | offers $389 | committed $759/1000 | naked $234 | funded 7/20 | verified 100.0% (19v/0u)
05:47:10 INFO sweep | 3/20 scoring | est $16.30/day | offers $389 | committed $759/1000 | naked $234 | funded 7/20 | verified 100.0% (19v/0u)
05:47:32 INFO sweep | 3/20 scoring | est $16.31/day | offers $389 | committed $759/1000 | naked $234 | funded 7/20 | verified 100.0% (19v/0u)
05:47:55 INFO sweep | 3/20 scoring | est $16.29/day | offers $389 | committed $759/1000 | naked $234 | funded 7/20 | verified 100.0% (19v/0u)
05:48:17 INFO sweep | 3/20 scoring | est $16.29/day | offers $389 | committed $759/1000 | naked $234 | funded 7/20 | verified 100.0% (19v/0u)
05:48:39 INFO sweep | 3/20 scoring | est $15.93/day | offers $389 | committed $759/1000 | naked $234 | funded 7/20 | verified 100.0% (19v/0u)
05:49:02 INFO sweep | 3/20 scoring | est $16.25/day | offers $389 | committed $759/1000 | naked $234 | funded 7/20 | verified 100.0% (19v/0u)
05:49:24 INFO sweep | 3/20 scoring | est $16.25/day | offers $389 | committed $759/1000 | naked $234 | funded 7/20 | verified 100.0% (19v/0u)
05:49:46 INFO sweep | 3/20 scoring | est $15.89/day | offers $389 | committed $759/1000 | naked $234 | funded 7/20 | verified 100.0% (19v/0u)
05:50:09 INFO sweep | 3/20 scoring | est $15.88/day | offers $389 | committed $759/1000 | naked $234 | funded 7/20 | verified 100.0% (19v/0u)
05:50:31 INFO sweep | 3/20 scoring | est $15.90/day | offers $389 | committed $759/1000 | naked $234 | funded 7/20 | verified 100.0% (19v/0u)
05:50:53 INFO sweep | 3/20 scoring | est $15.90/day | offers $389 | committed $759/1000 | naked $234 | funded 7/20 | verified 100.0% (19v/0u)
05:51:16 INFO sweep | 3/20 scoring | est $15.98/day | offers $389 | committed $759/1000 | naked $234 | funded 7/20 | verified 100.0% (19v/0u)
05:51:38 INFO sweep | 3/20 scoring | est $15.94/day | offers $389 | committed $759/1000 | naked $234 | funded 7/20 | verified 100.0% (19v/0u)
05:52:00 INFO sweep | 3/20 scoring | est $15.94/day | offers $389 | committed $759/1000 | naked $234 | funded 7/20 | verified 100.0% (19v/0u)
05:52:22 INFO sweep | 3/20 scoring | est $15.93/day | offers $389 | committed $759/1000 | naked $234 | funded 7/20 | verified 100.0% (19v/0u)
05:52:44 INFO sweep | 3/20 scoring | est $15.85/day | offers $389 | committed $759/1000 | naked $234 | funded 7/20 | verified 100.0% (19v/0u)
05:53:06 INFO sweep | 3/20 scoring | est $15.85/day | offers $389 | committed $759/1000 | naked $234 | funded 7/20 | verified 100.0% (19v/0u)
05:53:29 INFO sweep | 3/20 scoring | est $15.85/day | offers $389 | committed $759/1000 | naked $234 | funded 7/20 | verified 100.0% (19v/0u)
05:53:51 INFO sweep | 3/20 scoring | est $15.90/day | offers $389 | committed $759/1000 | naked $234 | funded 7/20 | verified 100.0% (19v/0u)
05:54:13 INFO sweep | 3/20 scoring | est $15.65/day | offers $389 | committed $759/1000 | naked $234 | funded 7/20 | verified 100.0% (19v/0u)
05:54:36 INFO sweep | 3/20 scoring | est $15.65/day | offers $389 | committed $759/1000 | naked $234 | funded 7/20 | verified 100.0% (19v/0u)
05:54:58 INFO sweep | 3/20 scoring | est $15.65/day | offers $389 | committed $759/1000 | naked $234 | funded 7/20 | verified 100.0% (19v/0u)
05:55:19 INFO sweep | 3/20 scoring | est $15.65/day | offers $389 | committed $759/1000 | naked $234 | funded 7/20 | verified 100.0% (19v/0u)
05:55:42 INFO sweep | 2/20 scoring | est $14.00/day | offers $258 | committed $629/1000 | naked $234 | funded 7/20 | verified 100.0% (19v/0u)
05:56:05 INFO sweep | 2/20 scoring | est $14.00/day | offers $258 | committed $629/1000 | naked $234 | funded 7/20 | verified 100.0% (19v/0u)
05:56:27 INFO sweep | 2/20 scoring | est $14.24/day | offers $258 | committed $629/1000 | naked $234 | funded 7/20 | verified 100.0% (19v/0u)
05:56:50 INFO sweep | 2/20 scoring | est $14.01/day | offers $258 | committed $629/1000 | naked $234 | funded 7/20 | verified 100.0% (19v/0u)
05:57:12 INFO sweep | 2/20 scoring | est $14.01/day | offers $258 | committed $629/1000 | naked $234 | funded 7/20 | verified 100.0% (19v/0u)
05:57:34 INFO sweep | 2/20 scoring | est $13.96/day | offers $258 | committed $629/1000 | naked $234 | funded 7/20 | verified 100.0% (19v/0u)
05:57:58 INFO sweep | 2/20 scoring | est $13.96/day | offers $258 | committed $629/1000 | naked $234 | funded 7/20 | verified 100.0% (19v/0u)
05:58:19 INFO sweep | 2/20 scoring | est $14.28/day | offers $258 | committed $629/1000 | naked $234 | funded 7/20 | verified 100.0% (19v/0u)
05:58:41 INFO sweep | 2/20 scoring | est $13.96/day | offers $258 | committed $629/1000 | naked $234 | funded 7/20 | verified 100.0% (19v/0u)
05:59:04 INFO sweep | 2/20 scoring | est $13.96/day | offers $258 | committed $629/1000 | naked $234 | funded 7/20 | verified 100.0% (19v/0u)
05:59:26 INFO sweep | 3/20 scoring | est $15.99/day | offers $389 | committed $759/1000 | naked $234 | funded 7/20 | verified 100.0% (19v/0u)
05:59:48 INFO sweep | 3/20 scoring | est $16.80/day | offers $389 | committed $759/1000 | naked $234 | funded 7/20 | verified 100.0% (19v/0u)
06:00:10 INFO sweep | 3/20 scoring | est $16.87/day | offers $389 | committed $759/1000 | naked $234 | funded 7/20 | verified 100.0% (19v/0u)
06:00:33 INFO sweep | 3/20 scoring | est $16.55/day | offers $389 | committed $759/1000 | naked $234 | funded 7/20 | verified 100.0% (19v/0u)
06:00:55 INFO sweep | 3/20 scoring | est $16.86/day | offers $389 | committed $759/1000 | naked $234 | funded 7/20 | verified 100.0% (19v/0u)
06:01:18 INFO sweep | 3/20 scoring | est $16.85/day | offers $389 | committed $759/1000 | naked $234 | funded 7/20 | verified 100.0% (19v/0u)
06:01:39 INFO sweep | 3/20 scoring | est $16.82/day | offers $389 | committed $759/1000 | naked $234 | funded 7/20 | verified 100.0% (19v/0u)
06:02:01 INFO sweep | 3/20 scoring | est $19.43/day | offers $390 | committed $761/1000 | naked $234 | funded 7/20 | verified 100.0% (19v/0u)
06:02:24 INFO sweep | 3/20 scoring | est $12.82/day | offers $390 | committed $761/1000 | naked $234 | funded 7/20 | verified 100.0% (19v/0u)
06:02:46 INFO sweep | 3/20 scoring | est $12.83/day | offers $390 | committed $761/1000 | naked $234 | funded 7/20 | verified 100.0% (19v/0u)
06:03:08 INFO sweep | 3/20 scoring | est $12.82/day | offers $390 | committed $761/1000 | naked $234 | funded 7/20 | verified 100.0% (19v/0u)
06:03:30 INFO sweep | 3/20 scoring | est $12.89/day | offers $390 | committed $761/1000 | naked $234 | funded 7/20 | verified 100.0% (19v/0u)
06:03:52 INFO sweep | 3/20 scoring | est $12.84/day | offers $390 | committed $761/1000 | naked $234 | funded 7/20 | verified 100.0% (19v/0u)
06:04:14 INFO sweep | 3/20 scoring | est $12.22/day | offers $390 | committed $761/1000 | naked $234 | funded 7/20 | verified 100.0% (19v/0u)
06:04:37 INFO sweep | 3/20 scoring | est $12.18/day | offers $390 | committed $761/1000 | naked $234 | funded 7/20 | verified 100.0% (19v/0u)
06:04:59 INFO sweep | 3/20 scoring | est $11.86/day | offers $390 | committed $761/1000 | naked $234 | funded 7/20 | verified 100.0% (19v/0u)
06:05:21 INFO sweep | 3/20 scoring | est $12.58/day | offers $390 | committed $761/1000 | naked $234 | funded 7/20 | verified 100.0% (19v/0u)
06:05:44 INFO sweep | 3/20 scoring | est $10.18/day | offers $390 | committed $761/1000 | naked $234 | funded 7/20 | verified 100.0% (19v/0u)
06:06:06 INFO sweep | 3/20 scoring | est $10.22/day | offers $390 | committed $761/1000 | naked $234 | funded 7/20 | verified 100.0% (19v/0u)
06:06:27 INFO sweep | 3/20 scoring | est $10.24/day | offers $390 | committed $761/1000 | naked $234 | funded 7/20 | verified 100.0% (19v/0u)
06:06:50 INFO sweep | 3/20 scoring | est $10.24/day | offers $390 | committed $761/1000 | naked $234 | funded 7/20 | verified 100.0% (19v/0u)
06:07:12 INFO sweep | 3/20 scoring | est $12.67/day | offers $390 | committed $761/1000 | naked $234 | funded 7/20 | verified 100.0% (19v/0u)
06:07:34 INFO sweep | 3/20 scoring | est $6.54/day | offers $390 | committed $761/1000 | naked $234 | funded 7/20 | verified 100.0% (19v/0u)
06:07:57 INFO sweep | 3/20 scoring | est $6.54/day | offers $390 | committed $761/1000 | naked $234 | funded 7/20 | verified 100.0% (19v/0u)
06:08:18 INFO sweep | 3/20 scoring | est $6.54/day | offers $390 | committed $761/1000 | naked $234 | funded 7/20 | verified 100.0% (19v/0u)
06:08:40 INFO sweep | 3/20 scoring | est $6.58/day | offers $390 | committed $761/1000 | naked $234 | funded 7/20 | verified 100.0% (19v/0u)
06:09:03 INFO sweep | 3/20 scoring | est $6.58/day | offers $390 | committed $761/1000 | naked $234 | funded 7/20 | verified 100.0% (19v/0u)
06:09:26 INFO sweep | 3/20 scoring | est $6.59/day | offers $390 | committed $761/1000 | naked $234 | funded 7/20 | verified 100.0% (19v/0u)
06:09:48 INFO sweep | 3/20 scoring | est $6.67/day | offers $390 | committed $761/1000 | naked $234 | funded 7/20 | verified 100.0% (19v/0u)
06:10:10 INFO sweep | 3/20 scoring | est $6.66/day | offers $390 | committed $761/1000 | naked $234 | funded 7/20 | verified 100.0% (19v/0u)
06:10:32 INFO sweep | 3/20 scoring | est $6.66/day | offers $390 | committed $761/1000 | naked $234 | funded 7/20 | verified 100.0% (19v/0u)
06:10:54 INFO sweep | 3/20 scoring | est $6.65/day | offers $390 | committed $761/1000 | naked $234 | funded 7/20 | verified 100.0% (19v/0u)
06:11:17 INFO sweep | 3/20 scoring | est $6.66/day | offers $390 | committed $761/1000 | naked $234 | funded 7/20 | verified 100.0% (19v/0u)
06:11:39 INFO sweep | 3/20 scoring | est $6.60/day | offers $390 | committed $761/1000 | naked $234 | funded 7/20 | verified 100.0% (19v/0u)
06:12:01 INFO sweep | 3/20 scoring | est $6.61/day | offers $390 | committed $761/1000 | naked $234 | funded 7/20 | verified 100.0% (19v/0u)
06:12:23 INFO sweep | 3/20 scoring | est $6.60/day | offers $390 | committed $761/1000 | naked $234 | funded 7/20 | verified 100.0% (19v/0u)
06:12:47 INFO sweep | 3/20 scoring | est $6.60/day | offers $390 | committed $761/1000 | naked $234 | funded 7/20 | verified 100.0% (19v/0u)
06:13:09 INFO sweep | 3/20 scoring | est $7.20/day | offers $390 | committed $761/1000 | naked $234 | funded 7/20 | verified 100.0% (19v/0u)
06:13:31 INFO sweep | 3/20 scoring | est $7.37/day | offers $390 | committed $761/1000 | naked $234 | funded 7/20 | verified 100.0% (19v/0u)
06:13:53 INFO sweep | 3/20 scoring | est $7.91/day | offers $390 | committed $761/1000 | naked $234 | funded 7/20 | verified 100.0% (19v/0u)
06:14:15 INFO sweep | 3/20 scoring | est $5.73/day | offers $390 | committed $761/1000 | naked $234 | funded 7/20 | verified 100.0% (19v/0u)
06:14:38 INFO sweep | 3/20 scoring | est $5.73/day | offers $390 | committed $761/1000 | naked $234 | funded 7/20 | verified 100.0% (19v/0u)
06:15:00 INFO sweep | 3/20 scoring | est $5.73/day | offers $390 | committed $761/1000 | naked $234 | funded 7/20 | verified 100.0% (19v/0u)
06:15:22 INFO sweep | 3/20 scoring | est $5.73/day | offers $390 | committed $761/1000 | naked $234 | funded 7/20 | verified 100.0% (19v/0u)
06:15:45 INFO sweep | 3/20 scoring | est $6.37/day | offers $390 | committed $761/1000 | naked $234 | funded 7/20 | verified 100.0% (19v/0u)
06:16:07 INFO sweep | 3/20 scoring | est $7.57/day | offers $390 | committed $761/1000 | naked $234 | funded 7/20 | verified 100.0% (19v/0u)
06:16:29 INFO sweep | 3/20 scoring | est $7.55/day | offers $390 | committed $761/1000 | naked $234 | funded 7/20 | verified 100.0% (19v/0u)
06:16:52 INFO sweep | 3/20 scoring | est $8.31/day | offers $390 | committed $761/1000 | naked $234 | funded 7/20 | verified 100.0% (19v/0u)
06:17:14 INFO sweep | 3/20 scoring | est $8.31/day | offers $390 | committed $761/1000 | naked $234 | funded 7/20 | verified 100.0% (19v/0u)
06:17:35 INFO sweep | 3/20 scoring | est $8.17/day | offers $390 | committed $761/1000 | naked $234 | funded 7/20 | verified 100.0% (19v/0u)
06:17:58 INFO sweep | 3/20 scoring | est $8.00/day | offers $390 | committed $761/1000 | naked $234 | funded 7/20 | verified 100.0% (19v/0u)
06:18:20 INFO sweep | 3/20 scoring | est $23.62/day | offers $390 | committed $761/1000 | naked $234 | funded 7/20 | verified 100.0% (19v/0u)
06:18:42 INFO sweep | 3/20 scoring | est $22.93/day | offers $390 | committed $761/1000 | naked $234 | funded 7/20 | verified 100.0% (19v/0u)
06:19:06 INFO sweep | 3/20 scoring | est $26.03/day | offers $390 | committed $761/1000 | naked $234 | funded 7/20 | verified 100.0% (19v/0u)
06:19:29 INFO sweep | 3/20 scoring | est $13.76/day | offers $390 | committed $761/1000 | naked $234 | funded 7/20 | verified 100.0% (19v/0u)
06:19:50 INFO sweep | 3/20 scoring | est $14.06/day | offers $390 | committed $761/1000 | naked $234 | funded 7/20 | verified 100.0% (19v/0u)
06:20:13 INFO sweep | 3/20 scoring | est $16.42/day | offers $390 | committed $761/1000 | naked $234 | funded 7/20 | verified 100.0% (19v/0u)
06:20:35 INFO sweep | 3/20 scoring | est $23.99/day | offers $390 | committed $761/1000 | naked $234 | funded 7/20 | verified 100.0% (19v/0u)
06:20:59 INFO sweep | 3/20 scoring | est $23.97/day | offers $390 | committed $761/1000 | naked $234 | funded 7/20 | verified 100.0% (19v/0u)
06:21:21 INFO sweep | 3/20 scoring | est $23.23/day | offers $390 | committed $761/1000 | naked $234 | funded 7/20 | verified 100.0% (19v/0u)
06:21:43 INFO sweep | 3/20 scoring | est $21.62/day | offers $390 | committed $761/1000 | naked $234 | funded 7/20 | verified 100.0% (19v/0u)
06:22:05 INFO sweep | 3/20 scoring | est $19.85/day | offers $390 | committed $761/1000 | naked $234 | funded 7/20 | verified 100.0% (19v/0u)
06:22:28 INFO sweep | 3/20 scoring | est $19.72/day | offers $390 | committed $761/1000 | naked $234 | funded 7/20 | verified 100.0% (19v/0u)
06:22:50 INFO sweep | 3/20 scoring | est $18.16/day | offers $390 | committed $761/1000 | naked $234 | funded 7/20 | verified 100.0% (19v/0u)
06:23:12 INFO sweep | 3/20 scoring | est $10.83/day | offers $390 | committed $761/1000 | naked $234 | funded 7/20 | verified 100.0% (19v/0u)
06:23:35 INFO sweep | 3/20 scoring | est $10.84/day | offers $390 | committed $761/1000 | naked $234 | funded 7/20 | verified 100.0% (19v/0u)
06:23:57 INFO sweep | 3/20 scoring | est $9.51/day | offers $390 | committed $761/1000 | naked $234 | funded 7/20 | verified 100.0% (19v/0u)
06:24:19 INFO sweep | 3/20 scoring | est $9.58/day | offers $390 | committed $761/1000 | naked $234 | funded 7/20 | verified 100.0% (19v/0u)
06:24:42 INFO sweep | 3/20 scoring | est $9.63/day | offers $390 | committed $761/1000 | naked $234 | funded 7/20 | verified 100.0% (19v/0u)
06:25:04 INFO sweep | 3/20 scoring | est $10.08/day | offers $390 | committed $761/1000 | naked $234 | funded 7/20 | verified 100.0% (19v/0u)
06:25:26 INFO sweep | 3/20 scoring | est $10.13/day | offers $390 | committed $761/1000 | naked $234 | funded 7/20 | verified 100.0% (19v/0u)
06:25:48 INFO sweep | 3/20 scoring | est $10.05/day | offers $390 | committed $761/1000 | naked $234 | funded 7/20 | verified 100.0% (19v/0u)
06:26:10 INFO sweep | 3/20 scoring | est $10.11/day | offers $390 | committed $761/1000 | naked $234 | funded 7/20 | verified 100.0% (19v/0u)
06:26:32 INFO sweep | 3/20 scoring | est $10.11/day | offers $390 | committed $761/1000 | naked $234 | funded 7/20 | verified 100.0% (19v/0u)
06:26:55 INFO sweep | 3/20 scoring | est $8.43/day | offers $390 | committed $761/1000 | naked $234 | funded 7/20 | verified 100.0% (19v/0u)
06:27:17 INFO sweep | 3/20 scoring | est $8.41/day | offers $390 | committed $761/1000 | naked $234 | funded 7/20 | verified 100.0% (19v/0u)
06:27:39 INFO sweep | 3/20 scoring | est $8.41/day | offers $390 | committed $761/1000 | naked $234 | funded 7/20 | verified 100.0% (19v/0u)
06:28:03 INFO sweep | 3/20 scoring | est $8.41/day | offers $390 | committed $761/1000 | naked $234 | funded 7/20 | verified 100.0% (19v/0u)
06:28:25 INFO sweep | 3/20 scoring | est $8.06/day | offers $390 | committed $761/1000 | naked $234 | funded 7/20 | verified 100.0% (19v/0u)
06:28:46 INFO sweep | 3/20 scoring | est $8.07/day | offers $390 | committed $761/1000 | naked $234 | funded 7/20 | verified 100.0% (19v/0u)
06:29:10 INFO sweep | 3/20 scoring | est $8.06/day | offers $390 | committed $761/1000 | naked $234 | funded 7/20 | verified 100.0% (19v/0u)
06:29:32 INFO sweep | 3/20 scoring | est $8.06/day | offers $390 | committed $761/1000 | naked $234 | funded 7/20 | verified 100.0% (19v/0u)
06:29:54 INFO sweep | 3/20 scoring | est $7.71/day | offers $390 | committed $761/1000 | naked $234 | funded 7/20 | verified 100.0% (19v/0u)
06:30:17 INFO sweep | 3/20 scoring | est $7.67/day | offers $390 | committed $761/1000 | naked $234 | funded 7/20 | verified 100.0% (19v/0u)
06:30:39 INFO sweep | 3/20 scoring | est $7.67/day | offers $390 | committed $761/1000 | naked $234 | funded 7/20 | verified 100.0% (19v/0u)
06:31:01 INFO sweep | 3/20 scoring | est $11.58/day | offers $390 | committed $761/1000 | naked $234 | funded 7/20 | verified 100.0% (19v/0u)
06:31:23 INFO sweep | 3/20 scoring | est $12.09/day | offers $390 | committed $761/1000 | naked $234 | funded 7/20 | verified 100.0% (19v/0u)
06:31:45 INFO sweep | 3/20 scoring | est $12.18/day | offers $390 | committed $761/1000 | naked $234 | funded 7/20 | verified 100.0% (19v/0u)
06:32:07 INFO sweep | 3/20 scoring | est $11.69/day | offers $390 | committed $761/1000 | naked $234 | funded 7/20 | verified 100.0% (19v/0u)
06:32:30 INFO sweep | 3/20 scoring | est $12.69/day | offers $390 | committed $761/1000 | naked $234 | funded 7/20 | verified 100.0% (19v/0u)
06:32:52 INFO sweep | 3/20 scoring | est $13.94/day | offers $390 | committed $761/1000 | naked $234 | funded 7/20 | verified 100.0% (19v/0u)
06:33:14 INFO sweep | 3/20 scoring | est $13.63/day | offers $390 | committed $761/1000 | naked $234 | funded 7/20 | verified 100.0% (19v/0u)
06:33:36 INFO sweep | 3/20 scoring | est $13.63/day | offers $390 | committed $761/1000 | naked $234 | funded 7/20 | verified 100.0% (19v/0u)
06:33:58 INFO sweep | 3/20 scoring | est $13.63/day | offers $390 | committed $761/1000 | naked $234 | funded 7/20 | verified 100.0% (19v/0u)
06:34:20 INFO sweep | 3/20 scoring | est $13.65/day | offers $390 | committed $761/1000 | naked $234 | funded 7/20 | verified 100.0% (19v/0u)
06:34:43 INFO sweep | 3/20 scoring | est $8.74/day | offers $390 | committed $761/1000 | naked $234 | funded 7/20 | verified 100.0% (19v/0u)
06:35:05 INFO sweep | 3/20 scoring | est $8.62/day | offers $390 | committed $761/1000 | naked $234 | funded 7/20 | verified 100.0% (19v/0u)
06:35:26 INFO sweep | 3/20 scoring | est $8.62/day | offers $390 | committed $761/1000 | naked $234 | funded 7/20 | verified 100.0% (19v/0u)
06:35:49 INFO sweep | 2/20 scoring | est $6.25/day | offers $259 | committed $630/1000 | naked $234 | funded 7/20 | verified 100.0% (19v/0u)
06:36:11 INFO sweep | 2/20 scoring | est $6.25/day | offers $259 | committed $630/1000 | naked $234 | funded 7/20 | verified 100.0% (19v/0u)
06:36:33 INFO sweep | 2/20 scoring | est $5.89/day | offers $259 | committed $630/1000 | naked $234 | funded 7/20 | verified 100.0% (19v/0u)
06:36:56 INFO sweep | 2/20 scoring | est $5.92/day | offers $259 | committed $630/1000 | naked $234 | funded 7/20 | verified 100.0% (19v/0u)
06:37:18 INFO sweep | 2/20 scoring | est $5.91/day | offers $259 | committed $630/1000 | naked $234 | funded 7/20 | verified 100.0% (19v/0u)
06:37:40 INFO sweep | 2/20 scoring | est $5.79/day | offers $250 | committed $620/1000 | naked $234 | funded 7/20 | verified 100.0% (19v/0u)
06:38:02 INFO sweep | 2/20 scoring | est $5.86/day | offers $254 | committed $625/1000 | naked $234 | funded 7/20 | verified 100.0% (19v/0u)
06:38:24 INFO sweep | 2/20 scoring | est $4.30/day | offers $259 | committed $630/1000 | naked $234 | funded 7/20 | verified 100.0% (19v/0u)
06:38:46 INFO sweep | 2/20 scoring | est $4.30/day | offers $259 | committed $630/1000 | naked $234 | funded 7/20 | verified 100.0% (19v/0u)
06:39:09 INFO sweep | 2/20 scoring | est $4.29/day | offers $259 | committed $630/1000 | naked $234 | funded 7/20 | verified 100.0% (19v/0u)
06:39:31 INFO sweep | 2/20 scoring | est $4.34/day | offers $259 | committed $630/1000 | naked $234 | funded 7/20 | verified 100.0% (19v/0u)
06:39:52 INFO sweep | 2/20 scoring | est $4.52/day | offers $259 | committed $630/1000 | naked $234 | funded 7/20 | verified 100.0% (19v/0u)
06:40:15 INFO sweep | 2/20 scoring | est $4.53/day | offers $259 | committed $630/1000 | naked $234 | funded 7/20 | verified 100.0% (19v/0u)
06:40:37 INFO sweep | 2/20 scoring | est $4.53/day | offers $259 | committed $630/1000 | naked $234 | funded 7/20 | verified 100.0% (19v/0u)
06:40:59 INFO sweep | 2/20 scoring | est $4.94/day | offers $259 | committed $630/1000 | naked $234 | funded 7/20 | verified 100.0% (19v/0u)
06:41:22 INFO sweep | 2/20 scoring | est $4.94/day | offers $259 | committed $630/1000 | naked $234 | funded 7/20 | verified 100.0% (19v/0u)
06:41:44 INFO sweep | 2/20 scoring | est $4.94/day | offers $259 | committed $630/1000 | naked $234 | funded 7/20 | verified 100.0% (19v/0u)
06:42:05 INFO sweep | 2/20 scoring | est $4.96/day | offers $259 | committed $630/1000 | naked $234 | funded 7/20 | verified 100.0% (19v/0u)
06:42:29 INFO sweep | 2/20 scoring | est $4.93/day | offers $259 | committed $630/1000 | naked $234 | funded 7/20 | verified 100.0% (19v/0u)
06:42:52 INFO sweep | 2/20 scoring | est $4.94/day | offers $259 | committed $630/1000 | naked $234 | funded 7/20 | verified 100.0% (19v/0u)
06:43:14 INFO sweep | 2/20 scoring | est $4.94/day | offers $259 | committed $630/1000 | naked $234 | funded 7/20 | verified 100.0% (19v/0u)
06:43:37 INFO sweep | 2/20 scoring | est $4.93/day | offers $259 | committed $630/1000 | naked $234 | funded 7/20 | verified 100.0% (19v/0u)
06:43:59 INFO sweep | 2/20 scoring | est $4.93/day | offers $259 | committed $630/1000 | naked $234 | funded 7/20 | verified 100.0% (19v/0u)
06:44:21 INFO sweep | 2/20 scoring | est $4.94/day | offers $259 | committed $630/1000 | naked $234 | funded 7/20 | verified 100.0% (19v/0u)
06:44:44 INFO sweep | 2/20 scoring | est $4.94/day | offers $259 | committed $630/1000 | naked $234 | funded 7/20 | verified 100.0% (19v/0u)
06:45:05 INFO sweep | 2/20 scoring | est $4.94/day | offers $259 | committed $630/1000 | naked $234 | funded 7/20 | verified 100.0% (19v/0u)
06:45:27 INFO sweep | 2/20 scoring | est $4.96/day | offers $259 | committed $630/1000 | naked $234 | funded 7/20 | verified 100.0% (19v/0u)
06:45:50 INFO sweep | 2/20 scoring | est $4.96/day | offers $259 | committed $630/1000 | naked $234 | funded 7/20 | verified 100.0% (19v/0u)
06:46:12 INFO sweep | 2/20 scoring | est $4.96/day | offers $259 | committed $630/1000 | naked $234 | funded 7/20 | verified 100.0% (19v/0u)
06:46:34 INFO sweep | 2/20 scoring | est $4.96/day | offers $259 | committed $630/1000 | naked $234 | funded 7/20 | verified 100.0% (19v/0u)
06:46:57 INFO sweep | 2/20 scoring | est $4.96/day | offers $259 | committed $630/1000 | naked $234 | funded 7/20 | verified 100.0% (19v/0u)
06:47:18 INFO sweep | 2/20 scoring | est $4.97/day | offers $259 | committed $630/1000 | naked $234 | funded 7/20 | verified 100.0% (19v/0u)
06:47:40 INFO sweep | 2/20 scoring | est $4.97/day | offers $259 | committed $630/1000 | naked $234 | funded 7/20 | verified 100.0% (19v/0u)
06:48:03 INFO sweep | 2/20 scoring | est $4.84/day | offers $259 | committed $630/1000 | naked $234 | funded 7/20 | verified 100.0% (19v/0u)
06:48:25 INFO sweep | 2/20 scoring | est $4.84/day | offers $259 | committed $630/1000 | naked $234 | funded 7/20 | verified 100.0% (19v/0u)
06:48:47 INFO sweep | 2/20 scoring | est $4.84/day | offers $259 | committed $630/1000 | naked $234 | funded 7/20 | verified 100.0% (19v/0u)
06:49:10 INFO sweep | 2/20 scoring | est $4.84/day | offers $259 | committed $630/1000 | naked $234 | funded 7/20 | verified 100.0% (19v/0u)
06:49:32 INFO sweep | 2/20 scoring | est $5.25/day | offers $259 | committed $630/1000 | naked $234 | funded 7/20 | verified 100.0% (19v/0u)
06:49:54 INFO sweep | 2/20 scoring | est $5.25/day | offers $259 | committed $630/1000 | naked $234 | funded 7/20 | verified 100.0% (19v/0u)
06:50:16 INFO sweep | 2/20 scoring | est $5.24/day | offers $259 | committed $630/1000 | naked $234 | funded 7/20 | verified 100.0% (19v/0u)
06:50:38 INFO sweep | 2/20 scoring | est $5.50/day | offers $259 | committed $630/1000 | naked $234 | funded 7/20 | verified 100.0% (19v/0u)
06:51:01 INFO sweep | 2/20 scoring | est $5.50/day | offers $259 | committed $630/1000 | naked $234 | funded 7/20 | verified 100.0% (19v/0u)
06:51:23 INFO sweep | 2/20 scoring | est $5.50/day | offers $259 | committed $630/1000 | naked $234 | funded 7/20 | verified 100.0% (19v/0u)
06:51:45 INFO sweep | 2/20 scoring | est $5.51/day | offers $259 | committed $630/1000 | naked $234 | funded 7/20 | verified 100.0% (19v/0u)
06:52:07 INFO sweep | 2/20 scoring | est $6.50/day | offers $258 | committed $629/1000 | naked $234 | funded 7/20 | verified 100.0% (19v/0u)
06:52:30 INFO sweep | 2/20 scoring | est $6.45/day | offers $258 | committed $629/1000 | naked $234 | funded 7/20 | verified 100.0% (19v/0u)
06:52:52 INFO sweep | 2/20 scoring | est $6.46/day | offers $258 | committed $629/1000 | naked $234 | funded 7/20 | verified 100.0% (19v/0u)
06:53:13 INFO sweep | 2/20 scoring | est $6.46/day | offers $258 | committed $629/1000 | naked $234 | funded 7/20 | verified 100.0% (19v/0u)
06:53:36 INFO sweep | 2/20 scoring | est $6.46/day | offers $258 | committed $629/1000 | naked $234 | funded 7/20 | verified 100.0% (19v/0u)
06:53:58 INFO sweep | 2/20 scoring | est $6.46/day | offers $258 | committed $629/1000 | naked $234 | funded 7/20 | verified 100.0% (19v/0u)
06:54:20 INFO sweep | 2/20 scoring | est $6.46/day | offers $258 | committed $629/1000 | naked $234 | funded 7/20 | verified 100.0% (19v/0u)
06:54:43 INFO sweep | 2/20 scoring | est $6.46/day | offers $258 | committed $629/1000 | naked $234 | funded 7/20 | verified 100.0% (19v/0u)
06:55:05 INFO sweep | 2/20 scoring | est $9.33/day | offers $258 | committed $629/1000 | naked $234 | funded 7/20 | verified 100.0% (19v/0u)
06:55:26 INFO sweep | 2/20 scoring | est $8.31/day | offers $258 | committed $629/1000 | naked $234 | funded 7/20 | verified 100.0% (19v/0u)
06:55:49 INFO sweep | 2/20 scoring | est $8.28/day | offers $258 | committed $629/1000 | naked $234 | funded 7/20 | verified 100.0% (19v/0u)
06:56:11 INFO sweep | 2/20 scoring | est $8.65/day | offers $258 | committed $629/1000 | naked $234 | funded 7/20 | verified 100.0% (19v/0u)
06:56:33 INFO sweep | 2/20 scoring | est $8.66/day | offers $258 | committed $629/1000 | naked $234 | funded 7/20 | verified 100.0% (19v/0u)
06:56:56 INFO sweep | 2/20 scoring | est $8.93/day | offers $258 | committed $629/1000 | naked $234 | funded 7/20 | verified 100.0% (19v/0u)
06:57:18 INFO sweep | 2/20 scoring | est $8.93/day | offers $258 | committed $629/1000 | naked $234 | funded 7/20 | verified 100.0% (19v/0u)
06:57:40 INFO sweep | 2/20 scoring | est $9.09/day | offers $258 | committed $629/1000 | naked $234 | funded 7/20 | verified 100.0% (19v/0u)
06:58:04 INFO sweep | 2/20 scoring | est $9.07/day | offers $258 | committed $629/1000 | naked $234 | funded 7/20 | verified 100.0% (19v/0u)
06:58:26 INFO sweep | 2/20 scoring | est $9.10/day | offers $258 | committed $629/1000 | naked $234 | funded 7/20 | verified 100.0% (19v/0u)
06:58:47 INFO sweep | 2/20 scoring | est $6.18/day | offers $258 | committed $629/1000 | naked $234 | funded 7/20 | verified 100.0% (19v/0u)
06:59:10 INFO sweep | 2/20 scoring | est $6.32/day | offers $258 | committed $629/1000 | naked $234 | funded 7/20 | verified 100.0% (19v/0u)
06:59:32 INFO sweep | 2/20 scoring | est $6.61/day | offers $258 | committed $629/1000 | naked $234 | funded 7/20 | verified 100.0% (19v/0u)
06:59:54 INFO sweep | 2/20 scoring | est $6.69/day | offers $258 | committed $629/1000 | naked $234 | funded 7/20 | verified 100.0% (19v/0u)
07:00:17 INFO sweep | 2/20 scoring | est $6.42/day | offers $258 | committed $629/1000 | naked $234 | funded 7/20 | verified 100.0% (19v/0u)
07:00:39 INFO sweep | 2/20 scoring | est $6.45/day | offers $258 | committed $629/1000 | naked $234 | funded 7/20 | verified 100.0% (19v/0u)
07:01:01 INFO sweep | 2/20 scoring | est $6.46/day | offers $258 | committed $629/1000 | naked $234 | funded 7/20 | verified 100.0% (19v/0u)
07:01:24 INFO sweep | 2/20 scoring | est $6.43/day | offers $258 | committed $629/1000 | naked $234 | funded 7/20 | verified 100.0% (19v/0u)
07:01:46 INFO sweep | 2/20 scoring | est $6.87/day | offers $258 | committed $629/1000 | naked $234 | funded 7/20 | verified 100.0% (19v/0u)
07:02:08 INFO sweep | 2/20 scoring | est $6.95/day | offers $258 | committed $629/1000 | naked $234 | funded 7/20 | verified 100.0% (19v/0u)
07:02:30 INFO sweep | 2/20 scoring | est $6.91/day | offers $258 | committed $629/1000 | naked $234 | funded 7/20 | verified 100.0% (19v/0u)
07:02:52 INFO sweep | 2/20 scoring | est $7.02/day | offers $258 | committed $629/1000 | naked $234 | funded 7/20 | verified 100.0% (19v/0u)
07:03:14 INFO sweep | 2/20 scoring | est $7.00/day | offers $258 | committed $629/1000 | naked $234 | funded 7/20 | verified 100.0% (19v/0u)
07:03:37 INFO sweep | 2/20 scoring | est $7.02/day | offers $258 | committed $629/1000 | naked $234 | funded 7/20 | verified 100.0% (19v/0u)
07:03:59 INFO sweep | 2/20 scoring | est $7.37/day | offers $258 | committed $629/1000 | naked $234 | funded 7/20 | verified 100.0% (19v/0u)
07:04:21 INFO sweep | 2/20 scoring | est $7.37/day | offers $258 | committed $629/1000 | naked $234 | funded 7/20 | verified 100.0% (19v/0u)
07:04:43 INFO sweep | 2/20 scoring | est $7.51/day | offers $258 | committed $629/1000 | naked $234 | funded 7/20 | verified 100.0% (19v/0u)
07:05:05 INFO sweep | 2/20 scoring | est $7.75/day | offers $258 | committed $629/1000 | naked $234 | funded 7/20 | verified 100.0% (19v/0u)
07:05:28 INFO sweep | 2/20 scoring | est $7.75/day | offers $258 | committed $629/1000 | naked $234 | funded 7/20 | verified 100.0% (19v/0u)
07:05:51 INFO sweep | 2/20 scoring | est $7.80/day | offers $258 | committed $629/1000 | naked $234 | funded 7/20 | verified 100.0% (19v/0u)
07:06:13 INFO sweep | 2/20 scoring | est $7.77/day | offers $258 | committed $629/1000 | naked $234 | funded 7/20 | verified 100.0% (19v/0u)
07:06:35 INFO sweep | 2/20 scoring | est $7.79/day | offers $258 | committed $629/1000 | naked $234 | funded 7/20 | verified 100.0% (19v/0u)
07:06:57 INFO sweep | 2/20 scoring | est $7.90/day | offers $258 | committed $629/1000 | naked $234 | funded 7/20 | verified 100.0% (19v/0u)
07:07:19 INFO sweep | 2/20 scoring | est $7.90/day | offers $258 | committed $629/1000 | naked $234 | funded 7/20 | verified 100.0% (19v/0u)
07:07:41 INFO sweep | 2/20 scoring | est $7.49/day | offers $258 | committed $629/1000 | naked $234 | funded 7/20 | verified 100.0% (19v/0u)
07:08:04 INFO sweep | 2/20 scoring | est $7.49/day | offers $258 | committed $629/1000 | naked $234 | funded 7/20 | verified 100.0% (19v/0u)
07:08:26 INFO sweep | 2/20 scoring | est $7.49/day | offers $258 | committed $629/1000 | naked $234 | funded 7/20 | verified 100.0% (19v/0u)
07:08:48 INFO sweep | 2/20 scoring | est $7.49/day | offers $258 | committed $629/1000 | naked $234 | funded 7/20 | verified 100.0% (19v/0u)
07:09:10 INFO sweep | 2/20 scoring | est $7.49/day | offers $258 | committed $629/1000 | naked $234 | funded 7/20 | verified 100.0% (19v/0u)
07:09:32 INFO sweep | 2/20 scoring | est $7.52/day | offers $258 | committed $629/1000 | naked $234 | funded 7/20 | verified 100.0% (19v/0u)
07:09:54 INFO sweep | 2/20 scoring | est $7.53/day | offers $258 | committed $629/1000 | naked $234 | funded 7/20 | verified 100.0% (19v/0u)
07:10:17 INFO sweep | 2/20 scoring | est $7.53/day | offers $258 | committed $629/1000 | naked $234 | funded 7/20 | verified 100.0% (19v/0u)
07:10:39 INFO sweep | 2/20 scoring | est $7.53/day | offers $258 | committed $629/1000 | naked $234 | funded 7/20 | verified 100.0% (19v/0u)
07:11:01 INFO sweep | 2/20 scoring | est $7.54/day | offers $258 | committed $629/1000 | naked $234 | funded 7/20 | verified 100.0% (19v/0u)
07:11:24 INFO sweep | 2/20 scoring | est $7.54/day | offers $258 | committed $629/1000 | naked $234 | funded 7/20 | verified 100.0% (19v/0u)
07:11:46 INFO sweep | 2/20 scoring | est $7.54/day | offers $258 | committed $629/1000 | naked $234 | funded 7/20 | verified 100.0% (19v/0u)
07:12:07 INFO sweep | 2/20 scoring | est $7.60/day | offers $258 | committed $629/1000 | naked $234 | funded 7/20 | verified 100.0% (19v/0u)
07:12:30 INFO sweep | 2/20 scoring | est $7.64/day | offers $258 | committed $629/1000 | naked $234 | funded 7/20 | verified 100.0% (19v/0u)
07:12:53 INFO sweep | 2/20 scoring | est $7.64/day | offers $258 | committed $629/1000 | naked $234 | funded 7/20 | verified 100.0% (19v/0u)
07:13:15 INFO sweep | 2/20 scoring | est $7.64/day | offers $258 | committed $629/1000 | naked $234 | funded 7/20 | verified 100.0% (19v/0u)
07:13:37 INFO sweep | 2/20 scoring | est $7.84/day | offers $258 | committed $629/1000 | naked $234 | funded 7/20 | verified 100.0% (19v/0u)
07:13:59 INFO sweep | 2/20 scoring | est $7.82/day | offers $258 | committed $629/1000 | naked $234 | funded 7/20 | verified 100.0% (19v/0u)
07:14:21 INFO sweep | 2/20 scoring | est $7.81/day | offers $258 | committed $629/1000 | naked $234 | funded 7/20 | verified 100.0% (19v/0u)
07:14:43 INFO sweep | 2/20 scoring | est $7.82/day | offers $258 | committed $629/1000 | naked $234 | funded 7/20 | verified 100.0% (19v/0u)
07:15:05 INFO sweep | 2/20 scoring | est $7.82/day | offers $258 | committed $629/1000 | naked $234 | funded 7/20 | verified 100.0% (19v/0u)
07:15:27 INFO sweep | 2/20 scoring | est $7.87/day | offers $258 | committed $629/1000 | naked $234 | funded 7/20 | verified 100.0% (19v/0u)
07:15:50 INFO sweep | 2/20 scoring | est $7.87/day | offers $258 | committed $629/1000 | naked $234 | funded 7/20 | verified 100.0% (19v/0u)
07:16:12 INFO sweep | 2/20 scoring | est $7.87/day | offers $258 | committed $629/1000 | naked $234 | funded 7/20 | verified 100.0% (19v/0u)
07:16:34 INFO sweep | 2/20 scoring | est $7.88/day | offers $258 | committed $629/1000 | naked $234 | funded 7/20 | verified 100.0% (19v/0u)
07:16:56 INFO sweep | 2/20 scoring | est $7.88/day | offers $258 | committed $629/1000 | naked $234 | funded 7/20 | verified 100.0% (19v/0u)
07:17:18 INFO sweep | 2/20 scoring | est $7.88/day | offers $258 | committed $629/1000 | naked $234 | funded 7/20 | verified 100.0% (19v/0u)
07:17:40 INFO sweep | 2/20 scoring | est $7.89/day | offers $258 | committed $629/1000 | naked $234 | funded 7/20 | verified 100.0% (19v/0u)
07:18:02 INFO sweep | 2/20 scoring | est $7.89/day | offers $258 | committed $629/1000 | naked $234 | funded 7/20 | verified 100.0% (19v/0u)
07:18:24 INFO sweep | 2/20 scoring | est $7.99/day | offers $258 | committed $629/1000 | naked $234 | funded 7/20 | verified 100.0% (19v/0u)
07:18:46 INFO sweep | 2/20 scoring | est $7.99/day | offers $258 | committed $629/1000 | naked $234 | funded 7/20 | verified 100.0% (19v/0u)
07:19:08 INFO sweep | 2/20 scoring | est $8.00/day | offers $258 | committed $629/1000 | naked $234 | funded 7/20 | verified 100.0% (19v/0u)
07:19:30 INFO sweep | 2/20 scoring | est $7.98/day | offers $258 | committed $629/1000 | naked $234 | funded 7/20 | verified 100.0% (19v/0u)
07:19:51 INFO sweep | 2/20 scoring | est $7.98/day | offers $258 | committed $629/1000 | naked $234 | funded 7/20 | verified 100.0% (19v/0u)
07:20:14 INFO sweep | 2/20 scoring | est $7.98/day | offers $258 | committed $629/1000 | naked $234 | funded 7/20 | verified 100.0% (19v/0u)
07:20:36 INFO sweep | 2/20 scoring | est $7.98/day | offers $258 | committed $629/1000 | naked $234 | funded 7/20 | verified 100.0% (19v/0u)
07:20:57 INFO sweep | 2/20 scoring | est $7.99/day | offers $258 | committed $629/1000 | naked $234 | funded 7/20 | verified 100.0% (19v/0u)
07:21:20 INFO sweep | 2/20 scoring | est $8.04/day | offers $258 | committed $629/1000 | naked $234 | funded 7/20 | verified 100.0% (19v/0u)
07:21:42 INFO sweep | 2/20 scoring | est $8.04/day | offers $258 | committed $629/1000 | naked $234 | funded 7/20 | verified 100.0% (19v/0u)
07:22:03 INFO sweep | 2/20 scoring | est $8.04/day | offers $258 | committed $629/1000 | naked $234 | funded 7/20 | verified 100.0% (19v/0u)
07:22:26 INFO sweep | 2/20 scoring | est $8.05/day | offers $258 | committed $629/1000 | naked $234 | funded 7/20 | verified 100.0% (19v/0u)
07:22:48 INFO sweep | 2/20 scoring | est $8.04/day | offers $258 | committed $629/1000 | naked $234 | funded 7/20 | verified 100.0% (19v/0u)
07:23:10 INFO sweep | 2/20 scoring | est $8.04/day | offers $258 | committed $629/1000 | naked $234 | funded 7/20 | verified 100.0% (19v/0u)
07:23:33 INFO sweep | 2/20 scoring | est $8.09/day | offers $258 | committed $629/1000 | naked $234 | funded 7/20 | verified 100.0% (19v/0u)
07:23:54 INFO sweep | 2/20 scoring | est $9.10/day | offers $258 | committed $629/1000 | naked $234 | funded 7/20 | verified 100.0% (19v/0u)
07:24:16 INFO sweep | 2/20 scoring | est $9.10/day | offers $258 | committed $629/1000 | naked $234 | funded 7/20 | verified 100.0% (19v/0u)
07:24:40 INFO sweep | 2/20 scoring | est $9.10/day | offers $258 | committed $629/1000 | naked $234 | funded 7/20 | verified 100.0% (19v/0u)
07:25:01 INFO sweep | 2/20 scoring | est $9.10/day | offers $258 | committed $629/1000 | naked $234 | funded 7/20 | verified 100.0% (19v/0u)
07:25:23 INFO sweep | 2/20 scoring | est $9.10/day | offers $258 | committed $629/1000 | naked $234 | funded 7/20 | verified 100.0% (19v/0u)
07:25:46 INFO sweep | 2/20 scoring | est $9.11/day | offers $258 | committed $629/1000 | naked $234 | funded 7/20 | verified 100.0% (19v/0u)
07:26:08 INFO sweep | 2/20 scoring | est $9.11/day | offers $258 | committed $629/1000 | naked $234 | funded 7/20 | verified 100.0% (19v/0u)
07:26:29 INFO sweep | 2/20 scoring | est $9.13/day | offers $258 | committed $629/1000 | naked $234 | funded 7/20 | verified 100.0% (19v/0u)
07:26:52 INFO sweep | 2/20 scoring | est $9.27/day | offers $258 | committed $629/1000 | naked $234 | funded 7/20 | verified 100.0% (19v/0u)
07:27:14 INFO sweep | 2/20 scoring | est $9.31/day | offers $258 | committed $629/1000 | naked $234 | funded 7/20 | verified 100.0% (19v/0u)
07:27:35 INFO sweep | 2/20 scoring | est $9.43/day | offers $258 | committed $629/1000 | naked $234 | funded 7/20 | verified 100.0% (19v/0u)
07:27:49 INFO resolved will-bitcoin-dip-to-62k-on-august-3 -> 835869010635
07:27:49 INFO RESOLVE 1 market(s) settled
07:27:59 INFO sweep | 2/20 scoring | est $9.47/day | offers $258 | committed $629/1000 | naked $234 | funded 7/20 | verified 100.0% (19v/0u)
07:28:21 INFO sweep | 2/20 scoring | est $9.45/day | offers $258 | committed $629/1000 | naked $234 | funded 7/20 | verified 100.0% (19v/0u)
07:28:43 INFO sweep | 2/20 scoring | est $9.50/day | offers $258 | committed $629/1000 | naked $234 | funded 7/20 | verified 100.0% (19v/0u)
07:29:06 INFO sweep | 2/20 scoring | est $9.52/day | offers $258 | committed $629/1000 | naked $234 | funded 7/20 | verified 100.0% (19v/0u)
07:29:27 INFO sweep | 2/20 scoring | est $9.58/day | offers $258 | committed $629/1000 | naked $234 | funded 7/20 | verified 100.0% (19v/0u)
07:29:50 INFO sweep | 2/20 scoring | est $9.62/day | offers $258 | committed $629/1000 | naked $234 | funded 7/20 | verified 100.0% (19v/0u)
07:30:13 INFO sweep | 2/20 scoring | est $9.62/day | offers $258 | committed $629/1000 | naked $234 | funded 7/20 | verified 100.0% (19v/0u)
07:30:35 INFO sweep | 2/20 scoring | est $9.70/day | offers $258 | committed $629/1000 | naked $234 | funded 7/20 | verified 100.0% (19v/0u)
07:30:56 INFO sweep | 2/20 scoring | est $11.49/day | offers $258 | committed $629/1000 | naked $234 | funded 7/20 | verified 100.0% (19v/0u)
07:31:20 INFO sweep | 2/20 scoring | est $10.76/day | offers $258 | committed $629/1000 | naked $234 | funded 7/20 | verified 100.0% (19v/0u)
07:31:41 INFO sweep | 2/20 scoring | est $11.06/day | offers $259 | committed $630/1000 | naked $234 | funded 7/20 | verified 100.0% (19v/0u)
07:32:03 INFO sweep | 2/20 scoring | est $11.12/day | offers $259 | committed $630/1000 | naked $234 | funded 7/20 | verified 100.0% (19v/0u)
07:32:25 INFO sweep | 2/20 scoring | est $11.22/day | offers $259 | committed $630/1000 | naked $234 | funded 7/20 | verified 100.0% (19v/0u)
07:32:47 INFO sweep | 2/20 scoring | est $9.60/day | offers $259 | committed $630/1000 | naked $234 | funded 7/20 | verified 100.0% (19v/0u)
07:33:09 INFO sweep | 2/20 scoring | est $9.57/day | offers $259 | committed $630/1000 | naked $234 | funded 7/20 | verified 100.0% (19v/0u)
07:33:31 INFO sweep | 2/20 scoring | est $9.59/day | offers $259 | committed $630/1000 | naked $234 | funded 7/20 | verified 100.0% (19v/0u)
07:33:53 INFO sweep | 2/20 scoring | est $9.63/day | offers $259 | committed $630/1000 | naked $234 | funded 7/20 | verified 100.0% (19v/0u)
07:34:15 INFO sweep | 2/20 scoring | est $9.72/day | offers $259 | committed $630/1000 | naked $234 | funded 7/20 | verified 100.0% (19v/0u)
07:34:37 INFO sweep | 2/20 scoring | est $10.02/day | offers $259 | committed $630/1000 | naked $234 | funded 7/20 | verified 100.0% (19v/0u)
07:34:59 INFO sweep | 2/20 scoring | est $10.06/day | offers $259 | committed $630/1000 | naked $234 | funded 7/20 | verified 100.0% (19v/0u)
07:35:21 INFO sweep | 2/20 scoring | est $10.11/day | offers $259 | committed $630/1000 | naked $234 | funded 7/20 | verified 100.0% (19v/0u)
07:35:43 INFO sweep | 2/20 scoring | est $10.15/day | offers $259 | committed $630/1000 | naked $234 | funded 7/20 | verified 100.0% (19v/0u)
07:36:05 INFO sweep | 2/20 scoring | est $10.20/day | offers $259 | committed $630/1000 | naked $234 | funded 7/20 | verified 100.0% (19v/0u)
07:36:27 INFO sweep | 2/20 scoring | est $10.24/day | offers $259 | committed $630/1000 | naked $234 | funded 7/20 | verified 100.0% (19v/0u)
07:36:49 INFO sweep | 2/20 scoring | est $10.30/day | offers $259 | committed $630/1000 | naked $234 | funded 7/20 | verified 100.0% (19v/0u)
07:37:11 INFO sweep | 2/20 scoring | est $10.30/day | offers $259 | committed $630/1000 | naked $234 | funded 7/20 | verified 100.0% (19v/0u)
07:37:33 INFO sweep | 2/20 scoring | est $10.31/day | offers $259 | committed $630/1000 | naked $234 | funded 7/20 | verified 100.0% (19v/0u)
07:37:55 INFO sweep | 2/20 scoring | est $10.35/day | offers $259 | committed $630/1000 | naked $234 | funded 7/20 | verified 100.0% (19v/0u)
07:38:17 INFO sweep | 2/20 scoring | est $9.59/day | offers $259 | committed $630/1000 | naked $234 | funded 7/20 | verified 100.0% (19v/0u)
07:38:39 INFO sweep | 2/20 scoring | est $9.63/day | offers $259 | committed $630/1000 | naked $234 | funded 7/20 | verified 100.0% (19v/0u)
07:39:01 INFO sweep | 2/20 scoring | est $9.67/day | offers $259 | committed $630/1000 | naked $234 | funded 7/20 | verified 100.0% (19v/0u)
07:39:23 INFO sweep | 2/20 scoring | est $8.47/day | offers $259 | committed $630/1000 | naked $234 | funded 7/20 | verified 100.0% (19v/0u)
07:39:45 INFO sweep | 2/20 scoring | est $8.66/day | offers $259 | committed $630/1000 | naked $234 | funded 7/20 | verified 100.0% (19v/0u)
07:40:07 INFO sweep | 2/20 scoring | est $5.92/day | offers $259 | committed $630/1000 | naked $234 | funded 7/20 | verified 100.0% (19v/0u)
07:40:29 INFO sweep | 2/20 scoring | est $5.97/day | offers $259 | committed $630/1000 | naked $234 | funded 7/20 | verified 100.0% (19v/0u)
07:40:51 INFO sweep | 2/20 scoring | est $6.12/day | offers $259 | committed $630/1000 | naked $234 | funded 7/20 | verified 100.0% (19v/0u)
07:41:13 INFO sweep | 2/20 scoring | est $6.20/day | offers $259 | committed $630/1000 | naked $234 | funded 7/20 | verified 100.0% (19v/0u)
07:41:35 INFO sweep | 2/20 scoring | est $6.28/day | offers $259 | committed $630/1000 | naked $234 | funded 7/20 | verified 100.0% (19v/0u)
07:41:57 INFO sweep | 2/20 scoring | est $6.30/day | offers $259 | committed $630/1000 | naked $234 | funded 7/20 | verified 100.0% (19v/0u)
07:42:19 INFO sweep | 2/20 scoring | est $6.45/day | offers $259 | committed $630/1000 | naked $234 | funded 7/20 | verified 100.0% (19v/0u)
07:42:41 INFO sweep | 2/20 scoring | est $6.39/day | offers $259 | committed $630/1000 | naked $234 | funded 7/20 | verified 100.0% (19v/0u)
07:43:03 INFO sweep | 2/20 scoring | est $6.33/day | offers $259 | committed $630/1000 | naked $234 | funded 7/20 | verified 100.0% (19v/0u)
07:43:25 INFO sweep | 2/20 scoring | est $6.36/day | offers $259 | committed $630/1000 | naked $234 | funded 7/20 | verified 100.0% (19v/0u)
07:43:47 INFO sweep | 2/20 scoring | est $6.33/day | offers $259 | committed $630/1000 | naked $234 | funded 7/20 | verified 100.0% (19v/0u)
07:44:09 INFO sweep | 2/20 scoring | est $6.33/day | offers $259 | committed $630/1000 | naked $234 | funded 7/20 | verified 100.0% (19v/0u)
07:44:31 INFO sweep | 2/20 scoring | est $6.32/day | offers $259 | committed $630/1000 | naked $234 | funded 7/20 | verified 100.0% (19v/0u)
07:44:53 INFO sweep | 2/20 scoring | est $6.32/day | offers $259 | committed $630/1000 | naked $234 | funded 7/20 | verified 100.0% (19v/0u)
07:45:15 INFO sweep | 2/20 scoring | est $6.40/day | offers $259 | committed $630/1000 | naked $234 | funded 7/20 | verified 100.0% (19v/0u)
07:45:37 INFO sweep | 2/20 scoring | est $6.35/day | offers $259 | committed $630/1000 | naked $234 | funded 7/20 | verified 100.0% (19v/0u)
07:45:59 INFO sweep | 2/20 scoring | est $6.33/day | offers $259 | committed $630/1000 | naked $234 | funded 7/20 | verified 100.0% (19v/0u)
07:46:21 INFO sweep | 2/20 scoring | est $7.34/day | offers $259 | committed $630/1000 | naked $234 | funded 7/20 | verified 100.0% (19v/0u)
07:46:43 INFO sweep | 2/20 scoring | est $7.41/day | offers $259 | committed $630/1000 | naked $234 | funded 7/20 | verified 100.0% (19v/0u)
07:47:05 INFO sweep | 2/20 scoring | est $7.42/day | offers $259 | committed $630/1000 | naked $234 | funded 7/20 | verified 100.0% (19v/0u)
07:47:27 INFO sweep | 2/20 scoring | est $7.41/day | offers $259 | committed $630/1000 | naked $234 | funded 7/20 | verified 100.0% (19v/0u)
07:47:49 INFO sweep | 2/20 scoring | est $5.08/day | offers $259 | committed $630/1000 | naked $234 | funded 7/20 | verified 100.0% (19v/0u)
07:48:11 INFO sweep | 2/20 scoring | est $5.08/day | offers $259 | committed $630/1000 | naked $234 | funded 7/20 | verified 100.0% (19v/0u)
07:48:33 INFO sweep | 2/20 scoring | est $5.03/day | offers $259 | committed $630/1000 | naked $234 | funded 7/20 | verified 100.0% (19v/0u)
07:48:55 INFO sweep | 2/20 scoring | est $5.11/day | offers $259 | committed $630/1000 | naked $234 | funded 7/20 | verified 100.0% (19v/0u)
07:49:17 INFO sweep | 2/20 scoring | est $5.10/day | offers $259 | committed $630/1000 | naked $234 | funded 7/20 | verified 100.0% (19v/0u)
07:49:39 INFO sweep | 2/20 scoring | est $5.13/day | offers $259 | committed $630/1000 | naked $234 | funded 7/20 | verified 100.0% (19v/0u)
07:50:02 INFO sweep | 2/20 scoring | est $5.10/day | offers $259 | committed $630/1000 | naked $234 | funded 7/20 | verified 100.0% (19v/0u)
07:50:23 INFO sweep | 2/20 scoring | est $5.11/day | offers $259 | committed $630/1000 | naked $234 | funded 7/20 | verified 100.0% (19v/0u)
07:50:45 INFO sweep | 2/20 scoring | est $5.15/day | offers $259 | committed $630/1000 | naked $234 | funded 7/20 | verified 100.0% (19v/0u)
07:51:08 INFO sweep | 2/20 scoring | est $5.17/day | offers $259 | committed $630/1000 | naked $234 | funded 7/20 | verified 100.0% (19v/0u)
07:51:29 INFO sweep | 2/20 scoring | est $5.30/day | offers $259 | committed $630/1000 | naked $234 | funded 7/20 | verified 100.0% (19v/0u)
07:51:51 INFO sweep | 2/20 scoring | est $5.32/day | offers $259 | committed $630/1000 | naked $234 | funded 7/20 | verified 100.0% (19v/0u)
07:52:14 INFO sweep | 2/20 scoring | est $5.31/day | offers $259 | committed $630/1000 | naked $234 | funded 7/20 | verified 100.0% (19v/0u)
07:52:36 INFO sweep | 2/20 scoring | est $5.31/day | offers $259 | committed $630/1000 | naked $234 | funded 7/20 | verified 100.0% (19v/0u)
07:52:57 INFO sweep | 2/20 scoring | est $5.36/day | offers $259 | committed $630/1000 | naked $234 | funded 7/20 | verified 100.0% (19v/0u)
07:53:20 INFO sweep | 2/20 scoring | est $5.35/day | offers $259 | committed $630/1000 | naked $234 | funded 7/20 | verified 100.0% (19v/0u)
07:53:42 INFO sweep | 2/20 scoring | est $5.35/day | offers $259 | committed $630/1000 | naked $234 | funded 7/20 | verified 100.0% (19v/0u)
07:54:04 INFO sweep | 2/20 scoring | est $5.42/day | offers $259 | committed $630/1000 | naked $234 | funded 7/20 | verified 100.0% (19v/0u)
07:54:27 INFO sweep | 2/20 scoring | est $5.40/day | offers $259 | committed $630/1000 | naked $234 | funded 7/20 | verified 100.0% (19v/0u)
07:54:49 INFO sweep | 2/20 scoring | est $5.39/day | offers $259 | committed $630/1000 | naked $234 | funded 7/20 | verified 100.0% (19v/0u)
07:55:10 INFO sweep | 2/20 scoring | est $5.39/day | offers $259 | committed $630/1000 | naked $234 | funded 7/20 | verified 100.0% (19v/0u)
07:55:33 INFO sweep | 2/20 scoring | est $5.42/day | offers $259 | committed $630/1000 | naked $234 | funded 7/20 | verified 100.0% (19v/0u)
07:55:55 INFO sweep | 2/20 scoring | est $5.41/day | offers $259 | committed $630/1000 | naked $234 | funded 7/20 | verified 100.0% (19v/0u)
07:56:17 INFO sweep | 2/20 scoring | est $5.41/day | offers $259 | committed $630/1000 | naked $234 | funded 7/20 | verified 100.0% (19v/0u)
07:56:39 INFO sweep | 2/20 scoring | est $5.41/day | offers $259 | committed $630/1000 | naked $234 | funded 7/20 | verified 100.0% (19v/0u)
07:57:01 INFO sweep | 2/20 scoring | est $4.70/day | offers $259 | committed $630/1000 | naked $234 | funded 7/20 | verified 100.0% (19v/0u)
07:57:23 INFO sweep | 2/20 scoring | est $4.65/day | offers $259 | committed $630/1000 | naked $234 | funded 7/20 | verified 100.0% (19v/0u)
07:57:45 INFO sweep | 2/20 scoring | est $4.70/day | offers $259 | committed $630/1000 | naked $234 | funded 7/20 | verified 100.0% (19v/0u)
07:58:07 INFO sweep | 2/20 scoring | est $4.69/day | offers $259 | committed $630/1000 | naked $234 | funded 7/20 | verified 100.0% (19v/0u)
07:58:29 INFO sweep | 2/20 scoring | est $4.70/day | offers $259 | committed $630/1000 | naked $234 | funded 7/20 | verified 100.0% (19v/0u)
07:58:51 INFO sweep | 2/20 scoring | est $4.70/day | offers $259 | committed $630/1000 | naked $234 | funded 7/20 | verified 100.0% (19v/0u)
07:59:13 INFO sweep | 2/20 scoring | est $4.72/day | offers $259 | committed $630/1000 | naked $234 | funded 7/20 | verified 100.0% (19v/0u)
07:59:35 INFO sweep | 2/20 scoring | est $4.81/day | offers $259 | committed $630/1000 | naked $234 | funded 7/20 | verified 100.0% (19v/0u)
07:59:58 INFO sweep | 2/20 scoring | est $4.81/day | offers $259 | committed $630/1000 | naked $234 | funded 7/20 | verified 100.0% (19v/0u)
08:00:19 INFO sweep | 2/20 scoring | est $4.82/day | offers $259 | committed $630/1000 | naked $234 | funded 7/20 | verified 100.0% (19v/0u)
08:00:41 INFO sweep | 2/20 scoring | est $4.81/day | offers $259 | committed $630/1000 | naked $234 | funded 7/20 | verified 100.0% (19v/0u)
08:01:04 INFO sweep | 2/20 scoring | est $4.80/day | offers $259 | committed $630/1000 | naked $234 | funded 7/20 | verified 100.0% (19v/0u)
08:01:26 INFO sweep | 2/20 scoring | est $4.80/day | offers $259 | committed $630/1000 | naked $234 | funded 7/20 | verified 100.0% (19v/0u)
08:01:48 INFO sweep | 2/20 scoring | est $4.80/day | offers $259 | committed $630/1000 | naked $234 | funded 7/20 | verified 100.0% (19v/0u)
08:02:10 INFO sweep | 2/20 scoring | est $4.85/day | offers $259 | committed $630/1000 | naked $234 | funded 7/20 | verified 100.0% (19v/0u)
08:02:32 INFO sweep | 2/20 scoring | est $4.91/day | offers $259 | committed $630/1000 | naked $234 | funded 7/20 | verified 100.0% (19v/0u)
08:02:54 INFO sweep | 2/20 scoring | est $5.03/day | offers $259 | committed $630/1000 | naked $234 | funded 7/20 | verified 100.0% (19v/0u)
08:03:17 INFO sweep | 2/20 scoring | est $5.01/day | offers $259 | committed $630/1000 | naked $234 | funded 7/20 | verified 100.0% (19v/0u)
08:03:38 INFO sweep | 2/20 scoring | est $4.63/day | offers $259 | committed $630/1000 | naked $234 | funded 7/20 | verified 100.0% (19v/0u)
08:04:00 INFO sweep | 2/20 scoring | est $4.40/day | offers $259 | committed $630/1000 | naked $234 | funded 7/20 | verified 100.0% (19v/0u)
08:04:23 INFO sweep | 2/20 scoring | est $4.69/day | offers $259 | committed $630/1000 | naked $234 | funded 7/20 | verified 100.0% (19v/0u)
08:04:45 INFO sweep | 2/20 scoring | est $4.68/day | offers $259 | committed $630/1000 | naked $234 | funded 7/20 | verified 100.0% (19v/0u)
08:05:06 INFO sweep | 2/20 scoring | est $4.69/day | offers $259 | committed $630/1000 | naked $234 | funded 7/20 | verified 100.0% (19v/0u)
08:05:29 INFO sweep | 2/20 scoring | est $7.15/day | offers $258 | committed $629/1000 | naked $234 | funded 7/20 | verified 100.0% (19v/0u)
08:05:51 INFO sweep | 2/20 scoring | est $7.15/day | offers $258 | committed $629/1000 | naked $234 | funded 7/20 | verified 100.0% (19v/0u)
08:06:13 INFO sweep | 2/20 scoring | est $7.27/day | offers $258 | committed $629/1000 | naked $234 | funded 7/20 | verified 100.0% (19v/0u)
08:06:36 INFO sweep | 2/20 scoring | est $7.21/day | offers $258 | committed $629/1000 | naked $234 | funded 7/20 | verified 100.0% (19v/0u)
08:06:57 INFO sweep | 2/20 scoring | est $6.87/day | offers $258 | committed $629/1000 | naked $234 | funded 7/20 | verified 100.0% (19v/0u)
08:07:19 INFO sweep | 2/20 scoring | est $7.42/day | offers $258 | committed $629/1000 | naked $234 | funded 7/20 | verified 100.0% (19v/0u)
08:07:42 INFO sweep | 2/20 scoring | est $6.98/day | offers $258 | committed $629/1000 | naked $234 | funded 7/20 | verified 100.0% (19v/0u)
08:08:03 INFO sweep | 2/20 scoring | est $7.11/day | offers $258 | committed $629/1000 | naked $234 | funded 7/20 | verified 100.0% (19v/0u)
08:08:25 INFO sweep | 2/20 scoring | est $7.12/day | offers $258 | committed $629/1000 | naked $234 | funded 7/20 | verified 100.0% (19v/0u)
08:08:48 INFO sweep | 2/20 scoring | est $7.10/day | offers $258 | committed $629/1000 | naked $234 | funded 7/20 | verified 100.0% (19v/0u)
08:09:09 INFO sweep | 2/20 scoring | est $7.09/day | offers $258 | committed $629/1000 | naked $234 | funded 7/20 | verified 100.0% (19v/0u)
08:09:31 INFO sweep | 2/20 scoring | est $7.59/day | offers $258 | committed $629/1000 | naked $234 | funded 7/20 | verified 100.0% (19v/0u)
08:09:54 INFO sweep | 2/20 scoring | est $7.56/day | offers $258 | committed $629/1000 | naked $234 | funded 7/20 | verified 100.0% (19v/0u)
08:10:16 INFO sweep | 2/20 scoring | est $7.60/day | offers $258 | committed $629/1000 | naked $234 | funded 7/20 | verified 100.0% (19v/0u)
08:10:37 INFO sweep | 2/20 scoring | est $7.57/day | offers $258 | committed $629/1000 | naked $234 | funded 7/20 | verified 100.0% (19v/0u)
08:11:00 INFO sweep | 2/20 scoring | est $7.57/day | offers $258 | committed $629/1000 | naked $234 | funded 7/20 | verified 100.0% (19v/0u)
08:11:22 INFO sweep | 2/20 scoring | est $8.25/day | offers $258 | committed $629/1000 | naked $234 | funded 7/20 | verified 100.0% (19v/0u)
08:11:43 INFO sweep | 2/20 scoring | est $8.23/day | offers $258 | committed $629/1000 | naked $234 | funded 7/20 | verified 100.0% (19v/0u)
08:12:06 INFO sweep | 2/20 scoring | est $6.19/day | offers $258 | committed $629/1000 | naked $234 | funded 7/20 | verified 100.0% (19v/0u)
08:12:28 INFO sweep | 2/20 scoring | est $6.19/day | offers $258 | committed $629/1000 | naked $234 | funded 7/20 | verified 100.0% (19v/0u)
08:12:49 INFO sweep | 2/20 scoring | est $6.19/day | offers $258 | committed $629/1000 | naked $234 | funded 7/20 | verified 100.0% (19v/0u)
08:13:12 INFO sweep | 2/20 scoring | est $6.11/day | offers $258 | committed $629/1000 | naked $234 | funded 7/20 | verified 100.0% (19v/0u)
08:13:34 INFO sweep | 2/20 scoring | est $7.29/day | offers $258 | committed $629/1000 | naked $234 | funded 7/20 | verified 100.0% (19v/0u)
08:13:56 INFO sweep | 2/20 scoring | est $7.08/day | offers $258 | committed $629/1000 | naked $234 | funded 7/20 | verified 100.0% (19v/0u)
08:14:18 INFO sweep | 2/20 scoring | est $5.21/day | offers $258 | committed $629/1000 | naked $234 | funded 7/20 | verified 100.0% (19v/0u)
08:14:40 INFO sweep | 2/20 scoring | est $6.56/day | offers $258 | committed $629/1000 | naked $234 | funded 7/20 | verified 100.0% (19v/0u)
08:15:02 INFO sweep | 2/20 scoring | est $6.33/day | offers $258 | committed $629/1000 | naked $234 | funded 7/20 | verified 100.0% (19v/0u)
08:15:24 INFO sweep | 2/20 scoring | est $6.54/day | offers $258 | committed $629/1000 | naked $234 | funded 7/20 | verified 100.0% (19v/0u)
08:15:46 INFO sweep | 2/20 scoring | est $7.54/day | offers $258 | committed $629/1000 | naked $234 | funded 7/20 | verified 100.0% (19v/0u)
08:16:08 INFO sweep | 2/20 scoring | est $6.22/day | offers $258 | committed $629/1000 | naked $234 | funded 7/20 | verified 100.0% (19v/0u)
08:16:31 INFO sweep | 2/20 scoring | est $8.25/day | offers $258 | committed $629/1000 | naked $234 | funded 7/20 | verified 100.0% (19v/0u)
08:16:52 INFO sweep | 2/20 scoring | est $6.20/day | offers $258 | committed $629/1000 | naked $234 | funded 7/20 | verified 100.0% (19v/0u)
08:17:14 INFO sweep | 2/20 scoring | est $5.65/day | offers $258 | committed $629/1000 | naked $234 | funded 7/20 | verified 100.0% (19v/0u)
08:17:37 INFO sweep | 2/20 scoring | est $5.70/day | offers $258 | committed $629/1000 | naked $234 | funded 7/20 | verified 100.0% (19v/0u)
08:17:58 INFO sweep | 2/20 scoring | est $5.50/day | offers $258 | committed $629/1000 | naked $234 | funded 7/20 | verified 100.0% (19v/0u)
08:18:20 INFO sweep | 2/20 scoring | est $5.48/day | offers $258 | committed $629/1000 | naked $234 | funded 7/20 | verified 100.0% (19v/0u)
08:18:44 INFO sweep | 2/20 scoring | est $9.02/day | offers $259 | committed $630/1000 | naked $234 | funded 7/20 | verified 100.0% (19v/0u)
08:19:06 INFO sweep | 2/20 scoring | est $8.98/day | offers $259 | committed $630/1000 | naked $234 | funded 7/20 | verified 100.0% (19v/0u)
08:19:28 INFO sweep | 2/20 scoring | est $9.02/day | offers $259 | committed $630/1000 | naked $234 | funded 7/20 | verified 100.0% (19v/0u)
08:19:51 INFO sweep | 2/20 scoring | est $8.95/day | offers $259 | committed $630/1000 | naked $234 | funded 7/20 | verified 100.0% (19v/0u)
08:20:13 INFO sweep | 2/20 scoring | est $9.04/day | offers $259 | committed $630/1000 | naked $234 | funded 7/20 | verified 100.0% (19v/0u)
08:20:35 INFO sweep | 2/20 scoring | est $9.06/day | offers $259 | committed $630/1000 | naked $234 | funded 7/20 | verified 100.0% (19v/0u)
08:20:57 INFO sweep | 2/20 scoring | est $9.06/day | offers $259 | committed $630/1000 | naked $234 | funded 7/20 | verified 100.0% (19v/0u)
08:21:19 INFO sweep | 2/20 scoring | est $9.00/day | offers $259 | committed $630/1000 | naked $234 | funded 7/20 | verified 100.0% (19v/0u)
08:21:41 INFO sweep | 2/20 scoring | est $9.02/day | offers $259 | committed $630/1000 | naked $234 | funded 7/20 | verified 100.0% (19v/0u)
08:22:03 INFO sweep | 2/20 scoring | est $8.96/day | offers $259 | committed $630/1000 | naked $234 | funded 7/20 | verified 100.0% (19v/0u)
08:22:25 INFO sweep | 2/20 scoring | est $8.88/day | offers $259 | committed $630/1000 | naked $234 | funded 7/20 | verified 100.0% (19v/0u)
08:22:47 INFO sweep | 2/20 scoring | est $8.84/day | offers $259 | committed $630/1000 | naked $234 | funded 7/20 | verified 100.0% (19v/0u)
08:23:10 INFO sweep | 2/20 scoring | est $8.48/day | offers $259 | committed $630/1000 | naked $234 | funded 7/20 | verified 100.0% (19v/0u)
08:23:31 INFO sweep | 2/20 scoring | est $8.47/day | offers $259 | committed $630/1000 | naked $234 | funded 7/20 | verified 100.0% (19v/0u)
08:23:53 INFO sweep | 2/20 scoring | est $8.46/day | offers $259 | committed $630/1000 | naked $234 | funded 7/20 | verified 100.0% (19v/0u)
08:24:15 INFO sweep | 2/20 scoring | est $8.42/day | offers $259 | committed $630/1000 | naked $234 | funded 7/20 | verified 100.0% (19v/0u)
08:24:37 INFO sweep | 2/20 scoring | est $8.42/day | offers $259 | committed $630/1000 | naked $234 | funded 7/20 | verified 100.0% (19v/0u)
08:24:59 INFO sweep | 2/20 scoring | est $8.40/day | offers $259 | committed $630/1000 | naked $234 | funded 7/20 | verified 100.0% (19v/0u)
08:25:22 INFO sweep | 2/20 scoring | est $8.41/day | offers $259 | committed $630/1000 | naked $234 | funded 7/20 | verified 100.0% (19v/0u)
08:25:44 INFO sweep | 2/20 scoring | est $8.41/day | offers $259 | committed $630/1000 | naked $234 | funded 7/20 | verified 100.0% (19v/0u)
08:26:05 INFO sweep | 2/20 scoring | est $8.76/day | offers $259 | committed $630/1000 | naked $234 | funded 7/20 | verified 100.0% (19v/0u)
08:26:28 INFO sweep | 2/20 scoring | est $8.68/day | offers $259 | committed $630/1000 | naked $234 | funded 7/20 | verified 100.0% (19v/0u)
08:26:50 INFO sweep | 2/20 scoring | est $8.80/day | offers $259 | committed $630/1000 | naked $234 | funded 7/20 | verified 100.0% (19v/0u)
08:27:11 INFO sweep | 2/20 scoring | est $8.84/day | offers $259 | committed $630/1000 | naked $234 | funded 7/20 | verified 100.0% (19v/0u)
08:27:34 INFO sweep | 2/20 scoring | est $8.88/day | offers $259 | committed $630/1000 | naked $234 | funded 7/20 | verified 100.0% (19v/0u)
08:27:56 INFO sweep | 2/20 scoring | est $9.01/day | offers $259 | committed $630/1000 | naked $234 | funded 7/20 | verified 100.0% (19v/0u)
08:28:18 INFO sweep | 2/20 scoring | est $9.10/day | offers $259 | committed $630/1000 | naked $234 | funded 7/20 | verified 100.0% (19v/0u)
08:28:40 INFO sweep | 2/20 scoring | est $9.17/day | offers $259 | committed $630/1000 | naked $234 | funded 7/20 | verified 100.0% (19v/0u)
08:29:02 INFO sweep | 2/20 scoring | est $9.15/day | offers $259 | committed $630/1000 | naked $234 | funded 7/20 | verified 100.0% (19v/0u)
08:29:24 INFO sweep | 2/20 scoring | est $9.49/day | offers $259 | committed $630/1000 | naked $234 | funded 7/20 | verified 100.0% (19v/0u)
08:29:46 INFO sweep | 2/20 scoring | est $9.49/day | offers $259 | committed $630/1000 | naked $234 | funded 7/20 | verified 100.0% (19v/0u)
08:30:08 INFO sweep | 2/20 scoring | est $9.49/day | offers $259 | committed $630/1000 | naked $234 | funded 7/20 | verified 100.0% (19v/0u)
08:30:30 INFO sweep | 2/20 scoring | est $6.58/day | offers $259 | committed $630/1000 | naked $234 | funded 7/20 | verified 100.0% (19v/0u)
08:30:53 INFO sweep | 2/20 scoring | est $20.80/day | offers $259 | committed $630/1000 | naked $234 | funded 7/20 | verified 100.0% (19v/0u)
08:31:03 INFO FILL Will Elon Musk post 240-259  UP   75sh @ 0.120
08:31:15 INFO sweep | 2/20 scoring | est $17.10/day | offers $259 | committed $639/1000 | naked $243 | funded 7/20 | verified 100.0% (20v/0u)
08:31:37 INFO sweep | 2/20 scoring | est $12.70/day | offers $259 | committed $639/1000 | naked $243 | funded 7/20 | verified 100.0% (20v/0u)
08:31:59 INFO sweep | 2/20 scoring | est $13.96/day | offers $259 | committed $639/1000 | naked $243 | funded 7/20 | verified 100.0% (20v/0u)
08:32:21 INFO sweep | 2/20 scoring | est $11.08/day | offers $259 | committed $639/1000 | naked $243 | funded 7/20 | verified 100.0% (20v/0u)
08:32:43 INFO sweep | 2/20 scoring | est $12.17/day | offers $259 | committed $639/1000 | naked $243 | funded 7/20 | verified 100.0% (20v/0u)
08:33:05 INFO sweep | 2/20 scoring | est $11.72/day | offers $259 | committed $639/1000 | naked $243 | funded 7/20 | verified 100.0% (20v/0u)
08:33:27 INFO sweep | 2/20 scoring | est $11.52/day | offers $259 | committed $639/1000 | naked $243 | funded 7/20 | verified 100.0% (20v/0u)
08:33:49 INFO sweep | 2/20 scoring | est $12.21/day | offers $259 | committed $639/1000 | naked $243 | funded 7/20 | verified 100.0% (20v/0u)
08:34:12 INFO sweep | 2/20 scoring | est $16.40/day | offers $259 | committed $639/1000 | naked $243 | funded 7/20 | verified 100.0% (20v/0u)
08:34:33 INFO sweep | 2/20 scoring | est $13.94/day | offers $259 | committed $639/1000 | naked $243 | funded 7/20 | verified 100.0% (20v/0u)
08:34:55 INFO sweep | 2/20 scoring | est $17.25/day | offers $258 | committed $637/1000 | naked $243 | funded 7/20 | verified 100.0% (20v/0u)
08:35:18 INFO sweep | 2/20 scoring | est $17.86/day | offers $258 | committed $637/1000 | naked $243 | funded 7/20 | verified 100.0% (20v/0u)
08:35:40 INFO sweep | 2/20 scoring | est $12.42/day | offers $258 | committed $637/1000 | naked $243 | funded 7/20 | verified 100.0% (20v/0u)
08:36:01 INFO sweep | 2/20 scoring | est $12.38/day | offers $258 | committed $637/1000 | naked $243 | funded 7/20 | verified 100.0% (20v/0u)
08:36:25 INFO sweep | 2/20 scoring | est $12.38/day | offers $258 | committed $637/1000 | naked $243 | funded 7/20 | verified 100.0% (20v/0u)
08:36:47 INFO sweep | 2/20 scoring | est $13.84/day | offers $258 | committed $637/1000 | naked $243 | funded 7/20 | verified 100.0% (20v/0u)
08:37:08 INFO sweep | 2/20 scoring | est $14.18/day | offers $258 | committed $637/1000 | naked $243 | funded 7/20 | verified 100.0% (20v/0u)
08:37:31 INFO sweep | 2/20 scoring | est $15.09/day | offers $258 | committed $637/1000 | naked $243 | funded 7/20 | verified 100.0% (20v/0u)
08:37:52 INFO sweep | 2/20 scoring | est $27.35/day | offers $258 | committed $637/1000 | naked $243 | funded 7/20 | verified 100.0% (20v/0u)
08:38:15 INFO sweep | 2/20 scoring | est $20.85/day | offers $259 | committed $639/1000 | naked $243 | funded 7/20 | verified 100.0% (20v/0u)
08:38:38 INFO sweep | 2/20 scoring | est $20.85/day | offers $259 | committed $639/1000 | naked $243 | funded 7/20 | verified 100.0% (20v/0u)
08:39:00 INFO sweep | 2/20 scoring | est $10.19/day | offers $259 | committed $639/1000 | naked $243 | funded 7/20 | verified 100.0% (20v/0u)
08:39:21 INFO sweep | 2/20 scoring | est $10.50/day | offers $259 | committed $639/1000 | naked $243 | funded 7/20 | verified 100.0% (20v/0u)
08:39:44 INFO sweep | 2/20 scoring | est $13.58/day | offers $259 | committed $639/1000 | naked $243 | funded 7/20 | verified 100.0% (20v/0u)
08:40:06 INFO sweep | 2/20 scoring | est $7.81/day | offers $259 | committed $639/1000 | naked $243 | funded 7/20 | verified 100.0% (20v/0u)
08:40:28 INFO sweep | 2/20 scoring | est $8.12/day | offers $259 | committed $639/1000 | naked $243 | funded 7/20 | verified 100.0% (20v/0u)
08:40:50 INFO sweep | 2/20 scoring | est $7.94/day | offers $259 | committed $639/1000 | naked $243 | funded 7/20 | verified 100.0% (20v/0u)
08:41:12 INFO sweep | 2/20 scoring | est $7.94/day | offers $259 | committed $639/1000 | naked $243 | funded 7/20 | verified 100.0% (20v/0u)
08:41:34 INFO sweep | 2/20 scoring | est $7.70/day | offers $259 | committed $639/1000 | naked $243 | funded 7/20 | verified 100.0% (20v/0u)
08:41:56 INFO sweep | 2/20 scoring | est $5.46/day | offers $259 | committed $639/1000 | naked $243 | funded 7/20 | verified 100.0% (20v/0u)
08:42:18 INFO sweep | 2/20 scoring | est $9.84/day | offers $259 | committed $639/1000 | naked $243 | funded 7/20 | verified 100.0% (20v/0u)
08:42:40 INFO sweep | 2/20 scoring | est $13.16/day | offers $259 | committed $639/1000 | naked $243 | funded 7/20 | verified 100.0% (20v/0u)
08:43:03 INFO sweep | 2/20 scoring | est $8.46/day | offers $259 | committed $639/1000 | naked $243 | funded 7/20 | verified 100.0% (20v/0u)
08:43:26 INFO sweep | 2/20 scoring | est $9.03/day | offers $259 | committed $639/1000 | naked $243 | funded 7/20 | verified 100.0% (20v/0u)
08:43:48 INFO sweep | 2/20 scoring | est $9.02/day | offers $259 | committed $639/1000 | naked $243 | funded 7/20 | verified 100.0% (20v/0u)
08:44:10 INFO sweep | 2/20 scoring | est $7.83/day | offers $259 | committed $639/1000 | naked $243 | funded 7/20 | verified 100.0% (20v/0u)
08:44:32 INFO sweep | 2/20 scoring | est $7.84/day | offers $259 | committed $639/1000 | naked $243 | funded 7/20 | verified 100.0% (20v/0u)
08:44:54 INFO sweep | 2/20 scoring | est $7.84/day | offers $259 | committed $639/1000 | naked $243 | funded 7/20 | verified 100.0% (20v/0u)
08:45:16 INFO sweep | 2/20 scoring | est $7.84/day | offers $259 | committed $639/1000 | naked $243 | funded 7/20 | verified 100.0% (20v/0u)
08:45:38 INFO sweep | 2/20 scoring | est $7.96/day | offers $259 | committed $639/1000 | naked $243 | funded 7/20 | verified 100.0% (20v/0u)
08:46:00 INFO sweep | 2/20 scoring | est $7.95/day | offers $259 | committed $639/1000 | naked $243 | funded 7/20 | verified 100.0% (20v/0u)
08:46:23 INFO sweep | 2/20 scoring | est $7.42/day | offers $259 | committed $639/1000 | naked $243 | funded 7/20 | verified 100.0% (20v/0u)
08:46:44 INFO sweep | 2/20 scoring | est $7.61/day | offers $259 | committed $639/1000 | naked $243 | funded 7/20 | verified 100.0% (20v/0u)
08:47:06 INFO sweep | 2/20 scoring | est $7.61/day | offers $259 | committed $639/1000 | naked $243 | funded 7/20 | verified 100.0% (20v/0u)
08:47:29 INFO sweep | 2/20 scoring | est $7.69/day | offers $259 | committed $639/1000 | naked $243 | funded 7/20 | verified 100.0% (20v/0u)
08:47:50 INFO sweep | 2/20 scoring | est $8.59/day | offers $259 | committed $639/1000 | naked $243 | funded 7/20 | verified 100.0% (20v/0u)
08:48:12 INFO sweep | 2/20 scoring | est $8.73/day | offers $259 | committed $639/1000 | naked $243 | funded 7/20 | verified 100.0% (20v/0u)
08:48:35 INFO sweep | 2/20 scoring | est $10.35/day | offers $259 | committed $639/1000 | naked $243 | funded 7/20 | verified 100.0% (20v/0u)
08:48:56 INFO sweep | 2/20 scoring | est $11.25/day | offers $259 | committed $639/1000 | naked $243 | funded 7/20 | verified 100.0% (20v/0u)
08:49:18 INFO sweep | 2/20 scoring | est $11.30/day | offers $259 | committed $639/1000 | naked $243 | funded 7/20 | verified 100.0% (20v/0u)
08:49:40 INFO sweep | 2/20 scoring | est $9.67/day | offers $259 | committed $639/1000 | naked $243 | funded 7/20 | verified 100.0% (20v/0u)
08:50:02 INFO sweep | 2/20 scoring | est $9.67/day | offers $259 | committed $639/1000 | naked $243 | funded 7/20 | verified 100.0% (20v/0u)
08:50:24 INFO sweep | 2/20 scoring | est $8.41/day | offers $259 | committed $639/1000 | naked $243 | funded 7/20 | verified 100.0% (20v/0u)
08:50:47 INFO sweep | 2/20 scoring | est $5.89/day | offers $259 | committed $639/1000 | naked $243 | funded 7/20 | verified 100.0% (20v/0u)
08:51:08 INFO sweep | 2/20 scoring | est $10.73/day | offers $259 | committed $639/1000 | naked $243 | funded 7/20 | verified 100.0% (20v/0u)
08:51:30 INFO sweep | 2/20 scoring | est $10.36/day | offers $259 | committed $639/1000 | naked $243 | funded 7/20 | verified 100.0% (20v/0u)
08:51:53 INFO sweep | 2/20 scoring | est $11.56/day | offers $259 | committed $639/1000 | naked $243 | funded 7/20 | verified 100.0% (20v/0u)
08:52:14 INFO sweep | 2/20 scoring | est $13.00/day | offers $259 | committed $639/1000 | naked $243 | funded 7/20 | verified 100.0% (20v/0u)
08:52:36 INFO sweep | 2/20 scoring | est $6.65/day | offers $259 | committed $639/1000 | naked $243 | funded 7/20 | verified 100.0% (20v/0u)
08:52:59 INFO sweep | 2/20 scoring | est $7.35/day | offers $259 | committed $639/1000 | naked $243 | funded 7/20 | verified 100.0% (20v/0u)
08:53:20 INFO sweep | 2/20 scoring | est $7.63/day | offers $259 | committed $639/1000 | naked $243 | funded 7/20 | verified 100.0% (20v/0u)
08:53:42 INFO sweep | 2/20 scoring | est $7.60/day | offers $259 | committed $639/1000 | naked $243 | funded 7/20 | verified 100.0% (20v/0u)
08:54:04 INFO sweep | 2/20 scoring | est $7.67/day | offers $259 | committed $639/1000 | naked $243 | funded 7/20 | verified 100.0% (20v/0u)
08:54:26 INFO sweep | 2/20 scoring | est $7.70/day | offers $259 | committed $639/1000 | naked $243 | funded 7/20 | verified 100.0% (20v/0u)
08:54:48 INFO sweep | 2/20 scoring | est $7.99/day | offers $259 | committed $639/1000 | naked $243 | funded 7/20 | verified 100.0% (20v/0u)
08:55:10 INFO sweep | 2/20 scoring | est $8.39/day | offers $259 | committed $639/1000 | naked $243 | funded 7/20 | verified 100.0% (20v/0u)
08:55:32 INFO sweep | 2/20 scoring | est $8.46/day | offers $259 | committed $639/1000 | naked $243 | funded 7/20 | verified 100.0% (20v/0u)
08:55:54 INFO sweep | 2/20 scoring | est $7.56/day | offers $259 | committed $639/1000 | naked $243 | funded 7/20 | verified 100.0% (20v/0u)
08:56:16 INFO sweep | 2/20 scoring | est $7.71/day | offers $259 | committed $639/1000 | naked $243 | funded 7/20 | verified 100.0% (20v/0u)
08:56:38 INFO sweep | 2/20 scoring | est $8.33/day | offers $259 | committed $639/1000 | naked $243 | funded 7/20 | verified 100.0% (20v/0u)
08:57:00 INFO sweep | 2/20 scoring | est $7.48/day | offers $259 | committed $639/1000 | naked $243 | funded 7/20 | verified 100.0% (20v/0u)
08:57:23 INFO sweep | 2/20 scoring | est $8.32/day | offers $259 | committed $639/1000 | naked $243 | funded 7/20 | verified 100.0% (20v/0u)
08:57:44 INFO sweep | 2/20 scoring | est $8.29/day | offers $259 | committed $639/1000 | naked $243 | funded 7/20 | verified 100.0% (20v/0u)
08:58:07 INFO sweep | 2/20 scoring | est $8.18/day | offers $259 | committed $639/1000 | naked $243 | funded 7/20 | verified 100.0% (20v/0u)
08:58:30 INFO sweep | 2/20 scoring | est $8.21/day | offers $259 | committed $639/1000 | naked $243 | funded 7/20 | verified 100.0% (20v/0u)
08:58:52 INFO sweep | 2/20 scoring | est $8.34/day | offers $259 | committed $639/1000 | naked $243 | funded 7/20 | verified 100.0% (20v/0u)
08:59:14 INFO sweep | 2/20 scoring | est $8.36/day | offers $259 | committed $639/1000 | naked $243 | funded 7/20 | verified 100.0% (20v/0u)
08:59:37 INFO sweep | 2/20 scoring | est $9.78/day | offers $259 | committed $639/1000 | naked $243 | funded 7/20 | verified 100.0% (20v/0u)
08:59:59 INFO sweep | 2/20 scoring | est $9.80/day | offers $259 | committed $639/1000 | naked $243 | funded 7/20 | verified 100.0% (20v/0u)
09:00:21 INFO sweep | 2/20 scoring | est $8.51/day | offers $259 | committed $639/1000 | naked $243 | funded 7/20 | verified 100.0% (20v/0u)
09:00:43 INFO sweep | 2/20 scoring | est $5.84/day | offers $259 | committed $639/1000 | naked $243 | funded 7/20 | verified 100.0% (20v/0u)
09:01:06 INFO sweep | 2/20 scoring | est $5.83/day | offers $259 | committed $639/1000 | naked $243 | funded 7/20 | verified 100.0% (20v/0u)
09:01:28 INFO sweep | 2/20 scoring | est $5.87/day | offers $259 | committed $639/1000 | naked $243 | funded 7/20 | verified 100.0% (20v/0u)
09:01:51 INFO sweep | 2/20 scoring | est $6.70/day | offers $259 | committed $639/1000 | naked $243 | funded 7/20 | verified 100.0% (20v/0u)
09:02:12 INFO sweep | 2/20 scoring | est $6.92/day | offers $259 | committed $639/1000 | naked $243 | funded 7/20 | verified 100.0% (20v/0u)
09:02:34 INFO sweep | 2/20 scoring | est $7.05/day | offers $259 | committed $639/1000 | naked $243 | funded 7/20 | verified 100.0% (20v/0u)
09:02:57 INFO sweep | 2/20 scoring | est $6.97/day | offers $259 | committed $639/1000 | naked $243 | funded 7/20 | verified 100.0% (20v/0u)
09:03:19 INFO sweep | 2/20 scoring | est $7.02/day | offers $259 | committed $639/1000 | naked $243 | funded 7/20 | verified 100.0% (20v/0u)
09:03:41 INFO sweep | 2/20 scoring | est $7.13/day | offers $259 | committed $639/1000 | naked $243 | funded 7/20 | verified 100.0% (20v/0u)
09:04:03 INFO sweep | 2/20 scoring | est $6.14/day | offers $259 | committed $639/1000 | naked $243 | funded 7/20 | verified 100.0% (20v/0u)
09:04:25 INFO sweep | 2/20 scoring | est $6.39/day | offers $259 | committed $639/1000 | naked $243 | funded 7/20 | verified 100.0% (20v/0u)
09:04:47 INFO sweep | 2/20 scoring | est $6.40/day | offers $259 | committed $639/1000 | naked $243 | funded 7/20 | verified 100.0% (20v/0u)
09:05:10 INFO sweep | 2/20 scoring | est $7.39/day | offers $259 | committed $639/1000 | naked $243 | funded 7/20 | verified 100.0% (20v/0u)
09:05:31 INFO sweep | 2/20 scoring | est $7.64/day | offers $259 | committed $639/1000 | naked $243 | funded 7/20 | verified 100.0% (20v/0u)
09:05:53 INFO sweep | 2/20 scoring | est $7.92/day | offers $259 | committed $639/1000 | naked $243 | funded 7/20 | verified 100.0% (20v/0u)
09:06:15 INFO sweep | 2/20 scoring | est $7.39/day | offers $259 | committed $639/1000 | naked $243 | funded 7/20 | verified 100.0% (20v/0u)
09:06:37 INFO sweep | 2/20 scoring | est $7.39/day | offers $259 | committed $639/1000 | naked $243 | funded 7/20 | verified 100.0% (20v/0u)
09:06:59 INFO sweep | 2/20 scoring | est $5.53/day | offers $259 | committed $639/1000 | naked $243 | funded 7/20 | verified 100.0% (20v/0u)
09:07:22 INFO sweep | 2/20 scoring | est $6.06/day | offers $259 | committed $639/1000 | naked $243 | funded 7/20 | verified 100.0% (20v/0u)
09:07:44 INFO sweep | 2/20 scoring | est $7.56/day | offers $259 | committed $639/1000 | naked $243 | funded 7/20 | verified 100.0% (20v/0u)
09:08:06 INFO sweep | 2/20 scoring | est $7.72/day | offers $259 | committed $639/1000 | naked $243 | funded 7/20 | verified 100.0% (20v/0u)
09:08:29 INFO sweep | 2/20 scoring | est $7.66/day | offers $259 | committed $639/1000 | naked $243 | funded 7/20 | verified 100.0% (20v/0u)
09:08:51 INFO sweep | 2/20 scoring | est $7.24/day | offers $259 | committed $639/1000 | naked $243 | funded 7/20 | verified 100.0% (20v/0u)
09:09:12 INFO sweep | 2/20 scoring | est $6.92/day | offers $259 | committed $639/1000 | naked $243 | funded 7/20 | verified 100.0% (20v/0u)
09:09:35 INFO sweep | 2/20 scoring | est $6.61/day | offers $259 | committed $639/1000 | naked $243 | funded 7/20 | verified 100.0% (20v/0u)
09:09:57 INFO sweep | 2/20 scoring | est $6.55/day | offers $259 | committed $639/1000 | naked $243 | funded 7/20 | verified 100.0% (20v/0u)
09:10:18 INFO sweep | 2/20 scoring | est $6.46/day | offers $259 | committed $639/1000 | naked $243 | funded 8/20 | verified 100.0% (20v/0u)
09:10:41 INFO sweep | 3/20 scoring | est $6.53/day | offers $264 | committed $644/1000 | naked $243 | funded 8/20 | verified 100.0% (20v/0u)
09:11:03 INFO sweep | 3/20 scoring | est $6.65/day | offers $269 | committed $648/1000 | naked $243 | funded 8/20 | verified 100.0% (20v/0u)
09:11:24 INFO sweep | 3/20 scoring | est $6.84/day | offers $278 | committed $658/1000 | naked $243 | funded 8/20 | verified 100.0% (20v/0u)
09:11:47 INFO sweep | 3/20 scoring | est $7.02/day | offers $288 | committed $668/1000 | naked $243 | funded 8/20 | verified 100.0% (20v/0u)
09:12:09 INFO sweep | 3/20 scoring | est $7.08/day | offers $288 | committed $668/1000 | naked $243 | funded 8/20 | verified 100.0% (20v/0u)
09:12:31 INFO sweep | 3/20 scoring | est $7.19/day | offers $293 | committed $672/1000 | naked $243 | funded 8/20 | verified 100.0% (20v/0u)
09:12:54 INFO sweep | 3/20 scoring | est $8.82/day | offers $303 | committed $682/1000 | naked $243 | funded 8/20 | verified 100.0% (20v/0u)
09:13:16 INFO sweep | 3/20 scoring | est $8.24/day | offers $312 | committed $692/1000 | naked $243 | funded 8/20 | verified 100.0% (20v/0u)
09:13:38 INFO sweep | 3/20 scoring | est $8.81/day | offers $312 | committed $692/1000 | naked $243 | funded 8/20 | verified 100.0% (20v/0u)
09:14:01 INFO sweep | 3/20 scoring | est $10.37/day | offers $320 | committed $700/1000 | naked $243 | funded 8/20 | verified 100.0% (20v/0u)
09:14:23 INFO sweep | 3/20 scoring | est $9.50/day | offers $325 | committed $705/1000 | naked $243 | funded 8/20 | verified 100.0% (20v/0u)
09:14:44 INFO sweep | 3/20 scoring | est $9.94/day | offers $344 | committed $724/1000 | naked $243 | funded 8/20 | verified 100.0% (20v/0u)
09:15:07 INFO sweep | 3/20 scoring | est $10.11/day | offers $359 | committed $738/1000 | naked $243 | funded 8/20 | verified 100.0% (20v/0u)
09:15:29 INFO sweep | 3/20 scoring | est $10.62/day | offers $373 | committed $753/1000 | naked $243 | funded 8/20 | verified 100.0% (20v/0u)
09:15:50 INFO sweep | 3/20 scoring | est $10.83/day | offers $378 | committed $757/1000 | naked $243 | funded 8/20 | verified 100.0% (20v/0u)
09:16:13 INFO sweep | 3/20 scoring | est $11.12/day | offers $387 | committed $767/1000 | naked $243 | funded 8/20 | verified 100.0% (20v/0u)
09:16:35 INFO sweep | 3/20 scoring | est $11.13/day | offers $387 | committed $767/1000 | naked $243 | funded 8/20 | verified 100.0% (20v/0u)
09:16:57 INFO sweep | 3/20 scoring | est $10.41/day | offers $387 | committed $767/1000 | naked $243 | funded 8/20 | verified 100.0% (20v/0u)
09:17:20 INFO sweep | 3/20 scoring | est $9.98/day | offers $389 | committed $768/1000 | naked $243 | funded 8/20 | verified 100.0% (20v/0u)
09:17:41 INFO sweep | 3/20 scoring | est $11.75/day | offers $389 | committed $768/1000 | naked $243 | funded 8/20 | verified 100.0% (20v/0u)
09:18:03 INFO sweep | 3/20 scoring | est $12.25/day | offers $389 | committed $768/1000 | naked $243 | funded 8/20 | verified 100.0% (20v/0u)
09:18:26 INFO sweep | 3/20 scoring | est $13.96/day | offers $387 | committed $767/1000 | naked $243 | funded 8/20 | verified 100.0% (20v/0u)
09:18:47 INFO sweep | 3/20 scoring | est $14.04/day | offers $389 | committed $768/1000 | naked $243 | funded 8/20 | verified 100.0% (20v/0u)
09:19:09 INFO sweep | 3/20 scoring | est $13.57/day | offers $389 | committed $768/1000 | naked $243 | funded 8/20 | verified 100.0% (20v/0u)
09:19:32 INFO sweep | 3/20 scoring | est $11.81/day | offers $389 | committed $768/1000 | naked $243 | funded 8/20 | verified 100.0% (20v/0u)
09:19:53 INFO sweep | 3/20 scoring | est $11.07/day | offers $389 | committed $768/1000 | naked $243 | funded 8/20 | verified 100.0% (20v/0u)
09:20:15 INFO sweep | 3/20 scoring | est $10.78/day | offers $389 | committed $768/1000 | naked $243 | funded 8/20 | verified 100.0% (20v/0u)
09:20:38 INFO sweep | 3/20 scoring | est $10.78/day | offers $389 | committed $768/1000 | naked $243 | funded 8/20 | verified 100.0% (20v/0u)
09:20:59 INFO sweep | 3/20 scoring | est $10.99/day | offers $389 | committed $768/1000 | naked $243 | funded 8/20 | verified 100.0% (20v/0u)
09:21:21 INFO sweep | 3/20 scoring | est $13.51/day | offers $389 | committed $768/1000 | naked $243 | funded 8/20 | verified 100.0% (20v/0u)
09:21:44 INFO sweep | 3/20 scoring | est $13.40/day | offers $389 | committed $768/1000 | naked $243 | funded 8/20 | verified 100.0% (20v/0u)
09:22:06 INFO sweep | 3/20 scoring | est $10.95/day | offers $389 | committed $768/1000 | naked $243 | funded 8/20 | verified 100.0% (20v/0u)
09:22:27 INFO sweep | 3/20 scoring | est $11.06/day | offers $389 | committed $768/1000 | naked $243 | funded 8/20 | verified 100.0% (20v/0u)
09:22:50 INFO sweep | 3/20 scoring | est $13.51/day | offers $389 | committed $768/1000 | naked $243 | funded 8/20 | verified 100.0% (20v/0u)
09:23:11 INFO sweep | 3/20 scoring | est $13.20/day | offers $389 | committed $768/1000 | naked $243 | funded 8/20 | verified 100.0% (20v/0u)
09:23:33 INFO sweep | 3/20 scoring | est $13.13/day | offers $389 | committed $768/1000 | naked $243 | funded 8/20 | verified 100.0% (20v/0u)
09:23:55 INFO sweep | 3/20 scoring | est $12.54/day | offers $389 | committed $768/1000 | naked $243 | funded 8/20 | verified 100.0% (20v/0u)
09:24:17 INFO sweep | 3/20 scoring | est $13.98/day | offers $389 | committed $768/1000 | naked $243 | funded 8/20 | verified 100.0% (20v/0u)
09:24:39 INFO sweep | 3/20 scoring | est $13.93/day | offers $389 | committed $768/1000 | naked $243 | funded 8/20 | verified 100.0% (20v/0u)
09:25:01 INFO sweep | 3/20 scoring | est $13.96/day | offers $389 | committed $768/1000 | naked $243 | funded 8/20 | verified 100.0% (20v/0u)
09:25:23 INFO sweep | 3/20 scoring | est $13.88/day | offers $389 | committed $768/1000 | naked $243 | funded 8/20 | verified 100.0% (20v/0u)
09:25:45 INFO sweep | 3/20 scoring | est $13.88/day | offers $389 | committed $768/1000 | naked $243 | funded 8/20 | verified 100.0% (20v/0u)
09:26:07 INFO sweep | 3/20 scoring | est $13.88/day | offers $389 | committed $768/1000 | naked $243 | funded 8/20 | verified 100.0% (20v/0u)
09:26:29 INFO sweep | 3/20 scoring | est $13.13/day | offers $389 | committed $768/1000 | naked $243 | funded 8/20 | verified 100.0% (20v/0u)
09:26:51 INFO sweep | 3/20 scoring | est $15.18/day | offers $389 | committed $768/1000 | naked $243 | funded 8/20 | verified 100.0% (20v/0u)
09:27:14 INFO sweep | 3/20 scoring | est $16.35/day | offers $389 | committed $768/1000 | naked $243 | funded 8/20 | verified 100.0% (20v/0u)
09:27:35 INFO sweep | 3/20 scoring | est $15.38/day | offers $389 | committed $768/1000 | naked $243 | funded 8/20 | verified 100.0% (20v/0u)
09:27:58 INFO sweep | 3/20 scoring | est $20.40/day | offers $389 | committed $768/1000 | naked $243 | funded 8/20 | verified 100.0% (20v/0u)
09:28:21 INFO sweep | 3/20 scoring | est $17.55/day | offers $389 | committed $768/1000 | naked $243 | funded 8/20 | verified 100.0% (20v/0u)
09:28:43 INFO sweep | 3/20 scoring | est $17.86/day | offers $389 | committed $768/1000 | naked $243 | funded 8/20 | verified 100.0% (20v/0u)
09:29:05 INFO sweep | 3/20 scoring | est $18.72/day | offers $389 | committed $768/1000 | naked $243 | funded 8/20 | verified 100.0% (20v/0u)
09:29:28 INFO sweep | 3/20 scoring | est $18.72/day | offers $389 | committed $768/1000 | naked $243 | funded 8/20 | verified 100.0% (20v/0u)
09:29:49 INFO sweep | 3/20 scoring | est $18.67/day | offers $389 | committed $768/1000 | naked $243 | funded 8/20 | verified 100.0% (20v/0u)
09:30:11 INFO sweep | 3/20 scoring | est $18.63/day | offers $389 | committed $768/1000 | naked $243 | funded 8/20 | verified 100.0% (20v/0u)
09:30:34 INFO sweep | 3/20 scoring | est $15.36/day | offers $389 | committed $768/1000 | naked $243 | funded 8/20 | verified 100.0% (20v/0u)
09:30:56 INFO sweep | 3/20 scoring | est $19.37/day | offers $389 | committed $768/1000 | naked $243 | funded 8/20 | verified 100.0% (20v/0u)
09:31:17 INFO sweep | 3/20 scoring | est $22.25/day | offers $389 | committed $768/1000 | naked $243 | funded 8/20 | verified 100.0% (20v/0u)
09:31:40 INFO sweep | 3/20 scoring | est $22.23/day | offers $389 | committed $768/1000 | naked $243 | funded 8/20 | verified 100.0% (20v/0u)
09:32:02 INFO sweep | 3/20 scoring | est $20.33/day | offers $389 | committed $768/1000 | naked $243 | funded 8/20 | verified 100.0% (20v/0u)
09:32:25 INFO sweep | 3/20 scoring | est $20.29/day | offers $389 | committed $768/1000 | naked $243 | funded 8/20 | verified 100.0% (20v/0u)
09:32:47 INFO sweep | 3/20 scoring | est $19.20/day | offers $389 | committed $768/1000 | naked $243 | funded 8/20 | verified 100.0% (20v/0u)
09:33:09 INFO sweep | 3/20 scoring | est $18.97/day | offers $389 | committed $768/1000 | naked $243 | funded 8/20 | verified 100.0% (20v/0u)
09:33:30 INFO sweep | 3/20 scoring | est $18.86/day | offers $389 | committed $768/1000 | naked $243 | funded 8/20 | verified 100.0% (20v/0u)
09:33:53 INFO sweep | 3/20 scoring | est $18.62/day | offers $389 | committed $768/1000 | naked $243 | funded 8/20 | verified 100.0% (20v/0u)
09:34:15 INFO sweep | 3/20 scoring | est $21.04/day | offers $389 | committed $768/1000 | naked $243 | funded 8/20 | verified 100.0% (20v/0u)
09:34:36 INFO sweep | 3/20 scoring | est $18.38/day | offers $389 | committed $768/1000 | naked $243 | funded 8/20 | verified 100.0% (20v/0u)
09:34:59 INFO sweep | 3/20 scoring | est $19.27/day | offers $389 | committed $768/1000 | naked $243 | funded 8/20 | verified 100.0% (20v/0u)
09:35:21 INFO sweep | 3/20 scoring | est $19.48/day | offers $389 | committed $768/1000 | naked $243 | funded 8/20 | verified 100.0% (20v/0u)
09:35:43 INFO sweep | 3/20 scoring | est $14.44/day | offers $389 | committed $768/1000 | naked $243 | funded 8/20 | verified 100.0% (20v/0u)
09:36:07 INFO sweep | 3/20 scoring | est $14.51/day | offers $389 | committed $768/1000 | naked $243 | funded 8/20 | verified 100.0% (20v/0u)
09:36:29 INFO sweep | 3/20 scoring | est $13.89/day | offers $389 | committed $768/1000 | naked $243 | funded 8/20 | verified 100.0% (20v/0u)
09:36:51 INFO sweep | 3/20 scoring | est $13.86/day | offers $389 | committed $768/1000 | naked $243 | funded 8/20 | verified 100.0% (20v/0u)
09:37:13 INFO sweep | 3/20 scoring | est $13.89/day | offers $389 | committed $768/1000 | naked $243 | funded 8/20 | verified 100.0% (20v/0u)
09:37:35 INFO sweep | 3/20 scoring | est $11.40/day | offers $389 | committed $768/1000 | naked $243 | funded 8/20 | verified 100.0% (20v/0u)
09:37:57 INFO sweep | 3/20 scoring | est $9.78/day | offers $389 | committed $768/1000 | naked $243 | funded 8/20 | verified 100.0% (20v/0u)
09:38:20 INFO sweep | 3/20 scoring | est $11.76/day | offers $389 | committed $768/1000 | naked $243 | funded 8/20 | verified 100.0% (20v/0u)
09:38:41 INFO sweep | 3/20 scoring | est $10.01/day | offers $389 | committed $768/1000 | naked $243 | funded 8/20 | verified 100.0% (20v/0u)
09:39:03 INFO sweep | 3/20 scoring | est $9.88/day | offers $389 | committed $768/1000 | naked $243 | funded 8/20 | verified 100.0% (20v/0u)
09:39:26 INFO sweep | 3/20 scoring | est $10.05/day | offers $389 | committed $768/1000 | naked $243 | funded 8/20 | verified 100.0% (20v/0u)
09:39:47 INFO sweep | 3/20 scoring | est $10.29/day | offers $389 | committed $768/1000 | naked $243 | funded 8/20 | verified 100.0% (20v/0u)
09:40:09 INFO sweep | 3/20 scoring | est $10.02/day | offers $389 | committed $768/1000 | naked $243 | funded 8/20 | verified 100.0% (20v/0u)
09:40:32 INFO sweep | 3/20 scoring | est $12.19/day | offers $389 | committed $768/1000 | naked $243 | funded 8/20 | verified 100.0% (20v/0u)
09:40:54 INFO sweep | 3/20 scoring | est $12.35/day | offers $389 | committed $768/1000 | naked $243 | funded 8/20 | verified 100.0% (20v/0u)
09:41:15 INFO sweep | 3/20 scoring | est $12.54/day | offers $389 | committed $768/1000 | naked $243 | funded 8/20 | verified 100.0% (20v/0u)
09:41:39 INFO sweep | 3/20 scoring | est $12.56/day | offers $389 | committed $768/1000 | naked $243 | funded 8/20 | verified 100.0% (20v/0u)
09:42:00 INFO sweep | 3/20 scoring | est $13.05/day | offers $389 | committed $768/1000 | naked $243 | funded 8/20 | verified 100.0% (20v/0u)
09:42:22 INFO sweep | 3/20 scoring | est $12.47/day | offers $389 | committed $768/1000 | naked $243 | funded 8/20 | verified 100.0% (20v/0u)
09:42:45 INFO sweep | 3/20 scoring | est $12.46/day | offers $389 | committed $768/1000 | naked $243 | funded 8/20 | verified 100.0% (20v/0u)
09:43:07 INFO sweep | 3/20 scoring | est $12.44/day | offers $389 | committed $768/1000 | naked $243 | funded 8/20 | verified 100.0% (20v/0u)
09:43:29 INFO sweep | 3/20 scoring | est $12.49/day | offers $389 | committed $768/1000 | naked $243 | funded 8/20 | verified 100.0% (20v/0u)
09:43:52 INFO sweep | 3/20 scoring | est $13.08/day | offers $389 | committed $768/1000 | naked $243 | funded 8/20 | verified 100.0% (20v/0u)
09:44:13 INFO sweep | 3/20 scoring | est $12.77/day | offers $389 | committed $768/1000 | naked $243 | funded 8/20 | verified 100.0% (20v/0u)
09:44:35 INFO sweep | 3/20 scoring | est $12.80/day | offers $389 | committed $768/1000 | naked $243 | funded 8/20 | verified 100.0% (20v/0u)
09:44:58 INFO sweep | 3/20 scoring | est $12.61/day | offers $389 | committed $768/1000 | naked $243 | funded 8/20 | verified 100.0% (20v/0u)
09:45:19 INFO sweep | 3/20 scoring | est $12.50/day | offers $389 | committed $768/1000 | naked $243 | funded 8/20 | verified 100.0% (20v/0u)
09:45:41 INFO sweep | 3/20 scoring | est $12.66/day | offers $389 | committed $768/1000 | naked $243 | funded 8/20 | verified 100.0% (20v/0u)
09:46:04 INFO sweep | 3/20 scoring | est $12.77/day | offers $389 | committed $768/1000 | naked $243 | funded 8/20 | verified 100.0% (20v/0u)
09:46:25 INFO sweep | 3/20 scoring | est $15.94/day | offers $389 | committed $768/1000 | naked $243 | funded 8/20 | verified 100.0% (20v/0u)
09:46:50 INFO sweep | 3/20 scoring | est $15.30/day | offers $389 | committed $768/1000 | naked $243 | funded 8/20 | verified 100.0% (20v/0u)
09:47:13 INFO sweep | 3/20 scoring | est $14.39/day | offers $389 | committed $768/1000 | naked $243 | funded 8/20 | verified 100.0% (20v/0u)
09:47:35 INFO sweep | 3/20 scoring | est $13.53/day | offers $389 | committed $768/1000 | naked $243 | funded 8/20 | verified 100.0% (20v/0u)
09:47:57 INFO sweep | 3/20 scoring | est $13.96/day | offers $389 | committed $768/1000 | naked $243 | funded 8/20 | verified 100.0% (20v/0u)
09:48:20 INFO sweep | 3/20 scoring | est $14.14/day | offers $389 | committed $768/1000 | naked $243 | funded 8/20 | verified 100.0% (20v/0u)
09:48:42 INFO sweep | 3/20 scoring | est $11.51/day | offers $389 | committed $768/1000 | naked $243 | funded 8/20 | verified 100.0% (20v/0u)
09:49:04 INFO sweep | 3/20 scoring | est $18.03/day | offers $389 | committed $768/1000 | naked $243 | funded 8/20 | verified 100.0% (20v/0u)
09:49:27 INFO sweep | 3/20 scoring | est $18.33/day | offers $389 | committed $768/1000 | naked $243 | funded 8/20 | verified 100.0% (20v/0u)
09:49:49 INFO sweep | 3/20 scoring | est $16.78/day | offers $389 | committed $768/1000 | naked $243 | funded 8/20 | verified 100.0% (20v/0u)
09:50:11 INFO sweep | 3/20 scoring | est $23.13/day | offers $389 | committed $768/1000 | naked $243 | funded 8/20 | verified 100.0% (20v/0u)
09:50:34 INFO sweep | 3/20 scoring | est $18.92/day | offers $389 | committed $768/1000 | naked $243 | funded 8/20 | verified 100.0% (20v/0u)
09:50:56 INFO sweep | 3/20 scoring | est $17.65/day | offers $389 | committed $768/1000 | naked $243 | funded 8/20 | verified 100.0% (20v/0u)
09:51:19 INFO sweep | 3/20 scoring | est $17.10/day | offers $389 | committed $768/1000 | naked $243 | funded 8/20 | verified 100.0% (20v/0u)
09:52:00 INFO sweep | 3/20 scoring | est $17.83/day | offers $389 | committed $768/1000 | naked $243 | funded 8/20 | verified 100.0% (20v/0u)
09:52:20 INFO sweep | 3/20 scoring | est $17.83/day | offers $389 | committed $768/1000 | naked $243 | funded 8/20 | verified 100.0% (20v/0u)
09:52:26 WARNING Will Elon Musk post 40-64 twee: HTTPSConnectionPool(host='clob.polymarket.com', port=443): Read timed out. (read timeout=5.0)
09:52:27 WARNING Will Elon Musk post <40 tweets: HTTPSConnectionPool(host='clob.polymarket.com', port=443): Max retries exceeded with url: /markets/0xcf68640be0770763444cdb7276913ed566ca24e91d684eca37b75ed8c3a48a16 (Caused by NameResolutionError("HTTPSConnection(host='clob.polymarket.com', port=443): Failed to resolve 'clob.polymarket.com' ([Errno 11001] getaddrinfo failed)"))
09:52:30 WARNING Counter-Strike: MOUZ NXT vs Mi: HTTPSConnectionPool(host='clob.polymarket.com', port=443): Max retries exceeded with url: /markets/0x2498c20721a62f1ff81a432a2c85f98af1d598ba4a8ab1cc258b0405cf10c67f (Caused by NameResolutionError("HTTPSConnection(host='clob.polymarket.com', port=443): Failed to resolve 'clob.polymarket.com' ([Errno 11001] getaddrinfo failed)"))
09:52:31 WARNING Counter-Strike: ARCRED vs Butt: HTTPSConnectionPool(host='clob.polymarket.com', port=443): Max retries exceeded with url: /markets/0x149d28e7f5aaa243c78bd97f670706663b4b34b1aa6b5d466c7f684e91f50b7a (Caused by NameResolutionError("HTTPSConnection(host='clob.polymarket.com', port=443): Failed to resolve 'clob.polymarket.com' ([Errno 11001] getaddrinfo failed)"))
09:52:32 WARNING Set Handicap: Pegula (-1.5) vs: HTTPSConnectionPool(host='clob.polymarket.com', port=443): Max retries exceeded with url: /markets/0xa66e70f9c298c744537dc3c66e625794922a980ba8d38ef3fe33ba2d178219b7 (Caused by NameResolutionError("HTTPSConnection(host='clob.polymarket.com', port=443): Failed to resolve 'clob.polymarket.com' ([Errno 11001] getaddrinfo failed)"))
09:52:36 WARNING Bitcoin Up or Down on August 3: HTTPSConnectionPool(host='clob.polymarket.com', port=443): Max retries exceeded with url: /markets/0xfa1e6a0af97304bf081e854b89d5b430b9cdb3837ed0e28c5f9edea0ad1211ca (Caused by NameResolutionError("HTTPSConnection(host='clob.polymarket.com', port=443): Failed to resolve 'clob.polymarket.com' ([Errno 11001] getaddrinfo failed)"))
09:52:37 WARNING Ethereum Up or Down on August : HTTPSConnectionPool(host='clob.polymarket.com', port=443): Max retries exceeded with url: /markets/0xdac3adf06cab6bebb4660a9f6adae432e46ae631c473c4d5bbaba187e155f687 (Caused by NameResolutionError("HTTPSConnection(host='clob.polymarket.com', port=443): Failed to resolve 'clob.polymarket.com' ([Errno 11001] getaddrinfo failed)"))
09:52:38 WARNING Grodzisk Mazowiecki: Fares Zak: HTTPSConnectionPool(host='clob.polymarket.com', port=443): Max retries exceeded with url: /markets/0xbb57200ecc3277d77ab18ae0734966050600cb0760014f01de71a4ba34cbee58 (Caused by NameResolutionError("HTTPSConnection(host='clob.polymarket.com', port=443): Failed to resolve 'clob.polymarket.com' ([Errno 11001] getaddrinfo failed)"))
09:52:40 WARNING Grodzisk Mazowiecki: Michele R: HTTPSConnectionPool(host='clob.polymarket.com', port=443): Max retries exceeded with url: /markets/0x5319b299241c9c43a07b756e9b32b9a9c50edbab07c3292645f7e4e959df994e (Caused by NameResolutionError("HTTPSConnection(host='clob.polymarket.com', port=443): Failed to resolve 'clob.polymarket.com' ([Errno 11001] getaddrinfo failed)"))
09:52:41 WARNING Mubadala Citi DC Open: Jessica: HTTPSConnectionPool(host='clob.polymarket.com', port=443): Max retries exceeded with url: /markets/0x7a50d6ca06cd4b6c1d49d86d5852f6d3c9ae68ea7b2fb3407ce5f9dbd0d6e7d2 (Caused by NameResolutionError("HTTPSConnection(host='clob.polymarket.com', port=443): Failed to resolve 'clob.polymarket.com' ([Errno 11001] getaddrinfo failed)"))
09:52:45 INFO sweep | 3/20 scoring | est $17.83/day | offers $389 | committed $768/1000 | naked $243 | funded 8/20 | verified 100.0% (20v/0u)
09:53:05 INFO sweep | 3/20 scoring | est $17.83/day | offers $389 | committed $768/1000 | naked $243 | funded 8/20 | verified 100.0% (20v/0u)
09:53:25 INFO sweep | 3/20 scoring | est $17.83/day | offers $389 | committed $768/1000 | naked $243 | funded 8/20 | verified 100.0% (20v/0u)
09:53:26 WARNING Will Elon Musk post 40-64 twee: HTTPSConnectionPool(host='clob.polymarket.com', port=443): Max retries exceeded with url: /markets/0x12f41495368762c249e7ff069a1484f8954a34d178bafc6bfbfda0c473fd6dff (Caused by NameResolutionError("HTTPSConnection(host='clob.polymarket.com', port=443): Failed to resolve 'clob.polymarket.com' ([Errno 11001] getaddrinfo failed)"))
09:53:27 WARNING Will Elon Musk post <40 tweets: HTTPSConnectionPool(host='clob.polymarket.com', port=443): Max retries exceeded with url: /markets/0xcf68640be0770763444cdb7276913ed566ca24e91d684eca37b75ed8c3a48a16 (Caused by NameResolutionError("HTTPSConnection(host='clob.polymarket.com', port=443): Failed to resolve 'clob.polymarket.com' ([Errno 11001] getaddrinfo failed)"))
09:53:31 WARNING Counter-Strike: MOUZ NXT vs Mi: HTTPSConnectionPool(host='clob.polymarket.com', port=443): Max retries exceeded with url: /markets/0x2498c20721a62f1ff81a432a2c85f98af1d598ba4a8ab1cc258b0405cf10c67f (Caused by NameResolutionError("HTTPSConnection(host='clob.polymarket.com', port=443): Failed to resolve 'clob.polymarket.com' ([Errno 11001] getaddrinfo failed)"))
09:53:32 WARNING Counter-Strike: ARCRED vs Butt: HTTPSConnectionPool(host='clob.polymarket.com', port=443): Max retries exceeded with url: /markets/0x149d28e7f5aaa243c78bd97f670706663b4b34b1aa6b5d466c7f684e91f50b7a (Caused by NameResolutionError("HTTPSConnection(host='clob.polymarket.com', port=443): Failed to resolve 'clob.polymarket.com' ([Errno 11001] getaddrinfo failed)"))
09:53:33 WARNING Set Handicap: Pegula (-1.5) vs: HTTPSConnectionPool(host='clob.polymarket.com', port=443): Max retries exceeded with url: /markets/0xa66e70f9c298c744537dc3c66e625794922a980ba8d38ef3fe33ba2d178219b7 (Caused by NameResolutionError("HTTPSConnection(host='clob.polymarket.com', port=443): Failed to resolve 'clob.polymarket.com' ([Errno 11001] getaddrinfo failed)"))
09:53:37 WARNING Bitcoin Up or Down on August 3: HTTPSConnectionPool(host='clob.polymarket.com', port=443): Max retries exceeded with url: /markets/0xfa1e6a0af97304bf081e854b89d5b430b9cdb3837ed0e28c5f9edea0ad1211ca (Caused by NameResolutionError("HTTPSConnection(host='clob.polymarket.com', port=443): Failed to resolve 'clob.polymarket.com' ([Errno 11001] getaddrinfo failed)"))
09:53:38 WARNING Ethereum Up or Down on August : HTTPSConnectionPool(host='clob.polymarket.com', port=443): Max retries exceeded with url: /markets/0xdac3adf06cab6bebb4660a9f6adae432e46ae631c473c4d5bbaba187e155f687 (Caused by NameResolutionError("HTTPSConnection(host='clob.polymarket.com', port=443): Failed to resolve 'clob.polymarket.com' ([Errno 11001] getaddrinfo failed)"))
09:53:39 WARNING Grodzisk Mazowiecki: Fares Zak: HTTPSConnectionPool(host='clob.polymarket.com', port=443): Max retries exceeded with url: /markets/0xbb57200ecc3277d77ab18ae0734966050600cb0760014f01de71a4ba34cbee58 (Caused by NameResolutionError("HTTPSConnection(host='clob.polymarket.com', port=443): Failed to resolve 'clob.polymarket.com' ([Errno 11001] getaddrinfo failed)"))
09:53:41 WARNING Grodzisk Mazowiecki: Michele R: HTTPSConnectionPool(host='clob.polymarket.com', port=443): Max retries exceeded with url: /markets/0x5319b299241c9c43a07b756e9b32b9a9c50edbab07c3292645f7e4e959df994e (Caused by NameResolutionError("HTTPSConnection(host='clob.polymarket.com', port=443): Failed to resolve 'clob.polymarket.com' ([Errno 11001] getaddrinfo failed)"))
09:53:42 WARNING Mubadala Citi DC Open: Jessica: HTTPSConnectionPool(host='clob.polymarket.com', port=443): Max retries exceeded with url: /markets/0x7a50d6ca06cd4b6c1d49d86d5852f6d3c9ae68ea7b2fb3407ce5f9dbd0d6e7d2 (Caused by NameResolutionError("HTTPSConnection(host='clob.polymarket.com', port=443): Failed to resolve 'clob.polymarket.com' ([Errno 11001] getaddrinfo failed)"))
09:53:46 INFO sweep | 3/20 scoring | est $17.83/day | offers $389 | committed $768/1000 | naked $243 | funded 8/20 | verified 100.0% (20v/0u)
09:54:06 INFO sweep | 3/20 scoring | est $17.83/day | offers $389 | committed $768/1000 | naked $243 | funded 8/20 | verified 100.0% (20v/0u)
09:54:26 INFO sweep | 3/20 scoring | est $17.83/day | offers $389 | committed $768/1000 | naked $243 | funded 8/20 | verified 100.0% (20v/0u)
09:54:27 WARNING Will Elon Musk post 40-64 twee: HTTPSConnectionPool(host='clob.polymarket.com', port=443): Max retries exceeded with url: /markets/0x12f41495368762c249e7ff069a1484f8954a34d178bafc6bfbfda0c473fd6dff (Caused by NameResolutionError("HTTPSConnection(host='clob.polymarket.com', port=443): Failed to resolve 'clob.polymarket.com' ([Errno 11001] getaddrinfo failed)"))
09:54:28 WARNING Will Elon Musk post <40 tweets: HTTPSConnectionPool(host='clob.polymarket.com', port=443): Max retries exceeded with url: /markets/0xcf68640be0770763444cdb7276913ed566ca24e91d684eca37b75ed8c3a48a16 (Caused by NameResolutionError("HTTPSConnection(host='clob.polymarket.com', port=443): Failed to resolve 'clob.polymarket.com' ([Errno 11001] getaddrinfo failed)"))
09:54:31 WARNING Counter-Strike: MOUZ NXT vs Mi: HTTPSConnectionPool(host='clob.polymarket.com', port=443): Max retries exceeded with url: /markets/0x2498c20721a62f1ff81a432a2c85f98af1d598ba4a8ab1cc258b0405cf10c67f (Caused by NameResolutionError("HTTPSConnection(host='clob.polymarket.com', port=443): Failed to resolve 'clob.polymarket.com' ([Errno 11001] getaddrinfo failed)"))
09:54:32 WARNING Counter-Strike: ARCRED vs Butt: HTTPSConnectionPool(host='clob.polymarket.com', port=443): Max retries exceeded with url: /markets/0x149d28e7f5aaa243c78bd97f670706663b4b34b1aa6b5d466c7f684e91f50b7a (Caused by NameResolutionError("HTTPSConnection(host='clob.polymarket.com', port=443): Failed to resolve 'clob.polymarket.com' ([Errno 11001] getaddrinfo failed)"))
09:54:33 WARNING Set Handicap: Pegula (-1.5) vs: HTTPSConnectionPool(host='clob.polymarket.com', port=443): Max retries exceeded with url: /markets/0xa66e70f9c298c744537dc3c66e625794922a980ba8d38ef3fe33ba2d178219b7 (Caused by NameResolutionError("HTTPSConnection(host='clob.polymarket.com', port=443): Failed to resolve 'clob.polymarket.com' ([Errno 11001] getaddrinfo failed)"))
09:54:37 WARNING Bitcoin Up or Down on August 3: HTTPSConnectionPool(host='clob.polymarket.com', port=443): Max retries exceeded with url: /markets/0xfa1e6a0af97304bf081e854b89d5b430b9cdb3837ed0e28c5f9edea0ad1211ca (Caused by NameResolutionError("HTTPSConnection(host='clob.polymarket.com', port=443): Failed to resolve 'clob.polymarket.com' ([Errno 11001] getaddrinfo failed)"))
09:54:38 WARNING Ethereum Up or Down on August : HTTPSConnectionPool(host='clob.polymarket.com', port=443): Max retries exceeded with url: /markets/0xdac3adf06cab6bebb4660a9f6adae432e46ae631c473c4d5bbaba187e155f687 (Caused by NameResolutionError("HTTPSConnection(host='clob.polymarket.com', port=443): Failed to resolve 'clob.polymarket.com' ([Errno 11001] getaddrinfo failed)"))
09:54:39 WARNING Grodzisk Mazowiecki: Fares Zak: HTTPSConnectionPool(host='clob.polymarket.com', port=443): Max retries exceeded with url: /markets/0xbb57200ecc3277d77ab18ae0734966050600cb0760014f01de71a4ba34cbee58 (Caused by NameResolutionError("HTTPSConnection(host='clob.polymarket.com', port=443): Failed to resolve 'clob.polymarket.com' ([Errno 11001] getaddrinfo failed)"))
09:54:41 WARNING Grodzisk Mazowiecki: Michele R: HTTPSConnectionPool(host='clob.polymarket.com', port=443): Max retries exceeded with url: /markets/0x5319b299241c9c43a07b756e9b32b9a9c50edbab07c3292645f7e4e959df994e (Caused by NameResolutionError("HTTPSConnection(host='clob.polymarket.com', port=443): Failed to resolve 'clob.polymarket.com' ([Errno 11001] getaddrinfo failed)"))
09:54:42 WARNING Mubadala Citi DC Open: Jessica: HTTPSConnectionPool(host='clob.polymarket.com', port=443): Max retries exceeded with url: /markets/0x7a50d6ca06cd4b6c1d49d86d5852f6d3c9ae68ea7b2fb3407ce5f9dbd0d6e7d2 (Caused by NameResolutionError("HTTPSConnection(host='clob.polymarket.com', port=443): Failed to resolve 'clob.polymarket.com' ([Errno 11001] getaddrinfo failed)"))
09:54:46 INFO sweep | 3/20 scoring | est $17.83/day | offers $389 | committed $768/1000 | naked $243 | funded 8/20 | verified 100.0% (20v/0u)
09:55:06 INFO sweep | 3/20 scoring | est $17.83/day | offers $389 | committed $768/1000 | naked $243 | funded 8/20 | verified 100.0% (20v/0u)
09:55:26 INFO sweep | 3/20 scoring | est $17.83/day | offers $389 | committed $768/1000 | naked $243 | funded 8/20 | verified 100.0% (20v/0u)
09:55:27 WARNING Will Elon Musk post 40-64 twee: HTTPSConnectionPool(host='clob.polymarket.com', port=443): Max retries exceeded with url: /markets/0x12f41495368762c249e7ff069a1484f8954a34d178bafc6bfbfda0c473fd6dff (Caused by NameResolutionError("HTTPSConnection(host='clob.polymarket.com', port=443): Failed to resolve 'clob.polymarket.com' ([Errno 11001] getaddrinfo failed)"))
09:55:28 WARNING Will Elon Musk post <40 tweets: HTTPSConnectionPool(host='clob.polymarket.com', port=443): Max retries exceeded with url: /markets/0xcf68640be0770763444cdb7276913ed566ca24e91d684eca37b75ed8c3a48a16 (Caused by NameResolutionError("HTTPSConnection(host='clob.polymarket.com', port=443): Failed to resolve 'clob.polymarket.com' ([Errno 11001] getaddrinfo failed)"))
09:55:31 WARNING Counter-Strike: MOUZ NXT vs Mi: HTTPSConnectionPool(host='clob.polymarket.com', port=443): Max retries exceeded with url: /markets/0x2498c20721a62f1ff81a432a2c85f98af1d598ba4a8ab1cc258b0405cf10c67f (Caused by NameResolutionError("HTTPSConnection(host='clob.polymarket.com', port=443): Failed to resolve 'clob.polymarket.com' ([Errno 11001] getaddrinfo failed)"))
09:55:32 WARNING Counter-Strike: ARCRED vs Butt: HTTPSConnectionPool(host='clob.polymarket.com', port=443): Max retries exceeded with url: /markets/0x149d28e7f5aaa243c78bd97f670706663b4b34b1aa6b5d466c7f684e91f50b7a (Caused by NameResolutionError("HTTPSConnection(host='clob.polymarket.com', port=443): Failed to resolve 'clob.polymarket.com' ([Errno 11001] getaddrinfo failed)"))
09:55:33 WARNING Set Handicap: Pegula (-1.5) vs: HTTPSConnectionPool(host='clob.polymarket.com', port=443): Max retries exceeded with url: /markets/0xa66e70f9c298c744537dc3c66e625794922a980ba8d38ef3fe33ba2d178219b7 (Caused by NameResolutionError("HTTPSConnection(host='clob.polymarket.com', port=443): Failed to resolve 'clob.polymarket.com' ([Errno 11001] getaddrinfo failed)"))
09:55:37 WARNING Bitcoin Up or Down on August 3: HTTPSConnectionPool(host='clob.polymarket.com', port=443): Max retries exceeded with url: /markets/0xfa1e6a0af97304bf081e854b89d5b430b9cdb3837ed0e28c5f9edea0ad1211ca (Caused by NameResolutionError("HTTPSConnection(host='clob.polymarket.com', port=443): Failed to resolve 'clob.polymarket.com' ([Errno 11001] getaddrinfo failed)"))
09:55:38 WARNING Ethereum Up or Down on August : HTTPSConnectionPool(host='clob.polymarket.com', port=443): Max retries exceeded with url: /markets/0xdac3adf06cab6bebb4660a9f6adae432e46ae631c473c4d5bbaba187e155f687 (Caused by NameResolutionError("HTTPSConnection(host='clob.polymarket.com', port=443): Failed to resolve 'clob.polymarket.com' ([Errno 11001] getaddrinfo failed)"))
09:55:39 WARNING Grodzisk Mazowiecki: Fares Zak: HTTPSConnectionPool(host='clob.polymarket.com', port=443): Max retries exceeded with url: /markets/0xbb57200ecc3277d77ab18ae0734966050600cb0760014f01de71a4ba34cbee58 (Caused by NameResolutionError("HTTPSConnection(host='clob.polymarket.com', port=443): Failed to resolve 'clob.polymarket.com' ([Errno 11001] getaddrinfo failed)"))
09:55:41 WARNING Grodzisk Mazowiecki: Michele R: HTTPSConnectionPool(host='clob.polymarket.com', port=443): Max retries exceeded with url: /markets/0x5319b299241c9c43a07b756e9b32b9a9c50edbab07c3292645f7e4e959df994e (Caused by NameResolutionError("HTTPSConnection(host='clob.polymarket.com', port=443): Failed to resolve 'clob.polymarket.com' ([Errno 11001] getaddrinfo failed)"))
09:55:42 WARNING Mubadala Citi DC Open: Jessica: HTTPSConnectionPool(host='clob.polymarket.com', port=443): Max retries exceeded with url: /markets/0x7a50d6ca06cd4b6c1d49d86d5852f6d3c9ae68ea7b2fb3407ce5f9dbd0d6e7d2 (Caused by NameResolutionError("HTTPSConnection(host='clob.polymarket.com', port=443): Failed to resolve 'clob.polymarket.com' ([Errno 11001] getaddrinfo failed)"))
09:55:47 INFO sweep | 3/20 scoring | est $17.83/day | offers $389 | committed $768/1000 | naked $243 | funded 8/20 | verified 100.0% (20v/0u)
09:56:07 INFO sweep | 3/20 scoring | est $17.83/day | offers $389 | committed $768/1000 | naked $243 | funded 8/20 | verified 100.0% (20v/0u)
09:56:27 INFO sweep | 3/20 scoring | est $17.83/day | offers $389 | committed $768/1000 | naked $243 | funded 8/20 | verified 100.0% (20v/0u)
09:56:28 WARNING Will Elon Musk post 40-64 twee: HTTPSConnectionPool(host='clob.polymarket.com', port=443): Max retries exceeded with url: /markets/0x12f41495368762c249e7ff069a1484f8954a34d178bafc6bfbfda0c473fd6dff (Caused by NameResolutionError("HTTPSConnection(host='clob.polymarket.com', port=443): Failed to resolve 'clob.polymarket.com' ([Errno 11001] getaddrinfo failed)"))
09:56:29 WARNING Will Elon Musk post <40 tweets: HTTPSConnectionPool(host='clob.polymarket.com', port=443): Max retries exceeded with url: /markets/0xcf68640be0770763444cdb7276913ed566ca24e91d684eca37b75ed8c3a48a16 (Caused by NameResolutionError("HTTPSConnection(host='clob.polymarket.com', port=443): Failed to resolve 'clob.polymarket.com' ([Errno 11001] getaddrinfo failed)"))
09:56:32 WARNING Counter-Strike: MOUZ NXT vs Mi: HTTPSConnectionPool(host='clob.polymarket.com', port=443): Max retries exceeded with url: /markets/0x2498c20721a62f1ff81a432a2c85f98af1d598ba4a8ab1cc258b0405cf10c67f (Caused by NameResolutionError("HTTPSConnection(host='clob.polymarket.com', port=443): Failed to resolve 'clob.polymarket.com' ([Errno 11001] getaddrinfo failed)"))
09:56:33 WARNING Counter-Strike: ARCRED vs Butt: HTTPSConnectionPool(host='clob.polymarket.com', port=443): Max retries exceeded with url: /markets/0x149d28e7f5aaa243c78bd97f670706663b4b34b1aa6b5d466c7f684e91f50b7a (Caused by NameResolutionError("HTTPSConnection(host='clob.polymarket.com', port=443): Failed to resolve 'clob.polymarket.com' ([Errno 11001] getaddrinfo failed)"))
09:56:34 WARNING Set Handicap: Pegula (-1.5) vs: HTTPSConnectionPool(host='clob.polymarket.com', port=443): Max retries exceeded with url: /markets/0xa66e70f9c298c744537dc3c66e625794922a980ba8d38ef3fe33ba2d178219b7 (Caused by NameResolutionError("HTTPSConnection(host='clob.polymarket.com', port=443): Failed to resolve 'clob.polymarket.com' ([Errno 11001] getaddrinfo failed)"))
09:56:38 WARNING Bitcoin Up or Down on August 3: HTTPSConnectionPool(host='clob.polymarket.com', port=443): Max retries exceeded with url: /markets/0xfa1e6a0af97304bf081e854b89d5b430b9cdb3837ed0e28c5f9edea0ad1211ca (Caused by NameResolutionError("HTTPSConnection(host='clob.polymarket.com', port=443): Failed to resolve 'clob.polymarket.com' ([Errno 11001] getaddrinfo failed)"))
09:56:39 WARNING Ethereum Up or Down on August : HTTPSConnectionPool(host='clob.polymarket.com', port=443): Max retries exceeded with url: /markets/0xdac3adf06cab6bebb4660a9f6adae432e46ae631c473c4d5bbaba187e155f687 (Caused by NameResolutionError("HTTPSConnection(host='clob.polymarket.com', port=443): Failed to resolve 'clob.polymarket.com' ([Errno 11001] getaddrinfo failed)"))
09:56:40 WARNING Grodzisk Mazowiecki: Fares Zak: HTTPSConnectionPool(host='clob.polymarket.com', port=443): Max retries exceeded with url: /markets/0xbb57200ecc3277d77ab18ae0734966050600cb0760014f01de71a4ba34cbee58 (Caused by NameResolutionError("HTTPSConnection(host='clob.polymarket.com', port=443): Failed to resolve 'clob.polymarket.com' ([Errno 11001] getaddrinfo failed)"))
09:56:42 WARNING Grodzisk Mazowiecki: Michele R: HTTPSConnectionPool(host='clob.polymarket.com', port=443): Max retries exceeded with url: /markets/0x5319b299241c9c43a07b756e9b32b9a9c50edbab07c3292645f7e4e959df994e (Caused by NameResolutionError("HTTPSConnection(host='clob.polymarket.com', port=443): Failed to resolve 'clob.polymarket.com' ([Errno 11001] getaddrinfo failed)"))
09:56:43 WARNING Mubadala Citi DC Open: Jessica: HTTPSConnectionPool(host='clob.polymarket.com', port=443): Max retries exceeded with url: /markets/0x7a50d6ca06cd4b6c1d49d86d5852f6d3c9ae68ea7b2fb3407ce5f9dbd0d6e7d2 (Caused by NameResolutionError("HTTPSConnection(host='clob.polymarket.com', port=443): Failed to resolve 'clob.polymarket.com' ([Errno 11001] getaddrinfo failed)"))
09:56:47 INFO sweep | 3/20 scoring | est $17.83/day | offers $389 | committed $768/1000 | naked $243 | funded 8/20 | verified 100.0% (20v/0u)
09:57:07 INFO sweep | 3/20 scoring | est $17.83/day | offers $389 | committed $768/1000 | naked $243 | funded 8/20 | verified 100.0% (20v/0u)
09:57:27 INFO sweep | 3/20 scoring | est $17.83/day | offers $389 | committed $768/1000 | naked $243 | funded 8/20 | verified 100.0% (20v/0u)
09:57:28 WARNING Will Elon Musk post 40-64 twee: HTTPSConnectionPool(host='clob.polymarket.com', port=443): Max retries exceeded with url: /markets/0x12f41495368762c249e7ff069a1484f8954a34d178bafc6bfbfda0c473fd6dff (Caused by NameResolutionError("HTTPSConnection(host='clob.polymarket.com', port=443): Failed to resolve 'clob.polymarket.com' ([Errno 11001] getaddrinfo failed)"))
09:57:29 WARNING Will Elon Musk post <40 tweets: HTTPSConnectionPool(host='clob.polymarket.com', port=443): Max retries exceeded with url: /markets/0xcf68640be0770763444cdb7276913ed566ca24e91d684eca37b75ed8c3a48a16 (Caused by NameResolutionError("HTTPSConnection(host='clob.polymarket.com', port=443): Failed to resolve 'clob.polymarket.com' ([Errno 11001] getaddrinfo failed)"))
09:57:32 WARNING Counter-Strike: MOUZ NXT vs Mi: HTTPSConnectionPool(host='clob.polymarket.com', port=443): Max retries exceeded with url: /markets/0x2498c20721a62f1ff81a432a2c85f98af1d598ba4a8ab1cc258b0405cf10c67f (Caused by NameResolutionError("HTTPSConnection(host='clob.polymarket.com', port=443): Failed to resolve 'clob.polymarket.com' ([Errno 11001] getaddrinfo failed)"))
09:57:33 WARNING Counter-Strike: ARCRED vs Butt: HTTPSConnectionPool(host='clob.polymarket.com', port=443): Max retries exceeded with url: /markets/0x149d28e7f5aaa243c78bd97f670706663b4b34b1aa6b5d466c7f684e91f50b7a (Caused by NameResolutionError("HTTPSConnection(host='clob.polymarket.com', port=443): Failed to resolve 'clob.polymarket.com' ([Errno 11001] getaddrinfo failed)"))
09:57:34 WARNING Set Handicap: Pegula (-1.5) vs: HTTPSConnectionPool(host='clob.polymarket.com', port=443): Max retries exceeded with url: /markets/0xa66e70f9c298c744537dc3c66e625794922a980ba8d38ef3fe33ba2d178219b7 (Caused by NameResolutionError("HTTPSConnection(host='clob.polymarket.com', port=443): Failed to resolve 'clob.polymarket.com' ([Errno 11001] getaddrinfo failed)"))
09:57:38 WARNING Bitcoin Up or Down on August 3: HTTPSConnectionPool(host='clob.polymarket.com', port=443): Max retries exceeded with url: /markets/0xfa1e6a0af97304bf081e854b89d5b430b9cdb3837ed0e28c5f9edea0ad1211ca (Caused by NameResolutionError("HTTPSConnection(host='clob.polymarket.com', port=443): Failed to resolve 'clob.polymarket.com' ([Errno 11001] getaddrinfo failed)"))
09:57:39 WARNING Ethereum Up or Down on August : HTTPSConnectionPool(host='clob.polymarket.com', port=443): Max retries exceeded with url: /markets/0xdac3adf06cab6bebb4660a9f6adae432e46ae631c473c4d5bbaba187e155f687 (Caused by NameResolutionError("HTTPSConnection(host='clob.polymarket.com', port=443): Failed to resolve 'clob.polymarket.com' ([Errno 11001] getaddrinfo failed)"))
09:57:40 WARNING Grodzisk Mazowiecki: Fares Zak: HTTPSConnectionPool(host='clob.polymarket.com', port=443): Max retries exceeded with url: /markets/0xbb57200ecc3277d77ab18ae0734966050600cb0760014f01de71a4ba34cbee58 (Caused by NameResolutionError("HTTPSConnection(host='clob.polymarket.com', port=443): Failed to resolve 'clob.polymarket.com' ([Errno 11001] getaddrinfo failed)"))
09:57:42 WARNING Grodzisk Mazowiecki: Michele R: HTTPSConnectionPool(host='clob.polymarket.com', port=443): Max retries exceeded with url: /markets/0x5319b299241c9c43a07b756e9b32b9a9c50edbab07c3292645f7e4e959df994e (Caused by NameResolutionError("HTTPSConnection(host='clob.polymarket.com', port=443): Failed to resolve 'clob.polymarket.com' ([Errno 11001] getaddrinfo failed)"))
09:57:43 WARNING Mubadala Citi DC Open: Jessica: HTTPSConnectionPool(host='clob.polymarket.com', port=443): Max retries exceeded with url: /markets/0x7a50d6ca06cd4b6c1d49d86d5852f6d3c9ae68ea7b2fb3407ce5f9dbd0d6e7d2 (Caused by NameResolutionError("HTTPSConnection(host='clob.polymarket.com', port=443): Failed to resolve 'clob.polymarket.com' ([Errno 11001] getaddrinfo failed)"))
09:57:47 INFO sweep | 3/20 scoring | est $17.83/day | offers $389 | committed $768/1000 | naked $243 | funded 8/20 | verified 100.0% (20v/0u)
09:58:08 INFO sweep | 3/20 scoring | est $17.83/day | offers $389 | committed $768/1000 | naked $243 | funded 8/20 | verified 100.0% (20v/0u)
09:58:28 INFO sweep | 3/20 scoring | est $17.83/day | offers $389 | committed $768/1000 | naked $243 | funded 8/20 | verified 100.0% (20v/0u)
09:58:29 WARNING Will Elon Musk post 40-64 twee: HTTPSConnectionPool(host='clob.polymarket.com', port=443): Max retries exceeded with url: /markets/0x12f41495368762c249e7ff069a1484f8954a34d178bafc6bfbfda0c473fd6dff (Caused by NameResolutionError("HTTPSConnection(host='clob.polymarket.com', port=443): Failed to resolve 'clob.polymarket.com' ([Errno 11001] getaddrinfo failed)"))
09:58:30 WARNING Will Elon Musk post <40 tweets: HTTPSConnectionPool(host='clob.polymarket.com', port=443): Max retries exceeded with url: /markets/0xcf68640be0770763444cdb7276913ed566ca24e91d684eca37b75ed8c3a48a16 (Caused by NameResolutionError("HTTPSConnection(host='clob.polymarket.com', port=443): Failed to resolve 'clob.polymarket.com' ([Errno 11001] getaddrinfo failed)"))
09:58:33 WARNING Counter-Strike: MOUZ NXT vs Mi: HTTPSConnectionPool(host='clob.polymarket.com', port=443): Max retries exceeded with url: /markets/0x2498c20721a62f1ff81a432a2c85f98af1d598ba4a8ab1cc258b0405cf10c67f (Caused by NameResolutionError("HTTPSConnection(host='clob.polymarket.com', port=443): Failed to resolve 'clob.polymarket.com' ([Errno 11001] getaddrinfo failed)"))
09:58:34 WARNING Counter-Strike: ARCRED vs Butt: HTTPSConnectionPool(host='clob.polymarket.com', port=443): Max retries exceeded with url: /markets/0x149d28e7f5aaa243c78bd97f670706663b4b34b1aa6b5d466c7f684e91f50b7a (Caused by NameResolutionError("HTTPSConnection(host='clob.polymarket.com', port=443): Failed to resolve 'clob.polymarket.com' ([Errno 11001] getaddrinfo failed)"))
09:58:35 WARNING Set Handicap: Pegula (-1.5) vs: HTTPSConnectionPool(host='clob.polymarket.com', port=443): Max retries exceeded with url: /markets/0xa66e70f9c298c744537dc3c66e625794922a980ba8d38ef3fe33ba2d178219b7 (Caused by NameResolutionError("HTTPSConnection(host='clob.polymarket.com', port=443): Failed to resolve 'clob.polymarket.com' ([Errno 11001] getaddrinfo failed)"))
09:58:39 WARNING Bitcoin Up or Down on August 3: HTTPSConnectionPool(host='clob.polymarket.com', port=443): Max retries exceeded with url: /markets/0xfa1e6a0af97304bf081e854b89d5b430b9cdb3837ed0e28c5f9edea0ad1211ca (Caused by NameResolutionError("HTTPSConnection(host='clob.polymarket.com', port=443): Failed to resolve 'clob.polymarket.com' ([Errno 11001] getaddrinfo failed)"))
09:58:40 WARNING Ethereum Up or Down on August : HTTPSConnectionPool(host='clob.polymarket.com', port=443): Max retries exceeded with url: /markets/0xdac3adf06cab6bebb4660a9f6adae432e46ae631c473c4d5bbaba187e155f687 (Caused by NameResolutionError("HTTPSConnection(host='clob.polymarket.com', port=443): Failed to resolve 'clob.polymarket.com' ([Errno 11001] getaddrinfo failed)"))
09:58:41 WARNING Grodzisk Mazowiecki: Fares Zak: HTTPSConnectionPool(host='clob.polymarket.com', port=443): Max retries exceeded with url: /markets/0xbb57200ecc3277d77ab18ae0734966050600cb0760014f01de71a4ba34cbee58 (Caused by NameResolutionError("HTTPSConnection(host='clob.polymarket.com', port=443): Failed to resolve 'clob.polymarket.com' ([Errno 11001] getaddrinfo failed)"))
09:58:43 WARNING Grodzisk Mazowiecki: Michele R: HTTPSConnectionPool(host='clob.polymarket.com', port=443): Max retries exceeded with url: /markets/0x5319b299241c9c43a07b756e9b32b9a9c50edbab07c3292645f7e4e959df994e (Caused by NameResolutionError("HTTPSConnection(host='clob.polymarket.com', port=443): Failed to resolve 'clob.polymarket.com' ([Errno 11001] getaddrinfo failed)"))
09:58:44 WARNING Mubadala Citi DC Open: Jessica: HTTPSConnectionPool(host='clob.polymarket.com', port=443): Max retries exceeded with url: /markets/0x7a50d6ca06cd4b6c1d49d86d5852f6d3c9ae68ea7b2fb3407ce5f9dbd0d6e7d2 (Caused by NameResolutionError("HTTPSConnection(host='clob.polymarket.com', port=443): Failed to resolve 'clob.polymarket.com' ([Errno 11001] getaddrinfo failed)"))
09:58:48 INFO sweep | 3/20 scoring | est $17.83/day | offers $389 | committed $768/1000 | naked $243 | funded 8/20 | verified 100.0% (20v/0u)
09:59:08 INFO sweep | 3/20 scoring | est $17.83/day | offers $389 | committed $768/1000 | naked $243 | funded 8/20 | verified 100.0% (20v/0u)
09:59:28 INFO sweep | 3/20 scoring | est $17.83/day | offers $389 | committed $768/1000 | naked $243 | funded 8/20 | verified 100.0% (20v/0u)
09:59:29 WARNING Will Elon Musk post 40-64 twee: HTTPSConnectionPool(host='clob.polymarket.com', port=443): Max retries exceeded with url: /markets/0x12f41495368762c249e7ff069a1484f8954a34d178bafc6bfbfda0c473fd6dff (Caused by NameResolutionError("HTTPSConnection(host='clob.polymarket.com', port=443): Failed to resolve 'clob.polymarket.com' ([Errno 11001] getaddrinfo failed)"))
09:59:30 WARNING Will Elon Musk post <40 tweets: HTTPSConnectionPool(host='clob.polymarket.com', port=443): Max retries exceeded with url: /markets/0xcf68640be0770763444cdb7276913ed566ca24e91d684eca37b75ed8c3a48a16 (Caused by NameResolutionError("HTTPSConnection(host='clob.polymarket.com', port=443): Failed to resolve 'clob.polymarket.com' ([Errno 11001] getaddrinfo failed)"))
09:59:33 WARNING Counter-Strike: MOUZ NXT vs Mi: HTTPSConnectionPool(host='clob.polymarket.com', port=443): Max retries exceeded with url: /markets/0x2498c20721a62f1ff81a432a2c85f98af1d598ba4a8ab1cc258b0405cf10c67f (Caused by NameResolutionError("HTTPSConnection(host='clob.polymarket.com', port=443): Failed to resolve 'clob.polymarket.com' ([Errno 11001] getaddrinfo failed)"))
09:59:34 WARNING Counter-Strike: ARCRED vs Butt: HTTPSConnectionPool(host='clob.polymarket.com', port=443): Max retries exceeded with url: /markets/0x149d28e7f5aaa243c78bd97f670706663b4b34b1aa6b5d466c7f684e91f50b7a (Caused by NameResolutionError("HTTPSConnection(host='clob.polymarket.com', port=443): Failed to resolve 'clob.polymarket.com' ([Errno 11001] getaddrinfo failed)"))
09:59:35 WARNING Set Handicap: Pegula (-1.5) vs: HTTPSConnectionPool(host='clob.polymarket.com', port=443): Max retries exceeded with url: /markets/0xa66e70f9c298c744537dc3c66e625794922a980ba8d38ef3fe33ba2d178219b7 (Caused by NameResolutionError("HTTPSConnection(host='clob.polymarket.com', port=443): Failed to resolve 'clob.polymarket.com' ([Errno 11001] getaddrinfo failed)"))
09:59:39 WARNING Bitcoin Up or Down on August 3: HTTPSConnectionPool(host='clob.polymarket.com', port=443): Max retries exceeded with url: /markets/0xfa1e6a0af97304bf081e854b89d5b430b9cdb3837ed0e28c5f9edea0ad1211ca (Caused by NameResolutionError("HTTPSConnection(host='clob.polymarket.com', port=443): Failed to resolve 'clob.polymarket.com' ([Errno 11001] getaddrinfo failed)"))
09:59:40 WARNING Ethereum Up or Down on August : HTTPSConnectionPool(host='clob.polymarket.com', port=443): Max retries exceeded with url: /markets/0xdac3adf06cab6bebb4660a9f6adae432e46ae631c473c4d5bbaba187e155f687 (Caused by NameResolutionError("HTTPSConnection(host='clob.polymarket.com', port=443): Failed to resolve 'clob.polymarket.com' ([Errno 11001] getaddrinfo failed)"))
09:59:41 WARNING Grodzisk Mazowiecki: Fares Zak: HTTPSConnectionPool(host='clob.polymarket.com', port=443): Max retries exceeded with url: /markets/0xbb57200ecc3277d77ab18ae0734966050600cb0760014f01de71a4ba34cbee58 (Caused by NameResolutionError("HTTPSConnection(host='clob.polymarket.com', port=443): Failed to resolve 'clob.polymarket.com' ([Errno 11001] getaddrinfo failed)"))
09:59:43 WARNING Grodzisk Mazowiecki: Michele R: HTTPSConnectionPool(host='clob.polymarket.com', port=443): Max retries exceeded with url: /markets/0x5319b299241c9c43a07b756e9b32b9a9c50edbab07c3292645f7e4e959df994e (Caused by NameResolutionError("HTTPSConnection(host='clob.polymarket.com', port=443): Failed to resolve 'clob.polymarket.com' ([Errno 11001] getaddrinfo failed)"))
09:59:44 WARNING Mubadala Citi DC Open: Jessica: HTTPSConnectionPool(host='clob.polymarket.com', port=443): Max retries exceeded with url: /markets/0x7a50d6ca06cd4b6c1d49d86d5852f6d3c9ae68ea7b2fb3407ce5f9dbd0d6e7d2 (Caused by NameResolutionError("HTTPSConnection(host='clob.polymarket.com', port=443): Failed to resolve 'clob.polymarket.com' ([Errno 11001] getaddrinfo failed)"))
09:59:48 INFO sweep | 3/20 scoring | est $17.83/day | offers $389 | committed $768/1000 | naked $243 | funded 8/20 | verified 100.0% (20v/0u)
10:00:08 INFO sweep | 3/20 scoring | est $17.83/day | offers $389 | committed $768/1000 | naked $243 | funded 8/20 | verified 100.0% (20v/0u)
10:00:28 INFO sweep | 3/20 scoring | est $17.83/day | offers $389 | committed $768/1000 | naked $243 | funded 8/20 | verified 100.0% (20v/0u)
10:00:30 WARNING Will Elon Musk post 40-64 twee: HTTPSConnectionPool(host='clob.polymarket.com', port=443): Max retries exceeded with url: /markets/0x12f41495368762c249e7ff069a1484f8954a34d178bafc6bfbfda0c473fd6dff (Caused by NameResolutionError("HTTPSConnection(host='clob.polymarket.com', port=443): Failed to resolve 'clob.polymarket.com' ([Errno 11001] getaddrinfo failed)"))
10:00:31 WARNING Will Elon Musk post <40 tweets: HTTPSConnectionPool(host='clob.polymarket.com', port=443): Max retries exceeded with url: /markets/0xcf68640be0770763444cdb7276913ed566ca24e91d684eca37b75ed8c3a48a16 (Caused by NameResolutionError("HTTPSConnection(host='clob.polymarket.com', port=443): Failed to resolve 'clob.polymarket.com' ([Errno 11001] getaddrinfo failed)"))
10:00:34 WARNING Counter-Strike: MOUZ NXT vs Mi: HTTPSConnectionPool(host='clob.polymarket.com', port=443): Max retries exceeded with url: /markets/0x2498c20721a62f1ff81a432a2c85f98af1d598ba4a8ab1cc258b0405cf10c67f (Caused by NameResolutionError("HTTPSConnection(host='clob.polymarket.com', port=443): Failed to resolve 'clob.polymarket.com' ([Errno 11001] getaddrinfo failed)"))
10:00:35 WARNING Counter-Strike: ARCRED vs Butt: HTTPSConnectionPool(host='clob.polymarket.com', port=443): Max retries exceeded with url: /markets/0x149d28e7f5aaa243c78bd97f670706663b4b34b1aa6b5d466c7f684e91f50b7a (Caused by NameResolutionError("HTTPSConnection(host='clob.polymarket.com', port=443): Failed to resolve 'clob.polymarket.com' ([Errno 11001] getaddrinfo failed)"))
10:00:36 WARNING Set Handicap: Pegula (-1.5) vs: HTTPSConnectionPool(host='clob.polymarket.com', port=443): Max retries exceeded with url: /markets/0xa66e70f9c298c744537dc3c66e625794922a980ba8d38ef3fe33ba2d178219b7 (Caused by NameResolutionError("HTTPSConnection(host='clob.polymarket.com', port=443): Failed to resolve 'clob.polymarket.com' ([Errno 11001] getaddrinfo failed)"))
10:00:40 WARNING Bitcoin Up or Down on August 3: HTTPSConnectionPool(host='clob.polymarket.com', port=443): Max retries exceeded with url: /markets/0xfa1e6a0af97304bf081e854b89d5b430b9cdb3837ed0e28c5f9edea0ad1211ca (Caused by NameResolutionError("HTTPSConnection(host='clob.polymarket.com', port=443): Failed to resolve 'clob.polymarket.com' ([Errno 11001] getaddrinfo failed)"))
10:00:41 WARNING Ethereum Up or Down on August : HTTPSConnectionPool(host='clob.polymarket.com', port=443): Max retries exceeded with url: /markets/0xdac3adf06cab6bebb4660a9f6adae432e46ae631c473c4d5bbaba187e155f687 (Caused by NameResolutionError("HTTPSConnection(host='clob.polymarket.com', port=443): Failed to resolve 'clob.polymarket.com' ([Errno 11001] getaddrinfo failed)"))
10:00:42 WARNING Grodzisk Mazowiecki: Fares Zak: HTTPSConnectionPool(host='clob.polymarket.com', port=443): Max retries exceeded with url: /markets/0xbb57200ecc3277d77ab18ae0734966050600cb0760014f01de71a4ba34cbee58 (Caused by NameResolutionError("HTTPSConnection(host='clob.polymarket.com', port=443): Failed to resolve 'clob.polymarket.com' ([Errno 11001] getaddrinfo failed)"))
10:00:44 WARNING Grodzisk Mazowiecki: Michele R: HTTPSConnectionPool(host='clob.polymarket.com', port=443): Max retries exceeded with url: /markets/0x5319b299241c9c43a07b756e9b32b9a9c50edbab07c3292645f7e4e959df994e (Caused by NameResolutionError("HTTPSConnection(host='clob.polymarket.com', port=443): Failed to resolve 'clob.polymarket.com' ([Errno 11001] getaddrinfo failed)"))
10:00:45 WARNING Mubadala Citi DC Open: Jessica: HTTPSConnectionPool(host='clob.polymarket.com', port=443): Max retries exceeded with url: /markets/0x7a50d6ca06cd4b6c1d49d86d5852f6d3c9ae68ea7b2fb3407ce5f9dbd0d6e7d2 (Caused by NameResolutionError("HTTPSConnection(host='clob.polymarket.com', port=443): Failed to resolve 'clob.polymarket.com' ([Errno 11001] getaddrinfo failed)"))
10:00:49 INFO sweep | 3/20 scoring | est $17.83/day | offers $389 | committed $768/1000 | naked $243 | funded 8/20 | verified 100.0% (20v/0u)
10:01:09 INFO sweep | 3/20 scoring | est $17.83/day | offers $389 | committed $768/1000 | naked $243 | funded 8/20 | verified 100.0% (20v/0u)
10:01:40 INFO sweep | 3/20 scoring | est $18.50/day | offers $389 | committed $768/1000 | naked $243 | funded 8/20 | verified 100.0% (20v/0u)
10:02:06 INFO sweep | 3/20 scoring | est $21.43/day | offers $387 | committed $767/1000 | naked $243 | funded 8/20 | verified 100.0% (20v/0u)
10:02:29 INFO sweep | 3/20 scoring | est $21.52/day | offers $387 | committed $767/1000 | naked $243 | funded 8/20 | verified 100.0% (20v/0u)
10:02:52 INFO sweep | 3/20 scoring | est $19.77/day | offers $389 | committed $768/1000 | naked $243 | funded 8/20 | verified 100.0% (20v/0u)
10:03:16 INFO sweep | 3/20 scoring | est $19.71/day | offers $387 | committed $767/1000 | naked $243 | funded 8/20 | verified 100.0% (20v/0u)
10:03:39 INFO sweep | 3/20 scoring | est $17.79/day | offers $387 | committed $767/1000 | naked $243 | funded 8/20 | verified 100.0% (20v/0u)
10:04:01 INFO sweep | 3/20 scoring | est $17.47/day | offers $387 | committed $767/1000 | naked $243 | funded 8/20 | verified 100.0% (20v/0u)
10:04:25 INFO sweep | 3/20 scoring | est $17.36/day | offers $387 | committed $767/1000 | naked $243 | funded 8/20 | verified 100.0% (20v/0u)
10:04:48 INFO sweep | 3/20 scoring | est $16.57/day | offers $387 | committed $767/1000 | naked $243 | funded 8/20 | verified 100.0% (20v/0u)
10:05:11 INFO sweep | 3/20 scoring | est $16.37/day | offers $387 | committed $767/1000 | naked $243 | funded 8/20 | verified 100.0% (20v/0u)
10:05:35 INFO sweep | 3/20 scoring | est $20.59/day | offers $387 | committed $767/1000 | naked $243 | funded 8/20 | verified 100.0% (20v/0u)
10:05:58 INFO sweep | 3/20 scoring | est $22.47/day | offers $387 | committed $767/1000 | naked $243 | funded 8/20 | verified 100.0% (20v/0u)
10:06:21 INFO sweep | 3/20 scoring | est $19.22/day | offers $387 | committed $767/1000 | naked $243 | funded 8/20 | verified 100.0% (20v/0u)
10:06:44 INFO sweep | 3/20 scoring | est $26.46/day | offers $387 | committed $767/1000 | naked $243 | funded 8/20 | verified 100.0% (20v/0u)
10:07:07 INFO sweep | 3/20 scoring | est $19.43/day | offers $387 | committed $767/1000 | naked $243 | funded 8/20 | verified 100.0% (20v/0u)
10:07:30 INFO sweep | 3/20 scoring | est $19.90/day | offers $387 | committed $767/1000 | naked $243 | funded 8/20 | verified 100.0% (20v/0u)
10:07:54 INFO sweep | 3/20 scoring | est $21.83/day | offers $387 | committed $767/1000 | naked $243 | funded 8/20 | verified 100.0% (20v/0u)
10:08:17 INFO sweep | 3/20 scoring | est $20.41/day | offers $387 | committed $767/1000 | naked $243 | funded 8/20 | verified 100.0% (20v/0u)
10:08:39 INFO sweep | 3/20 scoring | est $29.42/day | offers $387 | committed $767/1000 | naked $243 | funded 8/20 | verified 100.0% (20v/0u)
10:09:03 INFO sweep | 3/20 scoring | est $28.31/day | offers $387 | committed $767/1000 | naked $243 | funded 8/20 | verified 100.0% (20v/0u)
10:09:26 INFO sweep | 3/20 scoring | est $24.07/day | offers $387 | committed $767/1000 | naked $243 | funded 8/20 | verified 100.0% (20v/0u)
10:09:49 INFO sweep | 3/20 scoring | est $24.45/day | offers $387 | committed $767/1000 | naked $243 | funded 8/20 | verified 100.0% (20v/0u)
10:10:13 INFO sweep | 3/20 scoring | est $25.50/day | offers $387 | committed $767/1000 | naked $243 | funded 8/20 | verified 100.0% (20v/0u)
10:10:36 INFO sweep | 3/20 scoring | est $22.59/day | offers $387 | committed $767/1000 | naked $243 | funded 8/20 | verified 100.0% (20v/0u)
10:10:59 INFO sweep | 3/20 scoring | est $24.74/day | offers $387 | committed $767/1000 | naked $243 | funded 8/20 | verified 100.0% (20v/0u)
10:11:23 INFO sweep | 3/20 scoring | est $22.24/day | offers $387 | committed $767/1000 | naked $243 | funded 8/20 | verified 100.0% (20v/0u)
10:11:46 INFO sweep | 3/20 scoring | est $20.93/day | offers $387 | committed $767/1000 | naked $243 | funded 8/20 | verified 100.0% (20v/0u)
10:12:09 INFO sweep | 3/20 scoring | est $24.44/day | offers $387 | committed $767/1000 | naked $243 | funded 8/20 | verified 100.0% (20v/0u)
10:12:33 INFO sweep | 3/20 scoring | est $19.93/day | offers $387 | committed $767/1000 | naked $243 | funded 8/20 | verified 100.0% (20v/0u)
10:12:57 INFO sweep | 3/20 scoring | est $24.53/day | offers $387 | committed $767/1000 | naked $243 | funded 8/20 | verified 100.0% (20v/0u)
10:13:20 INFO sweep | 3/20 scoring | est $20.42/day | offers $387 | committed $767/1000 | naked $243 | funded 8/20 | verified 100.0% (20v/0u)
10:13:44 INFO sweep | 3/20 scoring | est $22.98/day | offers $387 | committed $767/1000 | naked $243 | funded 8/20 | verified 100.0% (20v/0u)
10:14:07 INFO sweep | 3/20 scoring | est $23.56/day | offers $387 | committed $767/1000 | naked $243 | funded 8/20 | verified 100.0% (20v/0u)
10:14:30 INFO sweep | 3/20 scoring | est $23.78/day | offers $387 | committed $767/1000 | naked $243 | funded 8/20 | verified 100.0% (20v/0u)
10:14:54 INFO sweep | 3/20 scoring | est $23.63/day | offers $387 | committed $767/1000 | naked $243 | funded 8/20 | verified 100.0% (20v/0u)
10:15:17 INFO sweep | 3/20 scoring | est $26.38/day | offers $389 | committed $768/1000 | naked $243 | funded 8/20 | verified 100.0% (20v/0u)
10:15:40 INFO sweep | 3/20 scoring | est $20.79/day | offers $389 | committed $768/1000 | naked $243 | funded 8/20 | verified 100.0% (20v/0u)
10:16:04 INFO sweep | 3/20 scoring | est $18.18/day | offers $389 | committed $768/1000 | naked $243 | funded 8/20 | verified 100.0% (20v/0u)
10:16:27 INFO sweep | 3/20 scoring | est $18.23/day | offers $389 | committed $768/1000 | naked $243 | funded 8/20 | verified 100.0% (20v/0u)
10:16:50 INFO sweep | 3/20 scoring | est $18.23/day | offers $389 | committed $768/1000 | naked $243 | funded 8/20 | verified 100.0% (20v/0u)
10:17:14 INFO sweep | 3/20 scoring | est $17.02/day | offers $389 | committed $768/1000 | naked $243 | funded 8/20 | verified 100.0% (20v/0u)
10:17:37 INFO sweep | 3/20 scoring | est $16.73/day | offers $389 | committed $768/1000 | naked $243 | funded 8/20 | verified 100.0% (20v/0u)
10:18:00 INFO sweep | 3/20 scoring | est $16.84/day | offers $389 | committed $768/1000 | naked $243 | funded 8/20 | verified 100.0% (20v/0u)
10:18:24 INFO sweep | 3/20 scoring | est $17.44/day | offers $389 | committed $768/1000 | naked $243 | funded 8/20 | verified 100.0% (20v/0u)
10:18:47 INFO sweep | 3/20 scoring | est $18.62/day | offers $389 | committed $768/1000 | naked $243 | funded 8/20 | verified 100.0% (20v/0u)
10:19:10 INFO sweep | 3/20 scoring | est $22.88/day | offers $389 | committed $768/1000 | naked $243 | funded 8/20 | verified 100.0% (20v/0u)
10:19:34 INFO sweep | 3/20 scoring | est $25.89/day | offers $389 | committed $768/1000 | naked $243 | funded 8/20 | verified 100.0% (20v/0u)
10:19:57 INFO sweep | 3/20 scoring | est $25.73/day | offers $389 | committed $768/1000 | naked $243 | funded 8/20 | verified 100.0% (20v/0u)
10:20:20 INFO sweep | 3/20 scoring | est $26.34/day | offers $389 | committed $768/1000 | naked $243 | funded 8/20 | verified 100.0% (20v/0u)
10:20:44 INFO sweep | 3/20 scoring | est $25.52/day | offers $389 | committed $768/1000 | naked $243 | funded 8/20 | verified 100.0% (20v/0u)
10:21:07 INFO sweep | 3/20 scoring | est $25.71/day | offers $389 | committed $768/1000 | naked $243 | funded 8/20 | verified 100.0% (20v/0u)
10:21:30 INFO sweep | 3/20 scoring | est $24.65/day | offers $389 | committed $768/1000 | naked $243 | funded 8/20 | verified 100.0% (20v/0u)
10:21:54 INFO sweep | 3/20 scoring | est $25.75/day | offers $388 | committed $768/1000 | naked $243 | funded 8/20 | verified 100.0% (20v/0u)
10:22:17 INFO sweep | 3/20 scoring | est $23.94/day | offers $389 | committed $768/1000 | naked $243 | funded 8/20 | verified 100.0% (20v/0u)
10:22:40 INFO sweep | 3/20 scoring | est $24.56/day | offers $389 | committed $768/1000 | naked $243 | funded 8/20 | verified 100.0% (20v/0u)
10:23:04 INFO sweep | 3/20 scoring | est $23.37/day | offers $389 | committed $768/1000 | naked $243 | funded 8/20 | verified 100.0% (20v/0u)
10:23:27 INFO sweep | 3/20 scoring | est $23.93/day | offers $389 | committed $768/1000 | naked $243 | funded 8/20 | verified 100.0% (20v/0u)
10:23:50 INFO sweep | 3/20 scoring | est $24.61/day | offers $389 | committed $768/1000 | naked $243 | funded 8/20 | verified 100.0% (20v/0u)
10:24:14 INFO sweep | 3/20 scoring | est $23.71/day | offers $389 | committed $768/1000 | naked $243 | funded 8/20 | verified 100.0% (20v/0u)
10:24:37 INFO sweep | 3/20 scoring | est $23.47/day | offers $389 | committed $768/1000 | naked $243 | funded 8/20 | verified 100.0% (20v/0u)
10:24:59 INFO sweep | 3/20 scoring | est $24.98/day | offers $389 | committed $768/1000 | naked $243 | funded 8/20 | verified 100.0% (20v/0u)
10:25:24 INFO sweep | 3/20 scoring | est $24.58/day | offers $389 | committed $768/1000 | naked $243 | funded 8/20 | verified 100.0% (20v/0u)
10:25:46 INFO sweep | 3/20 scoring | est $22.91/day | offers $389 | committed $768/1000 | naked $243 | funded 8/20 | verified 100.0% (20v/0u)
10:26:09 INFO sweep | 3/20 scoring | est $22.46/day | offers $389 | committed $768/1000 | naked $243 | funded 8/20 | verified 100.0% (20v/0u)
10:26:33 INFO sweep | 3/20 scoring | est $16.58/day | offers $387 | committed $767/1000 | naked $243 | funded 8/20 | verified 100.0% (20v/0u)
10:26:56 INFO sweep | 3/20 scoring | est $16.48/day | offers $387 | committed $767/1000 | naked $243 | funded 8/20 | verified 100.0% (20v/0u)
10:27:20 INFO sweep | 3/20 scoring | est $16.88/day | offers $387 | committed $767/1000 | naked $243 | funded 8/20 | verified 100.0% (20v/0u)
10:27:44 INFO sweep | 3/20 scoring | est $17.61/day | offers $387 | committed $767/1000 | naked $243 | funded 8/20 | verified 100.0% (20v/0u)
10:28:08 INFO sweep | 3/20 scoring | est $17.96/day | offers $387 | committed $767/1000 | naked $243 | funded 8/20 | verified 100.0% (20v/0u)
10:28:31 INFO sweep | 3/20 scoring | est $21.42/day | offers $387 | committed $767/1000 | naked $243 | funded 8/20 | verified 100.0% (20v/0u)
10:28:54 INFO sweep | 3/20 scoring | est $25.99/day | offers $387 | committed $767/1000 | naked $243 | funded 8/20 | verified 100.0% (20v/0u)
10:29:17 INFO sweep | 3/20 scoring | est $29.05/day | offers $387 | committed $767/1000 | naked $243 | funded 8/20 | verified 100.0% (20v/0u)
10:29:40 INFO sweep | 3/20 scoring | est $30.92/day | offers $387 | committed $767/1000 | naked $243 | funded 8/20 | verified 100.0% (20v/0u)
10:30:04 INFO sweep | 3/20 scoring | est $32.86/day | offers $387 | committed $767/1000 | naked $243 | funded 8/20 | verified 100.0% (20v/0u)
10:30:27 INFO sweep | 3/20 scoring | est $30.88/day | offers $387 | committed $767/1000 | naked $243 | funded 8/20 | verified 100.0% (20v/0u)
10:30:50 INFO sweep | 3/20 scoring | est $27.90/day | offers $387 | committed $767/1000 | naked $243 | funded 8/20 | verified 100.0% (20v/0u)
10:31:15 INFO sweep | 3/20 scoring | est $24.34/day | offers $388 | committed $767/1000 | naked $243 | funded 8/20 | verified 100.0% (20v/0u)
10:31:38 INFO sweep | 3/20 scoring | est $22.84/day | offers $387 | committed $767/1000 | naked $243 | funded 8/20 | verified 100.0% (20v/0u)
10:32:01 INFO sweep | 3/20 scoring | est $18.11/day | offers $387 | committed $767/1000 | naked $243 | funded 8/20 | verified 100.0% (20v/0u)
10:32:25 INFO sweep | 3/20 scoring | est $16.83/day | offers $387 | committed $767/1000 | naked $243 | funded 8/20 | verified 100.0% (20v/0u)
10:32:48 INFO sweep | 3/20 scoring | est $18.55/day | offers $387 | committed $767/1000 | naked $243 | funded 8/20 | verified 100.0% (20v/0u)
10:33:10 INFO sweep | 3/20 scoring | est $19.60/day | offers $387 | committed $767/1000 | naked $243 | funded 8/20 | verified 100.0% (20v/0u)
10:33:34 INFO sweep | 3/20 scoring | est $18.74/day | offers $387 | committed $767/1000 | naked $243 | funded 8/20 | verified 100.0% (20v/0u)
10:33:57 INFO sweep | 3/20 scoring | est $25.57/day | offers $387 | committed $767/1000 | naked $243 | funded 8/20 | verified 100.0% (20v/0u)
10:34:20 INFO sweep | 3/20 scoring | est $15.17/day | offers $387 | committed $767/1000 | naked $243 | funded 8/20 | verified 100.0% (20v/0u)
10:34:44 INFO sweep | 3/20 scoring | est $15.72/day | offers $387 | committed $767/1000 | naked $243 | funded 8/20 | verified 100.0% (20v/0u)
10:35:07 INFO sweep | 3/20 scoring | est $15.69/day | offers $387 | committed $767/1000 | naked $243 | funded 8/20 | verified 100.0% (20v/0u)
10:35:30 INFO sweep | 3/20 scoring | est $16.60/day | offers $387 | committed $767/1000 | naked $243 | funded 8/20 | verified 100.0% (20v/0u)
10:35:54 INFO sweep | 3/20 scoring | est $16.04/day | offers $387 | committed $767/1000 | naked $243 | funded 8/20 | verified 100.0% (20v/0u)
10:36:17 INFO sweep | 3/20 scoring | est $16.83/day | offers $388 | committed $767/1000 | naked $243 | funded 8/20 | verified 100.0% (20v/0u)
10:36:40 INFO sweep | 3/20 scoring | est $19.85/day | offers $389 | committed $768/1000 | naked $243 | funded 8/20 | verified 100.0% (20v/0u)
10:37:04 INFO sweep | 3/20 scoring | est $20.41/day | offers $389 | committed $768/1000 | naked $243 | funded 8/20 | verified 100.0% (20v/0u)
10:37:27 INFO sweep | 3/20 scoring | est $19.24/day | offers $389 | committed $768/1000 | naked $243 | funded 8/20 | verified 100.0% (20v/0u)
10:37:50 INFO sweep | 3/20 scoring | est $17.48/day | offers $355 | committed $735/1000 | naked $243 | funded 8/20 | verified 100.0% (20v/0u)
10:38:14 INFO sweep | 3/20 scoring | est $19.74/day | offers $293 | committed $672/1000 | naked $243 | funded 7/20 | verified 100.0% (20v/0u)
10:38:37 INFO sweep | 2/20 scoring | est $18.54/day | offers $259 | committed $639/1000 | naked $243 | funded 7/20 | verified 100.0% (20v/0u)
10:38:59 INFO sweep | 2/20 scoring | est $18.83/day | offers $259 | committed $639/1000 | naked $243 | funded 7/20 | verified 100.0% (20v/0u)
10:39:23 INFO sweep | 2/20 scoring | est $19.32/day | offers $259 | committed $639/1000 | naked $243 | funded 7/20 | verified 100.0% (20v/0u)
10:39:46 INFO sweep | 2/20 scoring | est $20.05/day | offers $259 | committed $639/1000 | naked $243 | funded 7/20 | verified 100.0% (20v/0u)
10:40:09 INFO sweep | 2/20 scoring | est $18.95/day | offers $259 | committed $639/1000 | naked $243 | funded 7/20 | verified 100.0% (20v/0u)
10:40:33 INFO sweep | 2/20 scoring | est $18.05/day | offers $259 | committed $639/1000 | naked $243 | funded 7/20 | verified 100.0% (20v/0u)
10:40:56 INFO sweep | 2/20 scoring | est $20.68/day | offers $259 | committed $639/1000 | naked $243 | funded 7/20 | verified 100.0% (20v/0u)
10:41:19 INFO sweep | 2/20 scoring | est $18.28/day | offers $259 | committed $639/1000 | naked $243 | funded 7/20 | verified 100.0% (20v/0u)
10:41:43 INFO sweep | 2/20 scoring | est $16.67/day | offers $259 | committed $639/1000 | naked $243 | funded 7/20 | verified 100.0% (20v/0u)
10:42:06 INFO sweep | 2/20 scoring | est $17.22/day | offers $259 | committed $639/1000 | naked $243 | funded 7/20 | verified 100.0% (20v/0u)
10:42:29 INFO sweep | 2/20 scoring | est $18.38/day | offers $259 | committed $639/1000 | naked $243 | funded 7/20 | verified 100.0% (20v/0u)
10:42:53 INFO sweep | 2/20 scoring | est $18.38/day | offers $259 | committed $639/1000 | naked $243 | funded 7/20 | verified 100.0% (20v/0u)
10:43:16 INFO sweep | 2/20 scoring | est $18.43/day | offers $259 | committed $639/1000 | naked $243 | funded 7/20 | verified 100.0% (20v/0u)
10:43:39 INFO sweep | 2/20 scoring | est $20.14/day | offers $259 | committed $639/1000 | naked $243 | funded 7/20 | verified 100.0% (20v/0u)
10:44:03 INFO sweep | 2/20 scoring | est $18.43/day | offers $259 | committed $639/1000 | naked $243 | funded 7/20 | verified 100.0% (20v/0u)
10:44:26 INFO sweep | 2/20 scoring | est $15.12/day | offers $259 | committed $639/1000 | naked $243 | funded 7/20 | verified 100.0% (20v/0u)
10:44:49 INFO sweep | 2/20 scoring | est $15.07/day | offers $259 | committed $639/1000 | naked $243 | funded 7/20 | verified 100.0% (20v/0u)
10:45:13 INFO sweep | 2/20 scoring | est $15.34/day | offers $259 | committed $639/1000 | naked $243 | funded 7/20 | verified 100.0% (20v/0u)
10:45:35 INFO sweep | 2/20 scoring | est $15.70/day | offers $259 | committed $639/1000 | naked $243 | funded 7/20 | verified 100.0% (20v/0u)
10:45:58 INFO sweep | 2/20 scoring | est $16.75/day | offers $259 | committed $639/1000 | naked $243 | funded 7/20 | verified 100.0% (20v/0u)
10:46:22 INFO sweep | 2/20 scoring | est $15.59/day | offers $259 | committed $639/1000 | naked $243 | funded 7/20 | verified 100.0% (20v/0u)
10:46:45 INFO sweep | 2/20 scoring | est $15.49/day | offers $259 | committed $639/1000 | naked $243 | funded 7/20 | verified 100.0% (20v/0u)
10:47:08 INFO sweep | 2/20 scoring | est $14.83/day | offers $259 | committed $639/1000 | naked $243 | funded 7/20 | verified 100.0% (20v/0u)
10:58:24 INFO sweep | 2/20 scoring | est $22.22/day | offers $258 | committed $637/1000 | naked $243 | funded 7/20 | verified 100.0% (20v/0u)
10:58:47 INFO sweep | 2/20 scoring | est $14.41/day | offers $258 | committed $637/1000 | naked $243 | funded 7/20 | verified 100.0% (20v/0u)
10:59:10 INFO sweep | 2/20 scoring | est $13.02/day | offers $258 | committed $637/1000 | naked $243 | funded 7/20 | verified 100.0% (20v/0u)
10:59:33 INFO sweep | 2/20 scoring | est $13.02/day | offers $258 | committed $637/1000 | naked $243 | funded 7/20 | verified 100.0% (20v/0u)
10:59:57 INFO sweep | 2/20 scoring | est $12.10/day | offers $258 | committed $637/1000 | naked $243 | funded 7/20 | verified 100.0% (20v/0u)
11:00:20 INFO sweep | 2/20 scoring | est $12.06/day | offers $259 | committed $639/1000 | naked $243 | funded 7/20 | verified 100.0% (20v/0u)
11:00:43 INFO sweep | 2/20 scoring | est $13.87/day | offers $259 | committed $639/1000 | naked $243 | funded 7/20 | verified 100.0% (20v/0u)
11:01:07 INFO sweep | 2/20 scoring | est $10.83/day | offers $259 | committed $639/1000 | naked $243 | funded 7/20 | verified 100.0% (20v/0u)
11:01:30 INFO sweep | 2/20 scoring | est $12.02/day | offers $259 | committed $639/1000 | naked $243 | funded 7/20 | verified 100.0% (20v/0u)
11:01:54 INFO sweep | 2/20 scoring | est $10.98/day | offers $259 | committed $639/1000 | naked $243 | funded 7/20 | verified 100.0% (20v/0u)
11:02:17 INFO sweep | 2/20 scoring | est $10.76/day | offers $259 | committed $639/1000 | naked $243 | funded 7/20 | verified 100.0% (20v/0u)
11:02:40 INFO sweep | 2/20 scoring | est $10.85/day | offers $259 | committed $639/1000 | naked $243 | funded 7/20 | verified 100.0% (20v/0u)
11:03:04 INFO sweep | 2/20 scoring | est $10.44/day | offers $259 | committed $639/1000 | naked $243 | funded 7/20 | verified 100.0% (20v/0u)
11:03:28 INFO sweep | 2/20 scoring | est $11.49/day | offers $259 | committed $639/1000 | naked $243 | funded 7/20 | verified 100.0% (20v/0u)
11:03:51 INFO sweep | 2/20 scoring | est $12.81/day | offers $259 | committed $639/1000 | naked $243 | funded 7/20 | verified 100.0% (20v/0u)
11:04:14 INFO sweep | 2/20 scoring | est $12.65/day | offers $259 | committed $639/1000 | naked $243 | funded 7/20 | verified 100.0% (20v/0u)
11:04:38 INFO sweep | 2/20 scoring | est $11.89/day | offers $259 | committed $639/1000 | naked $243 | funded 7/20 | verified 100.0% (20v/0u)
11:05:00 INFO sweep | 2/20 scoring | est $12.37/day | offers $259 | committed $639/1000 | naked $243 | funded 7/20 | verified 100.0% (20v/0u)
11:05:24 INFO sweep | 2/20 scoring | est $14.35/day | offers $259 | committed $639/1000 | naked $243 | funded 7/20 | verified 100.0% (20v/0u)
11:05:48 INFO sweep | 2/20 scoring | est $13.97/day | offers $259 | committed $639/1000 | naked $243 | funded 7/20 | verified 100.0% (20v/0u)
11:06:11 INFO sweep | 2/20 scoring | est $13.88/day | offers $259 | committed $639/1000 | naked $243 | funded 7/20 | verified 100.0% (20v/0u)
11:06:34 INFO sweep | 2/20 scoring | est $13.99/day | offers $259 | committed $639/1000 | naked $243 | funded 7/20 | verified 100.0% (20v/0u)
11:06:58 INFO sweep | 2/20 scoring | est $14.00/day | offers $259 | committed $639/1000 | naked $243 | funded 7/20 | verified 100.0% (20v/0u)
11:07:21 INFO sweep | 2/20 scoring | est $13.65/day | offers $259 | committed $639/1000 | naked $243 | funded 7/20 | verified 100.0% (20v/0u)
11:07:44 INFO sweep | 2/20 scoring | est $18.28/day | offers $259 | committed $639/1000 | naked $243 | funded 7/20 | verified 100.0% (20v/0u)
11:08:08 INFO sweep | 2/20 scoring | est $15.36/day | offers $259 | committed $639/1000 | naked $243 | funded 7/20 | verified 100.0% (20v/0u)
11:08:31 INFO sweep | 2/20 scoring | est $21.30/day | offers $259 | committed $639/1000 | naked $243 | funded 7/20 | verified 100.0% (20v/0u)
11:08:54 INFO sweep | 2/20 scoring | est $19.89/day | offers $259 | committed $639/1000 | naked $243 | funded 7/20 | verified 100.0% (20v/0u)
11:09:18 INFO sweep | 2/20 scoring | est $19.93/day | offers $259 | committed $639/1000 | naked $243 | funded 7/20 | verified 100.0% (20v/0u)
11:09:40 INFO sweep | 2/20 scoring | est $14.94/day | offers $259 | committed $639/1000 | naked $243 | funded 7/20 | verified 100.0% (20v/0u)
11:10:04 INFO sweep | 2/20 scoring | est $15.36/day | offers $259 | committed $639/1000 | naked $243 | funded 7/20 | verified 100.0% (20v/0u)
11:10:27 INFO sweep | 2/20 scoring | est $13.99/day | offers $259 | committed $639/1000 | naked $243 | funded 7/20 | verified 100.0% (20v/0u)
11:10:50 INFO sweep | 2/20 scoring | est $14.05/day | offers $259 | committed $639/1000 | naked $243 | funded 7/20 | verified 100.0% (20v/0u)
11:11:13 INFO sweep | 2/20 scoring | est $19.06/day | offers $259 | committed $639/1000 | naked $243 | funded 7/20 | verified 100.0% (20v/0u)
11:11:37 INFO sweep | 2/20 scoring | est $19.03/day | offers $259 | committed $639/1000 | naked $243 | funded 7/20 | verified 100.0% (20v/0u)
11:11:59 INFO sweep | 2/20 scoring | est $16.14/day | offers $259 | committed $639/1000 | naked $243 | funded 7/20 | verified 100.0% (20v/0u)
11:12:23 INFO sweep | 2/20 scoring | est $15.39/day | offers $259 | committed $639/1000 | naked $243 | funded 7/20 | verified 100.0% (20v/0u)
11:12:46 INFO sweep | 2/20 scoring | est $13.78/day | offers $259 | committed $639/1000 | naked $243 | funded 7/20 | verified 100.0% (20v/0u)
11:13:10 INFO sweep | 2/20 scoring | est $13.99/day | offers $259 | committed $639/1000 | naked $243 | funded 7/20 | verified 100.0% (20v/0u)
11:13:33 INFO sweep | 2/20 scoring | est $13.86/day | offers $259 | committed $639/1000 | naked $243 | funded 7/20 | verified 100.0% (20v/0u)
11:13:57 INFO sweep | 2/20 scoring | est $13.84/day | offers $259 | committed $639/1000 | naked $243 | funded 7/20 | verified 100.0% (20v/0u)
11:14:20 INFO sweep | 2/20 scoring | est $13.87/day | offers $259 | committed $639/1000 | naked $243 | funded 7/20 | verified 100.0% (20v/0u)
11:14:43 INFO sweep | 2/20 scoring | est $13.96/day | offers $259 | committed $639/1000 | naked $243 | funded 7/20 | verified 100.0% (20v/0u)
11:15:06 INFO sweep | 2/20 scoring | est $14.05/day | offers $259 | committed $639/1000 | naked $243 | funded 7/20 | verified 100.0% (20v/0u)
11:15:29 INFO sweep | 2/20 scoring | est $13.82/day | offers $259 | committed $639/1000 | naked $243 | funded 7/20 | verified 100.0% (20v/0u)
11:15:53 INFO sweep | 2/20 scoring | est $13.11/day | offers $259 | committed $639/1000 | naked $243 | funded 7/20 | verified 100.0% (20v/0u)
11:16:16 INFO sweep | 2/20 scoring | est $19.48/day | offers $259 | committed $639/1000 | naked $243 | funded 7/20 | verified 100.0% (20v/0u)
11:16:39 INFO sweep | 2/20 scoring | est $22.64/day | offers $258 | committed $637/1000 | naked $243 | funded 7/20 | verified 100.0% (20v/0u)
11:17:02 INFO sweep | 2/20 scoring | est $16.53/day | offers $259 | committed $639/1000 | naked $243 | funded 7/20 | verified 100.0% (20v/0u)
11:17:25 INFO sweep | 2/20 scoring | est $17.20/day | offers $259 | committed $639/1000 | naked $243 | funded 7/20 | verified 100.0% (20v/0u)
11:17:48 INFO sweep | 2/20 scoring | est $17.68/day | offers $259 | committed $639/1000 | naked $243 | funded 7/20 | verified 100.0% (20v/0u)
11:18:12 INFO sweep | 2/20 scoring | est $14.78/day | offers $259 | committed $639/1000 | naked $243 | funded 7/20 | verified 100.0% (20v/0u)
11:18:35 INFO sweep | 2/20 scoring | est $24.36/day | offers $259 | committed $639/1000 | naked $243 | funded 7/20 | verified 100.0% (20v/0u)
11:18:58 INFO sweep | 2/20 scoring | est $22.95/day | offers $259 | committed $639/1000 | naked $243 | funded 7/20 | verified 100.0% (20v/0u)
11:19:21 INFO sweep | 2/20 scoring | est $26.17/day | offers $259 | committed $639/1000 | naked $243 | funded 7/20 | verified 100.0% (20v/0u)
11:19:44 INFO sweep | 2/20 scoring | est $33.11/day | offers $259 | committed $638/1000 | naked $243 | funded 7/20 | verified 100.0% (20v/0u)
11:20:07 INFO sweep | 2/20 scoring | est $28.22/day | offers $259 | committed $639/1000 | naked $243 | funded 7/20 | verified 100.0% (20v/0u)
11:20:31 INFO sweep | 2/20 scoring | est $26.16/day | offers $259 | committed $639/1000 | naked $243 | funded 7/20 | verified 100.0% (20v/0u)
11:20:54 INFO sweep | 2/20 scoring | est $16.16/day | offers $259 | committed $639/1000 | naked $243 | funded 7/20 | verified 100.0% (20v/0u)
11:21:17 INFO sweep | 2/20 scoring | est $12.71/day | offers $259 | committed $639/1000 | naked $243 | funded 7/20 | verified 100.0% (20v/0u)
11:21:40 INFO sweep | 2/20 scoring | est $11.95/day | offers $259 | committed $638/1000 | naked $243 | funded 7/20 | verified 100.0% (20v/0u)
11:22:04 INFO sweep | 2/20 scoring | est $13.53/day | offers $259 | committed $639/1000 | naked $243 | funded 7/20 | verified 100.0% (20v/0u)
11:22:26 INFO sweep | 2/20 scoring | est $12.93/day | offers $259 | committed $639/1000 | naked $243 | funded 7/20 | verified 100.0% (20v/0u)
11:22:50 INFO sweep | 2/20 scoring | est $12.59/day | offers $259 | committed $639/1000 | naked $243 | funded 7/20 | verified 100.0% (20v/0u)
11:23:13 INFO sweep | 2/20 scoring | est $13.18/day | offers $259 | committed $639/1000 | naked $243 | funded 7/20 | verified 100.0% (20v/0u)
11:23:36 INFO sweep | 2/20 scoring | est $12.50/day | offers $259 | committed $639/1000 | naked $243 | funded 7/20 | verified 100.0% (20v/0u)
11:23:59 INFO sweep | 2/20 scoring | est $12.85/day | offers $259 | committed $639/1000 | naked $243 | funded 7/20 | verified 100.0% (20v/0u)
11:24:24 INFO sweep | 2/20 scoring | est $13.04/day | offers $259 | committed $639/1000 | naked $243 | funded 7/20 | verified 100.0% (20v/0u)
11:24:47 INFO sweep | 2/20 scoring | est $12.91/day | offers $259 | committed $639/1000 | naked $243 | funded 7/20 | verified 100.0% (20v/0u)
11:25:10 INFO sweep | 2/20 scoring | est $12.93/day | offers $259 | committed $639/1000 | naked $243 | funded 7/20 | verified 100.0% (20v/0u)
11:25:33 INFO sweep | 2/20 scoring | est $10.83/day | offers $259 | committed $639/1000 | naked $243 | funded 7/20 | verified 100.0% (20v/0u)
11:25:56 INFO sweep | 2/20 scoring | est $11.01/day | offers $259 | committed $639/1000 | naked $243 | funded 7/20 | verified 100.0% (20v/0u)
11:26:19 INFO sweep | 2/20 scoring | est $10.73/day | offers $259 | committed $639/1000 | naked $243 | funded 7/20 | verified 100.0% (20v/0u)
11:26:42 INFO sweep | 2/20 scoring | est $10.32/day | offers $259 | committed $639/1000 | naked $243 | funded 7/20 | verified 100.0% (20v/0u)
11:27:05 INFO sweep | 2/20 scoring | est $10.30/day | offers $259 | committed $639/1000 | naked $243 | funded 7/20 | verified 100.0% (20v/0u)
11:27:28 INFO sweep | 2/20 scoring | est $11.52/day | offers $259 | committed $639/1000 | naked $243 | funded 7/20 | verified 100.0% (20v/0u)
11:27:51 INFO sweep | 2/20 scoring | est $13.04/day | offers $259 | committed $639/1000 | naked $243 | funded 7/20 | verified 100.0% (20v/0u)
11:28:15 INFO sweep | 2/20 scoring | est $14.71/day | offers $259 | committed $639/1000 | naked $243 | funded 7/20 | verified 100.0% (20v/0u)
11:28:38 INFO sweep | 2/20 scoring | est $16.88/day | offers $259 | committed $639/1000 | naked $243 | funded 7/20 | verified 100.0% (20v/0u)
11:29:02 INFO sweep | 2/20 scoring | est $12.45/day | offers $259 | committed $639/1000 | naked $243 | funded 7/20 | verified 100.0% (20v/0u)
11:29:24 INFO sweep | 2/20 scoring | est $11.38/day | offers $259 | committed $639/1000 | naked $243 | funded 7/20 | verified 100.0% (20v/0u)
11:29:47 INFO sweep | 2/20 scoring | est $11.90/day | offers $259 | committed $639/1000 | naked $243 | funded 7/20 | verified 100.0% (20v/0u)
11:30:11 INFO sweep | 2/20 scoring | est $11.80/day | offers $259 | committed $639/1000 | naked $243 | funded 7/20 | verified 100.0% (20v/0u)
11:30:33 INFO sweep | 2/20 scoring | est $12.88/day | offers $259 | committed $639/1000 | naked $243 | funded 7/20 | verified 100.0% (20v/0u)
11:30:57 INFO sweep | 2/20 scoring | est $14.18/day | offers $259 | committed $639/1000 | naked $243 | funded 7/20 | verified 100.0% (20v/0u)
11:31:20 INFO sweep | 2/20 scoring | est $11.32/day | offers $259 | committed $639/1000 | naked $243 | funded 7/20 | verified 100.0% (20v/0u)
11:31:43 INFO sweep | 2/20 scoring | est $11.34/day | offers $259 | committed $639/1000 | naked $243 | funded 7/20 | verified 100.0% (20v/0u)
11:32:06 INFO sweep | 2/20 scoring | est $21.15/day | offers $259 | committed $639/1000 | naked $243 | funded 7/20 | verified 100.0% (20v/0u)
11:32:29 INFO sweep | 2/20 scoring | est $18.98/day | offers $259 | committed $639/1000 | naked $243 | funded 7/20 | verified 100.0% (20v/0u)
11:32:52 INFO sweep | 2/20 scoring | est $13.13/day | offers $259 | committed $639/1000 | naked $243 | funded 7/20 | verified 100.0% (20v/0u)
11:33:15 INFO sweep | 2/20 scoring | est $12.06/day | offers $259 | committed $639/1000 | naked $243 | funded 7/20 | verified 100.0% (20v/0u)
11:33:39 INFO sweep | 2/20 scoring | est $17.20/day | offers $256 | committed $636/1000 | naked $243 | funded 7/20 | verified 100.0% (20v/0u)
11:34:02 INFO sweep | 2/20 scoring | est $16.14/day | offers $259 | committed $639/1000 | naked $243 | funded 7/20 | verified 100.0% (20v/0u)
11:34:25 INFO sweep | 2/20 scoring | est $16.07/day | offers $259 | committed $639/1000 | naked $243 | funded 7/20 | verified 100.0% (20v/0u)
11:34:49 INFO sweep | 2/20 scoring | est $16.07/day | offers $259 | committed $639/1000 | naked $243 | funded 7/20 | verified 100.0% (20v/0u)
11:35:12 INFO sweep | 2/20 scoring | est $16.42/day | offers $259 | committed $639/1000 | naked $243 | funded 7/20 | verified 100.0% (20v/0u)
11:35:18 WARNING pulse write failed: PermissionError: [WinError 5] Access is denied: 'C:\\Users\\Tiger\\Agents\\Projects\\AI Trading\\maker\\run\\fleet_pulse.tmp' -> 'C:\\Users\\Tiger\\Agents\\Projects\\AI Trading\\maker\\run\\fleet_pulse.json'
11:35:35 INFO sweep | 2/20 scoring | est $17.02/day | offers $259 | committed $639/1000 | naked $243 | funded 7/20 | verified 100.0% (20v/0u)
11:35:59 INFO sweep | 2/20 scoring | est $17.73/day | offers $259 | committed $639/1000 | naked $243 | funded 7/20 | verified 100.0% (20v/0u)
11:36:22 INFO sweep | 2/20 scoring | est $17.43/day | offers $259 | committed $639/1000 | naked $243 | funded 7/20 | verified 100.0% (20v/0u)
11:36:45 INFO sweep | 2/20 scoring | est $16.69/day | offers $259 | committed $639/1000 | naked $243 | funded 7/20 | verified 100.0% (20v/0u)
11:37:09 INFO sweep | 2/20 scoring | est $16.19/day | offers $259 | committed $639/1000 | naked $243 | funded 7/20 | verified 100.0% (20v/0u)
11:37:32 INFO sweep | 2/20 scoring | est $15.61/day | offers $259 | committed $639/1000 | naked $243 | funded 7/20 | verified 100.0% (20v/0u)
11:37:55 INFO sweep | 2/20 scoring | est $16.11/day | offers $259 | committed $639/1000 | naked $243 | funded 7/20 | verified 100.0% (20v/0u)
11:38:18 INFO sweep | 2/20 scoring | est $15.44/day | offers $259 | committed $639/1000 | naked $243 | funded 7/20 | verified 100.0% (20v/0u)
11:38:41 INFO sweep | 2/20 scoring | est $15.63/day | offers $259 | committed $639/1000 | naked $243 | funded 7/20 | verified 100.0% (20v/0u)
11:39:04 INFO sweep | 2/20 scoring | est $15.85/day | offers $259 | committed $639/1000 | naked $243 | funded 7/20 | verified 100.0% (20v/0u)
11:39:28 INFO sweep | 2/20 scoring | est $18.65/day | offers $259 | committed $639/1000 | naked $243 | funded 7/20 | verified 100.0% (20v/0u)
11:39:50 INFO sweep | 2/20 scoring | est $18.57/day | offers $259 | committed $639/1000 | naked $243 | funded 7/20 | verified 100.0% (20v/0u)
11:40:14 INFO sweep | 2/20 scoring | est $21.72/day | offers $260 | committed $639/1000 | naked $243 | funded 7/20 | verified 100.0% (20v/0u)
11:40:37 INFO sweep | 2/20 scoring | est $18.01/day | offers $259 | committed $639/1000 | naked $243 | funded 7/20 | verified 100.0% (20v/0u)
11:41:00 INFO sweep | 2/20 scoring | est $34.61/day | offers $259 | committed $639/1000 | naked $243 | funded 7/20 | verified 100.0% (20v/0u)
11:41:23 INFO sweep | 2/20 scoring | est $23.09/day | offers $259 | committed $639/1000 | naked $243 | funded 7/20 | verified 100.0% (20v/0u)
11:41:47 INFO sweep | 2/20 scoring | est $18.80/day | offers $259 | committed $639/1000 | naked $243 | funded 7/20 | verified 100.0% (20v/0u)
11:42:10 INFO sweep | 2/20 scoring | est $25.90/day | offers $259 | committed $639/1000 | naked $243 | funded 7/20 | verified 100.0% (20v/0u)
11:42:34 INFO sweep | 2/20 scoring | est $18.93/day | offers $259 | committed $639/1000 | naked $243 | funded 7/20 | verified 100.0% (20v/0u)
11:42:57 INFO sweep | 2/20 scoring | est $18.17/day | offers $259 | committed $639/1000 | naked $243 | funded 7/20 | verified 100.0% (20v/0u)
11:43:23 INFO sweep | 2/20 scoring | est $19.76/day | offers $259 | committed $639/1000 | naked $243 | funded 7/20 | verified 100.0% (20v/0u)
11:43:47 INFO sweep | 2/20 scoring | est $19.77/day | offers $259 | committed $639/1000 | naked $243 | funded 7/20 | verified 100.0% (20v/0u)
11:44:10 INFO sweep | 2/20 scoring | est $16.41/day | offers $259 | committed $639/1000 | naked $243 | funded 7/20 | verified 100.0% (20v/0u)
11:44:33 INFO sweep | 2/20 scoring | est $20.31/day | offers $259 | committed $639/1000 | naked $243 | funded 7/20 | verified 100.0% (20v/0u)
11:44:56 INFO sweep | 2/20 scoring | est $20.31/day | offers $259 | committed $639/1000 | naked $243 | funded 7/20 | verified 100.0% (20v/0u)
11:45:20 INFO sweep | 2/20 scoring | est $20.44/day | offers $259 | committed $639/1000 | naked $243 | funded 7/20 | verified 100.0% (20v/0u)
11:45:43 INFO sweep | 2/20 scoring | est $21.99/day | offers $259 | committed $639/1000 | naked $243 | funded 7/20 | verified 100.0% (20v/0u)
11:46:06 INFO sweep | 2/20 scoring | est $18.11/day | offers $259 | committed $639/1000 | naked $243 | funded 7/20 | verified 100.0% (20v/0u)
11:46:29 INFO sweep | 2/20 scoring | est $17.02/day | offers $259 | committed $639/1000 | naked $243 | funded 7/20 | verified 100.0% (20v/0u)
11:46:52 INFO sweep | 2/20 scoring | est $16.79/day | offers $259 | committed $639/1000 | naked $243 | funded 7/20 | verified 100.0% (20v/0u)
11:47:15 INFO sweep | 2/20 scoring | est $16.90/day | offers $259 | committed $639/1000 | naked $243 | funded 7/20 | verified 100.0% (20v/0u)
11:47:38 INFO sweep | 2/20 scoring | est $17.00/day | offers $259 | committed $639/1000 | naked $243 | funded 7/20 | verified 100.0% (20v/0u)
11:48:01 INFO sweep | 2/20 scoring | est $17.15/day | offers $259 | committed $639/1000 | naked $243 | funded 7/20 | verified 100.0% (20v/0u)
11:48:24 INFO sweep | 2/20 scoring | est $22.79/day | offers $259 | committed $639/1000 | naked $243 | funded 7/20 | verified 100.0% (20v/0u)
11:48:47 INFO sweep | 2/20 scoring | est $18.29/day | offers $259 | committed $639/1000 | naked $243 | funded 7/20 | verified 100.0% (20v/0u)
11:49:10 INFO sweep | 2/20 scoring | est $20.91/day | offers $259 | committed $639/1000 | naked $243 | funded 7/20 | verified 100.0% (20v/0u)
11:49:33 INFO sweep | 2/20 scoring | est $17.50/day | offers $259 | committed $639/1000 | naked $243 | funded 7/20 | verified 100.0% (20v/0u)
11:49:57 INFO sweep | 2/20 scoring | est $17.94/day | offers $259 | committed $639/1000 | naked $243 | funded 7/20 | verified 100.0% (20v/0u)
11:50:20 INFO sweep | 2/20 scoring | est $19.20/day | offers $259 | committed $639/1000 | naked $243 | funded 7/20 | verified 100.0% (20v/0u)
11:50:43 INFO sweep | 2/20 scoring | est $21.03/day | offers $259 | committed $639/1000 | naked $243 | funded 7/20 | verified 100.0% (20v/0u)
11:51:07 INFO sweep | 2/20 scoring | est $21.92/day | offers $259 | committed $639/1000 | naked $243 | funded 7/20 | verified 100.0% (20v/0u)
11:51:29 INFO sweep | 2/20 scoring | est $22.63/day | offers $259 | committed $639/1000 | naked $243 | funded 7/20 | verified 100.0% (20v/0u)
11:51:53 INFO sweep | 2/20 scoring | est $18.77/day | offers $259 | committed $639/1000 | naked $243 | funded 7/20 | verified 100.0% (20v/0u)
11:52:16 INFO sweep | 2/20 scoring | est $18.80/day | offers $259 | committed $639/1000 | naked $243 | funded 7/20 | verified 100.0% (20v/0u)
11:52:39 INFO sweep | 2/20 scoring | est $22.34/day | offers $259 | committed $639/1000 | naked $243 | funded 7/20 | verified 100.0% (20v/0u)
11:53:02 INFO sweep | 2/20 scoring | est $19.59/day | offers $259 | committed $639/1000 | naked $243 | funded 7/20 | verified 100.0% (20v/0u)
11:53:25 INFO sweep | 2/20 scoring | est $17.84/day | offers $259 | committed $639/1000 | naked $243 | funded 7/20 | verified 100.0% (20v/0u)
11:53:48 INFO sweep | 2/20 scoring | est $16.85/day | offers $259 | committed $639/1000 | naked $243 | funded 7/20 | verified 100.0% (20v/0u)
11:54:11 INFO sweep | 2/20 scoring | est $22.73/day | offers $259 | committed $639/1000 | naked $243 | funded 7/20 | verified 100.0% (20v/0u)
11:54:34 INFO sweep | 2/20 scoring | est $19.11/day | offers $259 | committed $639/1000 | naked $243 | funded 7/20 | verified 100.0% (20v/0u)
11:54:57 INFO sweep | 2/20 scoring | est $19.41/day | offers $259 | committed $639/1000 | naked $243 | funded 7/20 | verified 100.0% (20v/0u)
11:55:20 INFO sweep | 2/20 scoring | est $21.47/day | offers $259 | committed $639/1000 | naked $243 | funded 7/20 | verified 100.0% (20v/0u)
11:55:44 INFO sweep | 2/20 scoring | est $21.92/day | offers $259 | committed $639/1000 | naked $243 | funded 7/20 | verified 100.0% (20v/0u)
11:56:06 INFO sweep | 2/20 scoring | est $25.12/day | offers $259 | committed $639/1000 | naked $243 | funded 7/20 | verified 100.0% (20v/0u)
11:56:30 INFO sweep | 2/20 scoring | est $25.95/day | offers $259 | committed $639/1000 | naked $243 | funded 7/20 | verified 100.0% (20v/0u)
11:56:53 INFO sweep | 2/20 scoring | est $24.52/day | offers $259 | committed $639/1000 | naked $243 | funded 7/20 | verified 100.0% (20v/0u)
11:57:16 INFO sweep | 2/20 scoring | est $23.50/day | offers $259 | committed $639/1000 | naked $243 | funded 7/20 | verified 100.0% (20v/0u)
11:57:39 INFO sweep | 2/20 scoring | est $25.87/day | offers $259 | committed $639/1000 | naked $243 | funded 7/20 | verified 100.0% (20v/0u)
11:58:03 INFO sweep | 2/20 scoring | est $42.14/day | offers $259 | committed $639/1000 | naked $243 | funded 7/20 | verified 100.0% (20v/0u)
11:58:27 INFO sweep | 2/20 scoring | est $50.39/day | offers $259 | committed $639/1000 | naked $243 | funded 7/20 | verified 100.0% (20v/0u)
11:58:50 INFO sweep | 2/20 scoring | est $30.14/day | offers $259 | committed $639/1000 | naked $243 | funded 7/20 | verified 100.0% (20v/0u)
11:59:14 INFO sweep | 2/20 scoring | est $33.56/day | offers $259 | committed $639/1000 | naked $243 | funded 7/20 | verified 100.0% (20v/0u)
11:59:22 INFO FILL Will Elon Musk post 220-239  UP   135sh @ 0.600
11:59:36 INFO sweep | 2/20 scoring | est $28.46/day | offers $259 | committed $720/1000 | naked $324 | funded 7/20 | verified 100.0% (21v/0u)
11:59:59 INFO sweep | 2/20 scoring | est $29.37/day | offers $259 | committed $720/1000 | naked $324 | funded 7/20 | verified 100.0% (21v/0u)
12:00:23 INFO sweep | 2/20 scoring | est $36.40/day | offers $259 | committed $720/1000 | naked $324 | funded 7/20 | verified 100.0% (21v/0u)
12:00:46 INFO sweep | 2/20 scoring | est $36.65/day | offers $259 | committed $720/1000 | naked $324 | funded 7/20 | verified 100.0% (21v/0u)
12:01:09 INFO sweep | 2/20 scoring | est $25.00/day | offers $259 | committed $720/1000 | naked $324 | funded 7/20 | verified 100.0% (21v/0u)
12:01:33 INFO sweep | 2/20 scoring | est $23.33/day | offers $259 | committed $720/1000 | naked $324 | funded 7/20 | verified 100.0% (21v/0u)
12:01:52 INFO FILL Will Elon Musk post 200-219  UP   4sh @ 0.316
12:01:56 INFO sweep | 2/20 scoring | est $25.32/day | offers $259 | committed $721/1000 | naked $325 | funded 7/20 | verified 100.0% (22v/0u)
12:02:19 INFO sweep | 2/20 scoring | est $22.03/day | offers $259 | committed $721/1000 | naked $325 | funded 7/20 | verified 100.0% (22v/0u)
12:02:42 INFO sweep | 2/20 scoring | est $23.01/day | offers $259 | committed $721/1000 | naked $325 | funded 7/20 | verified 100.0% (22v/0u)
12:03:05 INFO sweep | 2/20 scoring | est $31.19/day | offers $259 | committed $721/1000 | naked $325 | funded 7/20 | verified 100.0% (22v/0u)
12:03:28 INFO sweep | 2/20 scoring | est $24.73/day | offers $259 | committed $721/1000 | naked $325 | funded 7/20 | verified 100.0% (22v/0u)
12:03:52 INFO sweep | 2/20 scoring | est $19.54/day | offers $259 | committed $721/1000 | naked $325 | funded 7/20 | verified 100.0% (22v/0u)
12:04:15 INFO sweep | 2/20 scoring | est $24.81/day | offers $259 | committed $721/1000 | naked $325 | funded 7/20 | verified 100.0% (22v/0u)
12:04:38 INFO sweep | 2/20 scoring | est $17.25/day | offers $259 | committed $721/1000 | naked $325 | funded 7/20 | verified 100.0% (22v/0u)
12:05:02 INFO sweep | 2/20 scoring | est $17.87/day | offers $259 | committed $721/1000 | naked $325 | funded 7/20 | verified 100.0% (22v/0u)
12:05:24 INFO sweep | 2/20 scoring | est $17.40/day | offers $259 | committed $721/1000 | naked $325 | funded 7/20 | verified 100.0% (22v/0u)
12:05:47 INFO sweep | 2/20 scoring | est $17.21/day | offers $259 | committed $721/1000 | naked $325 | funded 7/20 | verified 100.0% (22v/0u)
12:06:11 INFO sweep | 2/20 scoring | est $16.57/day | offers $259 | committed $721/1000 | naked $325 | funded 7/20 | verified 100.0% (22v/0u)
12:06:34 INFO sweep | 2/20 scoring | est $25.74/day | offers $259 | committed $721/1000 | naked $325 | funded 7/20 | verified 100.0% (22v/0u)
12:06:57 INFO sweep | 2/20 scoring | est $26.84/day | offers $259 | committed $721/1000 | naked $325 | funded 7/20 | verified 100.0% (22v/0u)
12:07:20 INFO sweep | 2/20 scoring | est $26.21/day | offers $259 | committed $721/1000 | naked $325 | funded 7/20 | verified 100.0% (22v/0u)
12:07:43 INFO sweep | 2/20 scoring | est $26.59/day | offers $259 | committed $721/1000 | naked $325 | funded 7/20 | verified 100.0% (22v/0u)
12:08:07 INFO sweep | 2/20 scoring | est $27.04/day | offers $259 | committed $721/1000 | naked $325 | funded 7/20 | verified 100.0% (22v/0u)
12:08:30 INFO sweep | 2/20 scoring | est $26.93/day | offers $259 | committed $721/1000 | naked $325 | funded 7/20 | verified 100.0% (22v/0u)
12:08:53 INFO sweep | 2/20 scoring | est $29.27/day | offers $259 | committed $721/1000 | naked $325 | funded 7/20 | verified 100.0% (22v/0u)
12:09:16 INFO sweep | 2/20 scoring | est $28.87/day | offers $259 | committed $721/1000 | naked $325 | funded 7/20 | verified 100.0% (22v/0u)
12:09:39 INFO sweep | 2/20 scoring | est $28.55/day | offers $259 | committed $721/1000 | naked $325 | funded 7/20 | verified 100.0% (22v/0u)
12:10:02 INFO sweep | 2/20 scoring | est $29.05/day | offers $259 | committed $721/1000 | naked $325 | funded 7/20 | verified 100.0% (22v/0u)
12:10:25 INFO sweep | 2/20 scoring | est $29.23/day | offers $259 | committed $721/1000 | naked $325 | funded 7/20 | verified 100.0% (22v/0u)
12:10:49 INFO sweep | 2/20 scoring | est $29.17/day | offers $259 | committed $721/1000 | naked $325 | funded 7/20 | verified 100.0% (22v/0u)
12:11:11 INFO sweep | 2/20 scoring | est $29.03/day | offers $259 | committed $721/1000 | naked $325 | funded 7/20 | verified 100.0% (22v/0u)
12:11:35 INFO sweep | 2/20 scoring | est $29.08/day | offers $259 | committed $721/1000 | naked $325 | funded 7/20 | verified 100.0% (22v/0u)
12:11:58 INFO sweep | 2/20 scoring | est $29.59/day | offers $259 | committed $721/1000 | naked $325 | funded 7/20 | verified 100.0% (22v/0u)
12:12:21 INFO sweep | 2/20 scoring | est $29.40/day | offers $259 | committed $721/1000 | naked $325 | funded 7/20 | verified 100.0% (22v/0u)
12:12:44 INFO sweep | 2/20 scoring | est $31.98/day | offers $259 | committed $721/1000 | naked $325 | funded 7/20 | verified 100.0% (22v/0u)
12:13:07 INFO sweep | 2/20 scoring | est $28.92/day | offers $259 | committed $721/1000 | naked $325 | funded 7/20 | verified 100.0% (22v/0u)
12:13:32 INFO sweep | 2/20 scoring | est $26.66/day | offers $259 | committed $721/1000 | naked $325 | funded 7/20 | verified 100.0% (22v/0u)
12:13:56 INFO sweep | 2/20 scoring | est $26.81/day | offers $259 | committed $721/1000 | naked $325 | funded 7/20 | verified 100.0% (22v/0u)
12:14:19 INFO sweep | 2/20 scoring | est $26.46/day | offers $259 | committed $721/1000 | naked $325 | funded 7/20 | verified 100.0% (22v/0u)
12:14:42 INFO sweep | 2/20 scoring | est $26.46/day | offers $259 | committed $721/1000 | naked $325 | funded 7/20 | verified 100.0% (22v/0u)
12:15:06 INFO sweep | 2/20 scoring | est $26.63/day | offers $259 | committed $721/1000 | naked $325 | funded 7/20 | verified 100.0% (22v/0u)
12:15:29 INFO sweep | 2/20 scoring | est $26.95/day | offers $259 | committed $721/1000 | naked $325 | funded 7/20 | verified 100.0% (22v/0u)
12:15:54 INFO sweep | 2/20 scoring | est $28.00/day | offers $259 | committed $721/1000 | naked $325 | funded 7/20 | verified 100.0% (22v/0u)
12:16:17 INFO sweep | 2/20 scoring | est $27.88/day | offers $259 | committed $721/1000 | naked $325 | funded 7/20 | verified 100.0% (22v/0u)
12:16:40 INFO sweep | 2/20 scoring | est $27.12/day | offers $259 | committed $721/1000 | naked $325 | funded 7/20 | verified 100.0% (22v/0u)
12:17:03 INFO sweep | 2/20 scoring | est $27.16/day | offers $259 | committed $721/1000 | naked $325 | funded 7/20 | verified 100.0% (22v/0u)
12:17:26 INFO sweep | 2/20 scoring | est $27.81/day | offers $259 | committed $721/1000 | naked $325 | funded 7/20 | verified 100.0% (22v/0u)
12:17:49 INFO sweep | 2/20 scoring | est $27.11/day | offers $259 | committed $721/1000 | naked $325 | funded 7/20 | verified 100.0% (22v/0u)
12:18:11 INFO sweep | 2/20 scoring | est $25.49/day | offers $259 | committed $721/1000 | naked $325 | funded 7/20 | verified 100.0% (22v/0u)
12:18:34 INFO sweep | 2/20 scoring | est $25.94/day | offers $259 | committed $721/1000 | naked $325 | funded 7/20 | verified 100.0% (22v/0u)
12:18:57 INFO sweep | 2/20 scoring | est $26.07/day | offers $259 | committed $721/1000 | naked $325 | funded 7/20 | verified 100.0% (22v/0u)
12:19:20 INFO sweep | 2/20 scoring | est $26.14/day | offers $259 | committed $721/1000 | naked $325 | funded 7/20 | verified 100.0% (22v/0u)
12:19:43 INFO sweep | 2/20 scoring | est $26.22/day | offers $259 | committed $721/1000 | naked $325 | funded 7/20 | verified 100.0% (22v/0u)
12:20:06 INFO sweep | 2/20 scoring | est $26.01/day | offers $259 | committed $721/1000 | naked $325 | funded 7/20 | verified 100.0% (22v/0u)
12:20:28 INFO sweep | 2/20 scoring | est $26.01/day | offers $259 | committed $721/1000 | naked $325 | funded 7/20 | verified 100.0% (22v/0u)
12:20:51 INFO sweep | 2/20 scoring | est $25.78/day | offers $259 | committed $721/1000 | naked $325 | funded 7/20 | verified 100.0% (22v/0u)
12:21:14 INFO sweep | 2/20 scoring | est $25.79/day | offers $259 | committed $721/1000 | naked $325 | funded 7/20 | verified 100.0% (22v/0u)
12:21:36 INFO sweep | 2/20 scoring | est $25.80/day | offers $259 | committed $721/1000 | naked $325 | funded 7/20 | verified 100.0% (22v/0u)
12:22:00 INFO sweep | 2/20 scoring | est $25.67/day | offers $259 | committed $721/1000 | naked $325 | funded 7/20 | verified 100.0% (22v/0u)
12:22:23 INFO sweep | 2/20 scoring | est $25.67/day | offers $259 | committed $721/1000 | naked $325 | funded 7/20 | verified 100.0% (22v/0u)
12:22:45 INFO sweep | 2/20 scoring | est $25.67/day | offers $259 | committed $721/1000 | naked $325 | funded 7/20 | verified 100.0% (22v/0u)
12:23:08 INFO sweep | 2/20 scoring | est $26.31/day | offers $259 | committed $721/1000 | naked $325 | funded 7/20 | verified 100.0% (22v/0u)
12:23:31 INFO sweep | 2/20 scoring | est $26.39/day | offers $259 | committed $721/1000 | naked $325 | funded 7/20 | verified 100.0% (22v/0u)
12:23:53 INFO sweep | 2/20 scoring | est $26.40/day | offers $259 | committed $721/1000 | naked $325 | funded 7/20 | verified 100.0% (22v/0u)
12:24:16 INFO sweep | 2/20 scoring | est $25.72/day | offers $259 | committed $721/1000 | naked $325 | funded 7/20 | verified 100.0% (22v/0u)
12:24:39 INFO sweep | 2/20 scoring | est $25.77/day | offers $259 | committed $721/1000 | naked $325 | funded 7/20 | verified 100.0% (22v/0u)
12:25:01 INFO sweep | 2/20 scoring | est $25.79/day | offers $259 | committed $721/1000 | naked $325 | funded 7/20 | verified 100.0% (22v/0u)
12:25:24 INFO sweep | 2/20 scoring | est $25.79/day | offers $259 | committed $721/1000 | naked $325 | funded 7/20 | verified 100.0% (22v/0u)
12:25:53 INFO sweep | 2/20 scoring | est $25.93/day | offers $259 | committed $721/1000 | naked $325 | funded 7/20 | verified 100.0% (22v/0u)
12:26:15 INFO sweep | 2/20 scoring | est $25.95/day | offers $259 | committed $721/1000 | naked $325 | funded 7/20 | verified 100.0% (22v/0u)
12:26:38 INFO sweep | 2/20 scoring | est $27.03/day | offers $259 | committed $721/1000 | naked $325 | funded 7/20 | verified 100.0% (22v/0u)
12:27:01 INFO sweep | 2/20 scoring | est $26.28/day | offers $259 | committed $721/1000 | naked $325 | funded 7/20 | verified 100.0% (22v/0u)
12:27:24 INFO sweep | 2/20 scoring | est $26.07/day | offers $259 | committed $721/1000 | naked $325 | funded 7/20 | verified 100.0% (22v/0u)
12:27:47 INFO sweep | 2/20 scoring | est $26.30/day | offers $259 | committed $721/1000 | naked $325 | funded 7/20 | verified 100.0% (22v/0u)
12:28:11 INFO sweep | 2/20 scoring | est $25.57/day | offers $259 | committed $721/1000 | naked $325 | funded 7/20 | verified 100.0% (22v/0u)
12:28:33 INFO sweep | 2/20 scoring | est $26.27/day | offers $259 | committed $721/1000 | naked $325 | funded 7/20 | verified 100.0% (22v/0u)
12:28:56 INFO sweep | 2/20 scoring | est $26.28/day | offers $259 | committed $721/1000 | naked $325 | funded 7/20 | verified 100.0% (22v/0u)
12:29:19 INFO sweep | 2/20 scoring | est $25.30/day | offers $259 | committed $721/1000 | naked $325 | funded 7/20 | verified 100.0% (22v/0u)
12:29:42 INFO sweep | 2/20 scoring | est $25.30/day | offers $259 | committed $721/1000 | naked $325 | funded 7/20 | verified 100.0% (22v/0u)
12:30:05 INFO sweep | 2/20 scoring | est $25.98/day | offers $259 | committed $721/1000 | naked $325 | funded 7/20 | verified 100.0% (22v/0u)
12:30:28 INFO sweep | 2/20 scoring | est $14.82/day | offers $259 | committed $721/1000 | naked $325 | funded 7/20 | verified 100.0% (22v/0u)
12:30:51 INFO sweep | 2/20 scoring | est $14.98/day | offers $259 | committed $721/1000 | naked $325 | funded 7/20 | verified 100.0% (22v/0u)
12:31:14 INFO sweep | 2/20 scoring | est $14.67/day | offers $259 | committed $721/1000 | naked $325 | funded 7/20 | verified 100.0% (22v/0u)
12:31:38 INFO sweep | 2/20 scoring | est $17.08/day | offers $259 | committed $721/1000 | naked $325 | funded 7/20 | verified 100.0% (22v/0u)
12:32:01 INFO sweep | 2/20 scoring | est $16.46/day | offers $259 | committed $721/1000 | naked $325 | funded 7/20 | verified 100.0% (22v/0u)
12:32:24 INFO sweep | 2/20 scoring | est $16.83/day | offers $259 | committed $721/1000 | naked $325 | funded 7/20 | verified 100.0% (22v/0u)
12:32:47 INFO sweep | 2/20 scoring | est $15.28/day | offers $259 | committed $721/1000 | naked $325 | funded 7/20 | verified 100.0% (22v/0u)
12:33:10 INFO sweep | 2/20 scoring | est $14.95/day | offers $259 | committed $721/1000 | naked $325 | funded 7/20 | verified 100.0% (22v/0u)
12:33:33 INFO sweep | 2/20 scoring | est $14.13/day | offers $259 | committed $721/1000 | naked $325 | funded 7/20 | verified 100.0% (22v/0u)
12:33:56 INFO sweep | 2/20 scoring | est $15.01/day | offers $259 | committed $721/1000 | naked $325 | funded 7/20 | verified 100.0% (22v/0u)
12:34:19 INFO sweep | 2/20 scoring | est $13.89/day | offers $259 | committed $721/1000 | naked $325 | funded 7/20 | verified 100.0% (22v/0u)
12:34:42 INFO sweep | 2/20 scoring | est $13.09/day | offers $259 | committed $721/1000 | naked $325 | funded 7/20 | verified 100.0% (22v/0u)
12:35:05 INFO sweep | 2/20 scoring | est $13.18/day | offers $259 | committed $721/1000 | naked $325 | funded 7/20 | verified 100.0% (22v/0u)
12:35:28 INFO sweep | 2/20 scoring | est $12.99/day | offers $259 | committed $721/1000 | naked $325 | funded 7/20 | verified 100.0% (22v/0u)
12:35:51 INFO sweep | 2/20 scoring | est $12.79/day | offers $259 | committed $721/1000 | naked $325 | funded 7/20 | verified 100.0% (22v/0u)
12:36:13 INFO sweep | 2/20 scoring | est $12.64/day | offers $259 | committed $721/1000 | naked $325 | funded 7/20 | verified 100.0% (22v/0u)
12:36:36 INFO sweep | 2/20 scoring | est $12.09/day | offers $259 | committed $721/1000 | naked $325 | funded 7/20 | verified 100.0% (22v/0u)
12:36:59 INFO sweep | 2/20 scoring | est $13.06/day | offers $259 | committed $721/1000 | naked $325 | funded 7/20 | verified 100.0% (22v/0u)
12:37:22 INFO sweep | 2/20 scoring | est $12.76/day | offers $259 | committed $721/1000 | naked $325 | funded 7/20 | verified 100.0% (22v/0u)
12:37:44 INFO sweep | 2/20 scoring | est $13.10/day | offers $259 | committed $721/1000 | naked $325 | funded 7/20 | verified 100.0% (22v/0u)
12:38:07 INFO sweep | 2/20 scoring | est $12.92/day | offers $259 | committed $721/1000 | naked $325 | funded 7/20 | verified 100.0% (22v/0u)
12:38:30 INFO sweep | 2/20 scoring | est $13.21/day | offers $259 | committed $721/1000 | naked $325 | funded 7/20 | verified 100.0% (22v/0u)
12:38:52 INFO sweep | 2/20 scoring | est $13.40/day | offers $259 | committed $721/1000 | naked $325 | funded 7/20 | verified 100.0% (22v/0u)
12:39:15 INFO sweep | 2/20 scoring | est $13.67/day | offers $259 | committed $721/1000 | naked $325 | funded 7/20 | verified 100.0% (22v/0u)
12:39:38 INFO sweep | 2/20 scoring | est $12.32/day | offers $259 | committed $721/1000 | naked $325 | funded 7/20 | verified 100.0% (22v/0u)
12:40:01 INFO sweep | 2/20 scoring | est $12.51/day | offers $259 | committed $721/1000 | naked $325 | funded 7/20 | verified 100.0% (22v/0u)
12:40:24 INFO sweep | 2/20 scoring | est $11.61/day | offers $259 | committed $721/1000 | naked $325 | funded 7/20 | verified 100.0% (22v/0u)
12:40:51 INFO sweep | 2/20 scoring | est $11.49/day | offers $259 | committed $721/1000 | naked $325 | funded 7/20 | verified 100.0% (22v/0u)
12:41:14 INFO sweep | 2/20 scoring | est $14.75/day | offers $259 | committed $721/1000 | naked $325 | funded 7/20 | verified 100.0% (22v/0u)
12:41:37 INFO sweep | 2/20 scoring | est $15.07/day | offers $259 | committed $721/1000 | naked $325 | funded 7/20 | verified 100.0% (22v/0u)
12:42:00 INFO sweep | 2/20 scoring | est $13.11/day | offers $259 | committed $721/1000 | naked $325 | funded 7/20 | verified 100.0% (22v/0u)
12:42:22 INFO sweep | 2/20 scoring | est $12.94/day | offers $259 | committed $721/1000 | naked $325 | funded 7/20 | verified 100.0% (22v/0u)
12:42:45 INFO sweep | 2/20 scoring | est $15.46/day | offers $259 | committed $721/1000 | naked $325 | funded 7/20 | verified 100.0% (22v/0u)
12:43:08 INFO sweep | 2/20 scoring | est $16.41/day | offers $259 | committed $721/1000 | naked $325 | funded 7/20 | verified 100.0% (22v/0u)
12:43:32 INFO sweep | 2/20 scoring | est $16.71/day | offers $259 | committed $721/1000 | naked $325 | funded 7/20 | verified 100.0% (22v/0u)
13:03:26 INFO sweep | 2/20 scoring | est $15.79/day | offers $259 | committed $721/1000 | naked $325 | funded 7/20 | verified 100.0% (22v/0u)
13:03:50 INFO sweep | 2/20 scoring | est $9.12/day | offers $259 | committed $721/1000 | naked $325 | funded 7/20 | verified 100.0% (22v/0u)
13:04:12 INFO sweep | 2/20 scoring | est $7.80/day | offers $259 | committed $721/1000 | naked $325 | funded 7/20 | verified 100.0% (22v/0u)
13:04:35 INFO sweep | 2/20 scoring | est $7.77/day | offers $259 | committed $721/1000 | naked $325 | funded 7/20 | verified 100.0% (22v/0u)
13:04:58 INFO sweep | 2/20 scoring | est $8.09/day | offers $259 | committed $721/1000 | naked $325 | funded 7/20 | verified 100.0% (22v/0u)
13:05:20 INFO sweep | 2/20 scoring | est $8.10/day | offers $259 | committed $721/1000 | naked $325 | funded 7/20 | verified 100.0% (22v/0u)
13:05:43 INFO sweep | 2/20 scoring | est $8.10/day | offers $259 | committed $721/1000 | naked $325 | funded 7/20 | verified 100.0% (22v/0u)
13:06:06 INFO sweep | 2/20 scoring | est $8.10/day | offers $259 | committed $721/1000 | naked $325 | funded 7/20 | verified 100.0% (22v/0u)
13:06:28 INFO sweep | 2/20 scoring | est $8.10/day | offers $259 | committed $721/1000 | naked $325 | funded 7/20 | verified 100.0% (22v/0u)
13:06:51 INFO sweep | 2/20 scoring | est $8.11/day | offers $259 | committed $721/1000 | naked $325 | funded 7/20 | verified 100.0% (22v/0u)
13:07:14 INFO sweep | 2/20 scoring | est $11.28/day | offers $259 | committed $721/1000 | naked $325 | funded 7/20 | verified 100.0% (22v/0u)
13:07:37 INFO sweep | 2/20 scoring | est $12.14/day | offers $259 | committed $721/1000 | naked $325 | funded 7/20 | verified 100.0% (22v/0u)
13:08:00 INFO sweep | 2/20 scoring | est $10.68/day | offers $259 | committed $721/1000 | naked $325 | funded 7/20 | verified 100.0% (22v/0u)
13:08:23 INFO sweep | 2/20 scoring | est $10.64/day | offers $259 | committed $721/1000 | naked $325 | funded 7/20 | verified 100.0% (22v/0u)
13:08:45 INFO sweep | 2/20 scoring | est $10.86/day | offers $259 | committed $721/1000 | naked $325 | funded 7/20 | verified 100.0% (22v/0u)
13:09:08 INFO sweep | 2/20 scoring | est $10.81/day | offers $259 | committed $721/1000 | naked $325 | funded 7/20 | verified 100.0% (22v/0u)
13:09:31 INFO sweep | 2/20 scoring | est $10.51/day | offers $259 | committed $721/1000 | naked $325 | funded 7/20 | verified 100.0% (22v/0u)
13:09:53 INFO sweep | 2/20 scoring | est $10.44/day | offers $259 | committed $721/1000 | naked $325 | funded 7/20 | verified 100.0% (22v/0u)
13:10:16 INFO sweep | 2/20 scoring | est $11.70/day | offers $259 | committed $721/1000 | naked $325 | funded 7/20 | verified 100.0% (22v/0u)
13:10:39 INFO sweep | 2/20 scoring | est $14.51/day | offers $259 | committed $721/1000 | naked $325 | funded 7/20 | verified 100.0% (22v/0u)
13:11:01 INFO sweep | 2/20 scoring | est $13.09/day | offers $259 | committed $721/1000 | naked $325 | funded 7/20 | verified 100.0% (22v/0u)
13:11:24 INFO sweep | 2/20 scoring | est $16.06/day | offers $259 | committed $721/1000 | naked $325 | funded 7/20 | verified 100.0% (22v/0u)
13:11:47 INFO sweep | 2/20 scoring | est $13.90/day | offers $259 | committed $721/1000 | naked $325 | funded 7/20 | verified 100.0% (22v/0u)
13:12:10 INFO sweep | 2/20 scoring | est $10.30/day | offers $259 | committed $721/1000 | naked $325 | funded 7/20 | verified 100.0% (22v/0u)
13:12:33 INFO sweep | 2/20 scoring | est $11.19/day | offers $259 | committed $721/1000 | naked $325 | funded 7/20 | verified 100.0% (22v/0u)
13:12:56 INFO sweep | 2/20 scoring | est $11.20/day | offers $259 | committed $721/1000 | naked $325 | funded 7/20 | verified 100.0% (22v/0u)
13:13:18 INFO sweep | 2/20 scoring | est $11.07/day | offers $259 | committed $721/1000 | naked $325 | funded 7/20 | verified 100.0% (22v/0u)
13:13:41 INFO sweep | 2/20 scoring | est $11.09/day | offers $259 | committed $721/1000 | naked $325 | funded 7/20 | verified 100.0% (22v/0u)
13:14:04 INFO sweep | 2/20 scoring | est $11.37/day | offers $259 | committed $721/1000 | naked $325 | funded 7/20 | verified 100.0% (22v/0u)
13:14:27 INFO sweep | 2/20 scoring | est $11.08/day | offers $259 | committed $721/1000 | naked $325 | funded 7/20 | verified 100.0% (22v/0u)
13:14:49 INFO sweep | 2/20 scoring | est $11.11/day | offers $259 | committed $721/1000 | naked $325 | funded 7/20 | verified 100.0% (22v/0u)
13:15:12 INFO sweep | 2/20 scoring | est $10.92/day | offers $259 | committed $721/1000 | naked $325 | funded 7/20 | verified 100.0% (22v/0u)
13:15:35 INFO sweep | 2/20 scoring | est $10.74/day | offers $259 | committed $721/1000 | naked $325 | funded 7/20 | verified 100.0% (22v/0u)
13:15:58 INFO sweep | 2/20 scoring | est $10.82/day | offers $259 | committed $721/1000 | naked $325 | funded 7/20 | verified 100.0% (22v/0u)
13:16:21 INFO sweep | 2/20 scoring | est $11.56/day | offers $259 | committed $721/1000 | naked $325 | funded 7/20 | verified 100.0% (22v/0u)
13:16:43 INFO sweep | 2/20 scoring | est $10.53/day | offers $259 | committed $721/1000 | naked $325 | funded 7/20 | verified 100.0% (22v/0u)
13:17:06 INFO sweep | 2/20 scoring | est $10.71/day | offers $259 | committed $721/1000 | naked $325 | funded 7/20 | verified 100.0% (22v/0u)
13:17:29 INFO sweep | 2/20 scoring | est $11.06/day | offers $259 | committed $721/1000 | naked $325 | funded 7/20 | verified 100.0% (22v/0u)
13:17:51 INFO sweep | 2/20 scoring | est $11.02/day | offers $259 | committed $721/1000 | naked $325 | funded 7/20 | verified 100.0% (22v/0u)
13:18:16 INFO sweep | 2/20 scoring | est $11.59/day | offers $259 | committed $721/1000 | naked $325 | funded 7/20 | verified 100.0% (22v/0u)
13:18:39 INFO sweep | 2/20 scoring | est $10.13/day | offers $259 | committed $721/1000 | naked $325 | funded 7/20 | verified 100.0% (22v/0u)
13:19:01 INFO sweep | 2/20 scoring | est $10.67/day | offers $259 | committed $721/1000 | naked $325 | funded 7/20 | verified 100.0% (22v/0u)
13:19:24 INFO sweep | 2/20 scoring | est $10.60/day | offers $259 | committed $721/1000 | naked $325 | funded 7/20 | verified 100.0% (22v/0u)
13:19:49 INFO sweep | 2/20 scoring | est $10.34/day | offers $259 | committed $721/1000 | naked $325 | funded 7/20 | verified 100.0% (22v/0u)
13:20:12 INFO sweep | 2/20 scoring | est $10.15/day | offers $259 | committed $721/1000 | naked $325 | funded 7/20 | verified 100.0% (22v/0u)
13:20:35 INFO sweep | 2/20 scoring | est $9.92/day | offers $259 | committed $721/1000 | naked $325 | funded 7/20 | verified 100.0% (22v/0u)
13:20:58 INFO sweep | 2/20 scoring | est $15.59/day | offers $259 | committed $721/1000 | naked $325 | funded 7/20 | verified 100.0% (22v/0u)
13:21:20 INFO sweep | 2/20 scoring | est $16.21/day | offers $259 | committed $721/1000 | naked $325 | funded 7/20 | verified 100.0% (22v/0u)
13:21:43 INFO sweep | 2/20 scoring | est $16.78/day | offers $259 | committed $721/1000 | naked $325 | funded 7/20 | verified 100.0% (22v/0u)
13:22:06 INFO sweep | 2/20 scoring | est $12.56/day | offers $259 | committed $721/1000 | naked $325 | funded 7/20 | verified 100.0% (22v/0u)
13:22:29 INFO sweep | 2/20 scoring | est $14.99/day | offers $259 | committed $721/1000 | naked $325 | funded 7/20 | verified 100.0% (22v/0u)
13:22:52 INFO sweep | 2/20 scoring | est $12.19/day | offers $259 | committed $721/1000 | naked $325 | funded 7/20 | verified 100.0% (22v/0u)
13:23:15 INFO sweep | 2/20 scoring | est $12.37/day | offers $259 | committed $721/1000 | naked $325 | funded 7/20 | verified 100.0% (22v/0u)
13:23:37 INFO sweep | 2/20 scoring | est $12.23/day | offers $259 | committed $721/1000 | naked $325 | funded 7/20 | verified 100.0% (22v/0u)
13:24:00 INFO sweep | 2/20 scoring | est $12.24/day | offers $259 | committed $721/1000 | naked $325 | funded 7/20 | verified 100.0% (22v/0u)
13:24:23 INFO sweep | 2/20 scoring | est $13.03/day | offers $259 | committed $721/1000 | naked $325 | funded 7/20 | verified 100.0% (22v/0u)
13:24:45 INFO sweep | 2/20 scoring | est $13.31/day | offers $259 | committed $721/1000 | naked $325 | funded 7/20 | verified 100.0% (22v/0u)
13:25:08 INFO sweep | 2/20 scoring | est $13.33/day | offers $259 | committed $721/1000 | naked $325 | funded 7/20 | verified 100.0% (22v/0u)
13:25:31 INFO sweep | 2/20 scoring | est $15.71/day | offers $259 | committed $721/1000 | naked $325 | funded 7/20 | verified 100.0% (22v/0u)
13:25:54 INFO sweep | 2/20 scoring | est $16.38/day | offers $259 | committed $721/1000 | naked $325 | funded 7/20 | verified 100.0% (22v/0u)
13:26:17 INFO sweep | 2/20 scoring | est $12.38/day | offers $259 | committed $721/1000 | naked $325 | funded 7/20 | verified 100.0% (22v/0u)
13:26:40 INFO sweep | 2/20 scoring | est $12.39/day | offers $259 | committed $721/1000 | naked $325 | funded 7/20 | verified 100.0% (22v/0u)
13:27:02 INFO sweep | 2/20 scoring | est $10.96/day | offers $259 | committed $721/1000 | naked $325 | funded 7/20 | verified 100.0% (22v/0u)
13:27:25 INFO sweep | 2/20 scoring | est $10.91/day | offers $259 | committed $721/1000 | naked $325 | funded 7/20 | verified 100.0% (22v/0u)
13:27:48 INFO sweep | 2/20 scoring | est $12.30/day | offers $259 | committed $721/1000 | naked $325 | funded 7/20 | verified 100.0% (22v/0u)
13:28:11 INFO sweep | 2/20 scoring | est $12.32/day | offers $259 | committed $721/1000 | naked $325 | funded 7/20 | verified 100.0% (22v/0u)
13:28:37 INFO sweep | 2/20 scoring | est $12.20/day | offers $259 | committed $721/1000 | naked $325 | funded 7/20 | verified 100.0% (22v/0u)
13:29:01 INFO sweep | 2/20 scoring | est $12.27/day | offers $259 | committed $721/1000 | naked $325 | funded 7/20 | verified 100.0% (22v/0u)
13:29:24 INFO sweep | 2/20 scoring | est $18.19/day | offers $259 | committed $721/1000 | naked $325 | funded 7/20 | verified 100.0% (22v/0u)
13:29:46 INFO sweep | 2/20 scoring | est $18.22/day | offers $259 | committed $721/1000 | naked $325 | funded 7/20 | verified 100.0% (22v/0u)
13:30:09 INFO sweep | 2/20 scoring | est $12.94/day | offers $259 | committed $721/1000 | naked $325 | funded 7/20 | verified 100.0% (22v/0u)
13:30:31 INFO sweep | 2/20 scoring | est $13.35/day | offers $259 | committed $721/1000 | naked $325 | funded 7/20 | verified 100.0% (22v/0u)
13:30:54 INFO sweep | 2/20 scoring | est $18.50/day | offers $259 | committed $721/1000 | naked $325 | funded 7/20 | verified 100.0% (22v/0u)
13:31:17 INFO sweep | 2/20 scoring | est $17.88/day | offers $259 | committed $721/1000 | naked $325 | funded 7/20 | verified 100.0% (22v/0u)
13:31:39 INFO sweep | 2/20 scoring | est $17.22/day | offers $259 | committed $721/1000 | naked $325 | funded 7/20 | verified 100.0% (22v/0u)
13:32:02 INFO sweep | 2/20 scoring | est $17.92/day | offers $259 | committed $721/1000 | naked $325 | funded 7/20 | verified 100.0% (22v/0u)
13:32:25 INFO sweep | 2/20 scoring | est $17.45/day | offers $259 | committed $721/1000 | naked $325 | funded 7/20 | verified 100.0% (22v/0u)
13:32:48 INFO sweep | 2/20 scoring | est $17.44/day | offers $259 | committed $721/1000 | naked $325 | funded 7/20 | verified 100.0% (22v/0u)
13:33:12 INFO sweep | 2/20 scoring | est $18.12/day | offers $259 | committed $721/1000 | naked $325 | funded 7/20 | verified 100.0% (22v/0u)
13:33:41 INFO sweep | 2/20 scoring | est $17.57/day | offers $259 | committed $721/1000 | naked $325 | funded 7/20 | verified 100.0% (22v/0u)
13:34:03 INFO sweep | 2/20 scoring | est $17.47/day | offers $259 | committed $721/1000 | naked $325 | funded 7/20 | verified 100.0% (22v/0u)
13:34:26 INFO sweep | 2/20 scoring | est $17.47/day | offers $259 | committed $721/1000 | naked $325 | funded 7/20 | verified 100.0% (22v/0u)
13:34:50 INFO sweep | 2/20 scoring | est $17.30/day | offers $259 | committed $721/1000 | naked $325 | funded 7/20 | verified 100.0% (22v/0u)
13:35:12 INFO sweep | 2/20 scoring | est $17.19/day | offers $259 | committed $721/1000 | naked $325 | funded 7/20 | verified 100.0% (22v/0u)
13:35:35 INFO sweep | 2/20 scoring | est $11.22/day | offers $259 | committed $721/1000 | naked $325 | funded 7/20 | verified 100.0% (22v/0u)
13:35:58 INFO sweep | 2/20 scoring | est $17.36/day | offers $259 | committed $721/1000 | naked $325 | funded 7/20 | verified 100.0% (22v/0u)
13:36:21 INFO sweep | 2/20 scoring | est $11.18/day | offers $259 | committed $721/1000 | naked $325 | funded 7/20 | verified 100.0% (22v/0u)
13:36:44 INFO sweep | 2/20 scoring | est $11.26/day | offers $259 | committed $721/1000 | naked $325 | funded 7/20 | verified 100.0% (22v/0u)
13:37:07 INFO sweep | 2/20 scoring | est $17.38/day | offers $259 | committed $721/1000 | naked $325 | funded 7/20 | verified 100.0% (22v/0u)
13:37:29 INFO sweep | 2/20 scoring | est $17.22/day | offers $259 | committed $721/1000 | naked $325 | funded 7/20 | verified 100.0% (22v/0u)
13:37:53 INFO sweep | 2/20 scoring | est $11.11/day | offers $259 | committed $721/1000 | naked $325 | funded 7/20 | verified 100.0% (22v/0u)
13:38:16 INFO sweep | 2/20 scoring | est $10.63/day | offers $259 | committed $721/1000 | naked $325 | funded 7/20 | verified 100.0% (22v/0u)
13:38:38 INFO sweep | 2/20 scoring | est $10.64/day | offers $259 | committed $721/1000 | naked $325 | funded 7/20 | verified 100.0% (22v/0u)
13:39:01 INFO sweep | 2/20 scoring | est $10.52/day | offers $259 | committed $721/1000 | naked $325 | funded 7/20 | verified 100.0% (22v/0u)
13:39:24 INFO sweep | 2/20 scoring | est $10.69/day | offers $259 | committed $721/1000 | naked $325 | funded 7/20 | verified 100.0% (22v/0u)
13:39:47 INFO sweep | 2/20 scoring | est $10.01/day | offers $259 | committed $721/1000 | naked $325 | funded 7/20 | verified 100.0% (22v/0u)
13:40:10 INFO sweep | 2/20 scoring | est $10.18/day | offers $259 | committed $721/1000 | naked $325 | funded 7/20 | verified 100.0% (22v/0u)
13:40:34 INFO sweep | 2/20 scoring | est $10.18/day | offers $259 | committed $721/1000 | naked $325 | funded 7/20 | verified 100.0% (22v/0u)
13:40:56 INFO sweep | 2/20 scoring | est $15.08/day | offers $259 | committed $721/1000 | naked $325 | funded 7/20 | verified 100.0% (22v/0u)
13:41:19 INFO sweep | 2/20 scoring | est $15.16/day | offers $259 | committed $721/1000 | naked $325 | funded 7/20 | verified 100.0% (22v/0u)
13:41:43 INFO sweep | 2/20 scoring | est $15.40/day | offers $259 | committed $721/1000 | naked $325 | funded 7/20 | verified 100.0% (22v/0u)
13:42:05 INFO sweep | 2/20 scoring | est $17.08/day | offers $259 | committed $721/1000 | naked $325 | funded 7/20 | verified 100.0% (22v/0u)
13:42:28 INFO sweep | 2/20 scoring | est $11.06/day | offers $259 | committed $721/1000 | naked $325 | funded 7/20 | verified 100.0% (22v/0u)
13:42:51 INFO sweep | 2/20 scoring | est $15.78/day | offers $259 | committed $721/1000 | naked $325 | funded 7/20 | verified 100.0% (22v/0u)
13:43:14 INFO sweep | 2/20 scoring | est $17.21/day | offers $259 | committed $721/1000 | naked $325 | funded 7/20 | verified 100.0% (22v/0u)
13:43:37 INFO sweep | 2/20 scoring | est $14.90/day | offers $259 | committed $721/1000 | naked $325 | funded 7/20 | verified 100.0% (22v/0u)
13:44:00 INFO sweep | 2/20 scoring | est $15.82/day | offers $259 | committed $721/1000 | naked $325 | funded 7/20 | verified 100.0% (22v/0u)
13:44:23 INFO sweep | 2/20 scoring | est $14.76/day | offers $259 | committed $721/1000 | naked $325 | funded 7/20 | verified 100.0% (22v/0u)
13:44:46 INFO sweep | 2/20 scoring | est $9.54/day | offers $259 | committed $721/1000 | naked $325 | funded 7/20 | verified 100.0% (22v/0u)
13:45:09 INFO sweep | 2/20 scoring | est $14.77/day | offers $259 | committed $721/1000 | naked $325 | funded 7/20 | verified 100.0% (22v/0u)
13:45:31 INFO sweep | 2/20 scoring | est $18.53/day | offers $259 | committed $721/1000 | naked $325 | funded 7/20 | verified 100.0% (22v/0u)
13:45:54 INFO sweep | 2/20 scoring | est $17.97/day | offers $259 | committed $721/1000 | naked $325 | funded 7/20 | verified 100.0% (22v/0u)
13:46:18 INFO sweep | 2/20 scoring | est $18.54/day | offers $259 | committed $721/1000 | naked $325 | funded 7/20 | verified 100.0% (22v/0u)
13:46:40 INFO sweep | 2/20 scoring | est $18.05/day | offers $259 | committed $721/1000 | naked $325 | funded 7/20 | verified 100.0% (22v/0u)
13:47:07 INFO sweep | 2/20 scoring | est $22.45/day | offers $259 | committed $721/1000 | naked $325 | funded 7/20 | verified 100.0% (22v/0u)
13:47:30 INFO sweep | 2/20 scoring | est $22.63/day | offers $259 | committed $721/1000 | naked $325 | funded 7/20 | verified 100.0% (22v/0u)
13:47:53 INFO sweep | 2/20 scoring | est $20.69/day | offers $259 | committed $721/1000 | naked $325 | funded 7/20 | verified 100.0% (22v/0u)
13:48:18 INFO sweep | 2/20 scoring | est $18.98/day | offers $259 | committed $721/1000 | naked $325 | funded 7/20 | verified 100.0% (22v/0u)
13:48:18 WARNING fleet_state write failed: PermissionError: [WinError 5] Access is denied: 'C:\\Users\\Tiger\\Agents\\Projects\\AI Trading\\maker\\run\\fleet_state.tmp' -> 'C:\\Users\\Tiger\\Agents\\Projects\\AI Trading\\maker\\run\\fleet_state.json'
13:48:41 INFO sweep | 2/20 scoring | est $18.70/day | offers $259 | committed $721/1000 | naked $325 | funded 7/20 | verified 100.0% (22v/0u)
13:49:03 INFO sweep | 2/20 scoring | est $18.10/day | offers $259 | committed $721/1000 | naked $325 | funded 7/20 | verified 100.0% (22v/0u)
13:49:26 INFO sweep | 2/20 scoring | est $19.90/day | offers $259 | committed $721/1000 | naked $325 | funded 7/20 | verified 100.0% (22v/0u)
13:49:49 INFO sweep | 2/20 scoring | est $19.69/day | offers $259 | committed $721/1000 | naked $325 | funded 7/20 | verified 100.0% (22v/0u)
13:50:12 INFO sweep | 2/20 scoring | est $18.61/day | offers $259 | committed $721/1000 | naked $325 | funded 7/20 | verified 100.0% (22v/0u)
13:50:35 INFO sweep | 2/20 scoring | est $18.20/day | offers $259 | committed $721/1000 | naked $325 | funded 7/20 | verified 100.0% (22v/0u)
13:50:58 INFO sweep | 2/20 scoring | est $17.91/day | offers $259 | committed $721/1000 | naked $325 | funded 7/20 | verified 100.0% (22v/0u)
13:51:21 INFO sweep | 2/20 scoring | est $17.91/day | offers $259 | committed $721/1000 | naked $325 | funded 7/20 | verified 100.0% (22v/0u)
13:51:44 INFO sweep | 2/20 scoring | est $17.84/day | offers $259 | committed $721/1000 | naked $325 | funded 7/20 | verified 100.0% (22v/0u)
13:52:07 INFO sweep | 2/20 scoring | est $17.85/day | offers $259 | committed $721/1000 | naked $325 | funded 7/20 | verified 100.0% (22v/0u)
13:52:30 INFO sweep | 2/20 scoring | est $17.83/day | offers $259 | committed $721/1000 | naked $325 | funded 7/20 | verified 100.0% (22v/0u)
13:52:53 INFO sweep | 2/20 scoring | est $18.54/day | offers $259 | committed $721/1000 | naked $325 | funded 7/20 | verified 100.0% (22v/0u)
13:53:16 INFO sweep | 2/20 scoring | est $18.34/day | offers $259 | committed $721/1000 | naked $325 | funded 7/20 | verified 100.0% (22v/0u)
13:53:39 INFO sweep | 2/20 scoring | est $17.65/day | offers $259 | committed $721/1000 | naked $325 | funded 7/20 | verified 100.0% (22v/0u)
13:54:02 INFO sweep | 2/20 scoring | est $17.12/day | offers $259 | committed $721/1000 | naked $325 | funded 7/20 | verified 100.0% (22v/0u)
13:54:25 INFO sweep | 2/20 scoring | est $17.37/day | offers $259 | committed $721/1000 | naked $325 | funded 7/20 | verified 100.0% (22v/0u)
13:54:48 INFO sweep | 2/20 scoring | est $14.91/day | offers $259 | committed $721/1000 | naked $325 | funded 7/20 | verified 100.0% (22v/0u)
13:55:11 INFO sweep | 2/20 scoring | est $17.23/day | offers $259 | committed $721/1000 | naked $325 | funded 7/20 | verified 100.0% (22v/0u)
13:55:34 INFO sweep | 2/20 scoring | est $17.54/day | offers $259 | committed $721/1000 | naked $325 | funded 7/20 | verified 100.0% (22v/0u)
13:55:57 INFO sweep | 2/20 scoring | est $17.22/day | offers $259 | committed $721/1000 | naked $325 | funded 7/20 | verified 100.0% (22v/0u)
13:56:20 INFO sweep | 2/20 scoring | est $19.19/day | offers $259 | committed $721/1000 | naked $325 | funded 7/20 | verified 100.0% (22v/0u)
13:56:43 INFO sweep | 2/20 scoring | est $22.67/day | offers $259 | committed $721/1000 | naked $325 | funded 7/20 | verified 100.0% (22v/0u)
13:57:06 INFO sweep | 2/20 scoring | est $19.03/day | offers $259 | committed $721/1000 | naked $325 | funded 7/20 | verified 100.0% (22v/0u)
13:57:30 INFO sweep | 2/20 scoring | est $17.24/day | offers $259 | committed $721/1000 | naked $325 | funded 7/20 | verified 100.0% (22v/0u)
13:57:53 INFO sweep | 2/20 scoring | est $21.09/day | offers $259 | committed $721/1000 | naked $325 | funded 7/20 | verified 100.0% (22v/0u)
13:58:16 INFO sweep | 2/20 scoring | est $20.75/day | offers $259 | committed $721/1000 | naked $325 | funded 7/20 | verified 100.0% (22v/0u)
13:58:39 INFO sweep | 2/20 scoring | est $20.73/day | offers $259 | committed $721/1000 | naked $325 | funded 7/20 | verified 100.0% (22v/0u)
13:59:02 INFO sweep | 2/20 scoring | est $20.09/day | offers $259 | committed $721/1000 | naked $325 | funded 7/20 | verified 100.0% (22v/0u)
13:59:25 INFO sweep | 2/20 scoring | est $19.16/day | offers $259 | committed $721/1000 | naked $325 | funded 7/20 | verified 100.0% (22v/0u)
13:59:48 INFO sweep | 2/20 scoring | est $19.11/day | offers $259 | committed $721/1000 | naked $325 | funded 7/20 | verified 100.0% (22v/0u)
14:00:11 INFO sweep | 2/20 scoring | est $17.08/day | offers $259 | committed $721/1000 | naked $325 | funded 7/20 | verified 100.0% (22v/0u)
14:00:34 INFO sweep | 2/20 scoring | est $19.14/day | offers $259 | committed $721/1000 | naked $325 | funded 7/20 | verified 100.0% (22v/0u)
14:00:57 INFO sweep | 2/20 scoring | est $15.27/day | offers $259 | committed $721/1000 | naked $325 | funded 7/20 | verified 100.0% (22v/0u)
14:01:20 INFO sweep | 2/20 scoring | est $14.66/day | offers $259 | committed $721/1000 | naked $325 | funded 7/20 | verified 100.0% (22v/0u)
14:01:42 INFO sweep | 2/20 scoring | est $13.37/day | offers $259 | committed $721/1000 | naked $325 | funded 7/20 | verified 100.0% (22v/0u)
14:02:05 INFO sweep | 2/20 scoring | est $12.67/day | offers $259 | committed $721/1000 | naked $325 | funded 7/20 | verified 100.0% (22v/0u)
14:02:28 INFO sweep | 2/20 scoring | est $10.75/day | offers $259 | committed $721/1000 | naked $325 | funded 7/20 | verified 100.0% (22v/0u)
14:02:50 INFO sweep | 2/20 scoring | est $10.35/day | offers $259 | committed $721/1000 | naked $325 | funded 7/20 | verified 100.0% (22v/0u)
14:03:15 INFO sweep | 2/20 scoring | est $10.02/day | offers $259 | committed $721/1000 | naked $325 | funded 7/20 | verified 100.0% (22v/0u)
14:03:38 INFO sweep | 2/20 scoring | est $11.17/day | offers $259 | committed $721/1000 | naked $325 | funded 7/20 | verified 100.0% (22v/0u)
14:04:00 INFO sweep | 2/20 scoring | est $12.04/day | offers $259 | committed $721/1000 | naked $325 | funded 7/20 | verified 100.0% (22v/0u)
14:04:23 INFO sweep | 2/20 scoring | est $14.72/day | offers $259 | committed $721/1000 | naked $325 | funded 7/20 | verified 100.0% (22v/0u)
14:04:46 INFO sweep | 2/20 scoring | est $16.08/day | offers $259 | committed $721/1000 | naked $325 | funded 7/20 | verified 100.0% (22v/0u)
14:05:08 INFO sweep | 2/20 scoring | est $16.06/day | offers $259 | committed $721/1000 | naked $325 | funded 7/20 | verified 100.0% (22v/0u)
14:05:31 INFO sweep | 2/20 scoring | est $15.06/day | offers $259 | committed $721/1000 | naked $325 | funded 7/20 | verified 100.0% (22v/0u)
14:05:54 INFO sweep | 2/20 scoring | est $15.67/day | offers $259 | committed $721/1000 | naked $325 | funded 7/20 | verified 100.0% (22v/0u)
14:06:17 INFO sweep | 2/20 scoring | est $16.55/day | offers $259 | committed $721/1000 | naked $325 | funded 7/20 | verified 100.0% (22v/0u)
14:06:39 INFO sweep | 2/20 scoring | est $15.97/day | offers $259 | committed $721/1000 | naked $325 | funded 7/20 | verified 100.0% (22v/0u)
14:07:02 INFO sweep | 2/20 scoring | est $15.99/day | offers $259 | committed $721/1000 | naked $325 | funded 8/20 | verified 100.0% (22v/0u)
14:07:25 INFO sweep | 3/20 scoring | est $18.16/day | offers $269 | committed $731/1000 | naked $325 | funded 8/20 | verified 100.0% (22v/0u)
14:07:48 INFO sweep | 3/20 scoring | est $18.00/day | offers $288 | committed $750/1000 | naked $325 | funded 8/20 | verified 100.0% (22v/0u)
14:08:11 INFO sweep | 3/20 scoring | est $23.18/day | offers $331 | committed $793/1000 | naked $325 | funded 8/20 | verified 100.0% (22v/0u)
14:08:33 INFO sweep | 3/20 scoring | est $26.99/day | offers $384 | committed $846/1000 | naked $325 | funded 8/20 | verified 100.0% (22v/0u)
14:08:56 INFO sweep | 3/20 scoring | est $27.54/day | offers $389 | committed $851/1000 | naked $325 | funded 8/20 | verified 100.0% (22v/0u)
14:09:19 INFO sweep | 3/20 scoring | est $28.06/day | offers $389 | committed $851/1000 | naked $325 | funded 8/20 | verified 100.0% (22v/0u)
14:09:42 INFO sweep | 3/20 scoring | est $26.47/day | offers $389 | committed $851/1000 | naked $325 | funded 8/20 | verified 100.0% (22v/0u)
14:10:05 INFO sweep | 3/20 scoring | est $27.62/day | offers $389 | committed $851/1000 | naked $325 | funded 8/20 | verified 100.0% (22v/0u)
14:10:28 INFO sweep | 3/20 scoring | est $31.62/day | offers $389 | committed $851/1000 | naked $325 | funded 8/20 | verified 100.0% (22v/0u)
14:10:51 INFO sweep | 3/20 scoring | est $29.09/day | offers $389 | committed $851/1000 | naked $325 | funded 8/20 | verified 100.0% (22v/0u)
14:11:14 INFO sweep | 3/20 scoring | est $26.65/day | offers $389 | committed $851/1000 | naked $325 | funded 8/20 | verified 100.0% (22v/0u)
14:11:37 INFO sweep | 3/20 scoring | est $24.74/day | offers $389 | committed $851/1000 | naked $325 | funded 8/20 | verified 100.0% (22v/0u)
14:11:59 INFO sweep | 3/20 scoring | est $21.79/day | offers $389 | committed $851/1000 | naked $325 | funded 8/20 | verified 100.0% (22v/0u)
14:12:22 INFO sweep | 3/20 scoring | est $21.91/day | offers $389 | committed $851/1000 | naked $325 | funded 8/20 | verified 100.0% (22v/0u)
14:12:45 INFO sweep | 3/20 scoring | est $25.28/day | offers $389 | committed $851/1000 | naked $325 | funded 8/20 | verified 100.0% (22v/0u)
14:13:08 INFO sweep | 3/20 scoring | est $22.95/day | offers $389 | committed $851/1000 | naked $325 | funded 8/20 | verified 100.0% (22v/0u)
14:13:31 INFO sweep | 3/20 scoring | est $22.95/day | offers $389 | committed $851/1000 | naked $325 | funded 8/20 | verified 100.0% (22v/0u)
14:13:54 INFO sweep | 3/20 scoring | est $23.33/day | offers $389 | committed $851/1000 | naked $325 | funded 8/20 | verified 100.0% (22v/0u)
14:14:16 INFO sweep | 3/20 scoring | est $22.36/day | offers $389 | committed $851/1000 | naked $325 | funded 8/20 | verified 100.0% (22v/0u)
14:14:39 INFO sweep | 3/20 scoring | est $23.30/day | offers $389 | committed $851/1000 | naked $325 | funded 8/20 | verified 100.0% (22v/0u)
14:15:02 INFO sweep | 3/20 scoring | est $23.71/day | offers $389 | committed $851/1000 | naked $325 | funded 8/20 | verified 100.0% (22v/0u)
14:15:25 INFO sweep | 3/20 scoring | est $23.16/day | offers $389 | committed $851/1000 | naked $325 | funded 8/20 | verified 100.0% (22v/0u)
14:15:48 INFO sweep | 3/20 scoring | est $20.56/day | offers $389 | committed $851/1000 | naked $325 | funded 8/20 | verified 100.0% (22v/0u)
14:16:11 INFO sweep | 3/20 scoring | est $20.58/day | offers $389 | committed $851/1000 | naked $325 | funded 8/20 | verified 100.0% (22v/0u)
14:16:34 INFO sweep | 3/20 scoring | est $17.08/day | offers $389 | committed $851/1000 | naked $325 | funded 8/20 | verified 100.0% (22v/0u)
14:16:57 INFO sweep | 3/20 scoring | est $17.51/day | offers $389 | committed $851/1000 | naked $325 | funded 8/20 | verified 100.0% (22v/0u)
14:17:20 INFO sweep | 3/20 scoring | est $31.52/day | offers $389 | committed $851/1000 | naked $325 | funded 8/20 | verified 100.0% (22v/0u)
14:17:42 INFO sweep | 3/20 scoring | est $32.64/day | offers $389 | committed $851/1000 | naked $325 | funded 8/20 | verified 100.0% (22v/0u)
14:18:06 INFO sweep | 3/20 scoring | est $30.47/day | offers $389 | committed $851/1000 | naked $325 | funded 8/20 | verified 100.0% (22v/0u)
14:18:29 INFO sweep | 3/20 scoring | est $25.95/day | offers $389 | committed $851/1000 | naked $325 | funded 8/20 | verified 100.0% (22v/0u)
14:18:52 INFO sweep | 3/20 scoring | est $26.76/day | offers $389 | committed $851/1000 | naked $325 | funded 8/20 | verified 100.0% (22v/0u)
14:19:15 INFO sweep | 3/20 scoring | est $26.76/day | offers $389 | committed $851/1000 | naked $325 | funded 8/20 | verified 100.0% (22v/0u)
14:19:38 INFO sweep | 3/20 scoring | est $29.06/day | offers $389 | committed $851/1000 | naked $325 | funded 8/20 | verified 100.0% (22v/0u)
14:20:02 INFO sweep | 3/20 scoring | est $28.09/day | offers $389 | committed $851/1000 | naked $325 | funded 8/20 | verified 100.0% (22v/0u)
14:20:25 INFO sweep | 3/20 scoring | est $27.00/day | offers $389 | committed $851/1000 | naked $325 | funded 8/20 | verified 100.0% (22v/0u)
14:20:48 INFO sweep | 3/20 scoring | est $24.09/day | offers $389 | committed $851/1000 | naked $325 | funded 8/20 | verified 100.0% (22v/0u)
14:21:11 INFO sweep | 3/20 scoring | est $24.79/day | offers $389 | committed $851/1000 | naked $325 | funded 8/20 | verified 100.0% (22v/0u)
14:21:34 INFO sweep | 3/20 scoring | est $21.17/day | offers $389 | committed $851/1000 | naked $325 | funded 8/20 | verified 100.0% (22v/0u)
14:21:58 INFO sweep | 3/20 scoring | est $21.27/day | offers $387 | committed $849/1000 | naked $325 | funded 8/20 | verified 100.0% (22v/0u)
14:22:20 INFO sweep | 3/20 scoring | est $22.40/day | offers $389 | committed $851/1000 | naked $325 | funded 8/20 | verified 100.0% (22v/0u)
14:22:44 INFO sweep | 3/20 scoring | est $17.69/day | offers $389 | committed $851/1000 | naked $325 | funded 8/20 | verified 100.0% (22v/0u)
14:23:07 INFO sweep | 3/20 scoring | est $17.19/day | offers $389 | committed $851/1000 | naked $325 | funded 8/20 | verified 100.0% (22v/0u)
14:23:30 INFO sweep | 3/20 scoring | est $17.62/day | offers $389 | committed $851/1000 | naked $325 | funded 8/20 | verified 100.0% (22v/0u)
14:23:53 INFO sweep | 3/20 scoring | est $19.43/day | offers $389 | committed $851/1000 | naked $325 | funded 8/20 | verified 100.0% (22v/0u)
14:24:16 INFO sweep | 3/20 scoring | est $18.39/day | offers $389 | committed $851/1000 | naked $325 | funded 8/20 | verified 100.0% (22v/0u)
14:24:39 INFO sweep | 3/20 scoring | est $17.73/day | offers $389 | committed $851/1000 | naked $325 | funded 8/20 | verified 100.0% (22v/0u)
14:25:04 INFO sweep | 3/20 scoring | est $17.67/day | offers $389 | committed $851/1000 | naked $325 | funded 8/20 | verified 100.0% (22v/0u)
14:25:27 INFO sweep | 3/20 scoring | est $18.17/day | offers $389 | committed $851/1000 | naked $325 | funded 8/20 | verified 100.0% (22v/0u)
14:25:50 INFO sweep | 3/20 scoring | est $18.06/day | offers $389 | committed $851/1000 | naked $325 | funded 8/20 | verified 100.0% (22v/0u)
14:26:13 INFO sweep | 3/20 scoring | est $17.99/day | offers $389 | committed $851/1000 | naked $325 | funded 8/20 | verified 100.0% (22v/0u)
14:26:36 INFO sweep | 3/20 scoring | est $17.44/day | offers $389 | committed $851/1000 | naked $325 | funded 8/20 | verified 100.0% (22v/0u)
14:26:59 INFO sweep | 3/20 scoring | est $18.31/day | offers $389 | committed $851/1000 | naked $325 | funded 8/20 | verified 100.0% (22v/0u)
14:27:22 INFO sweep | 3/20 scoring | est $18.38/day | offers $389 | committed $851/1000 | naked $325 | funded 8/20 | verified 100.0% (22v/0u)
14:27:46 INFO sweep | 3/20 scoring | est $17.65/day | offers $389 | committed $851/1000 | naked $325 | funded 8/20 | verified 100.0% (22v/0u)
14:28:08 INFO sweep | 3/20 scoring | est $18.73/day | offers $389 | committed $851/1000 | naked $325 | funded 8/20 | verified 100.0% (22v/0u)
14:28:32 INFO sweep | 3/20 scoring | est $17.88/day | offers $389 | committed $851/1000 | naked $325 | funded 8/20 | verified 100.0% (22v/0u)
14:28:55 INFO sweep | 3/20 scoring | est $19.51/day | offers $389 | committed $851/1000 | naked $325 | funded 8/20 | verified 100.0% (22v/0u)
14:29:18 INFO sweep | 3/20 scoring | est $17.86/day | offers $389 | committed $851/1000 | naked $325 | funded 8/20 | verified 100.0% (22v/0u)
14:29:41 INFO sweep | 3/20 scoring | est $17.71/day | offers $389 | committed $851/1000 | naked $325 | funded 8/20 | verified 100.0% (22v/0u)
14:30:04 INFO sweep | 3/20 scoring | est $18.03/day | offers $389 | committed $851/1000 | naked $325 | funded 8/20 | verified 100.0% (22v/0u)
14:30:27 INFO sweep | 3/20 scoring | est $18.55/day | offers $389 | committed $851/1000 | naked $325 | funded 8/20 | verified 100.0% (22v/0u)
14:30:50 INFO sweep | 3/20 scoring | est $18.66/day | offers $389 | committed $851/1000 | naked $325 | funded 8/20 | verified 100.0% (22v/0u)
14:31:14 INFO sweep | 3/20 scoring | est $18.54/day | offers $389 | committed $851/1000 | naked $325 | funded 8/20 | verified 100.0% (22v/0u)
14:31:37 INFO sweep | 3/20 scoring | est $20.28/day | offers $389 | committed $851/1000 | naked $325 | funded 8/20 | verified 100.0% (22v/0u)
14:32:00 INFO sweep | 3/20 scoring | est $23.47/day | offers $389 | committed $851/1000 | naked $325 | funded 8/20 | verified 100.0% (22v/0u)
14:32:23 INFO sweep | 3/20 scoring | est $21.66/day | offers $389 | committed $851/1000 | naked $325 | funded 8/20 | verified 100.0% (22v/0u)
14:32:46 INFO sweep | 3/20 scoring | est $19.66/day | offers $389 | committed $851/1000 | naked $325 | funded 8/20 | verified 100.0% (22v/0u)
14:33:11 INFO FILL Will the price of Bitcoin be DOWN 41sh @ 0.680
14:33:11 INFO sweep | 3/20 scoring | est $22.13/day | offers $389 | committed $879/1000 | naked $353 | funded 8/20 | verified 100.0% (23v/0u)
14:33:34 INFO sweep | 3/20 scoring | est $19.78/day | offers $389 | committed $879/1000 | naked $353 | funded 8/20 | verified 100.0% (23v/0u)
14:33:57 INFO sweep | 3/20 scoring | est $19.81/day | offers $389 | committed $879/1000 | naked $353 | funded 8/20 | verified 100.0% (23v/0u)
14:34:20 INFO sweep | 3/20 scoring | est $20.80/day | offers $389 | committed $879/1000 | naked $353 | funded 8/20 | verified 100.0% (23v/0u)
14:34:44 INFO sweep | 3/20 scoring | est $21.40/day | offers $389 | committed $879/1000 | naked $353 | funded 8/20 | verified 100.0% (23v/0u)
14:35:06 INFO sweep | 3/20 scoring | est $20.62/day | offers $389 | committed $879/1000 | naked $353 | funded 8/20 | verified 100.0% (23v/0u)
14:35:30 INFO sweep | 3/20 scoring | est $22.45/day | offers $389 | committed $879/1000 | naked $353 | funded 8/20 | verified 100.0% (23v/0u)
14:35:53 INFO sweep | 3/20 scoring | est $23.13/day | offers $389 | committed $879/1000 | naked $353 | funded 8/20 | verified 100.0% (23v/0u)
14:36:16 INFO sweep | 3/20 scoring | est $23.07/day | offers $389 | committed $879/1000 | naked $353 | funded 8/20 | verified 100.0% (23v/0u)
14:36:39 INFO sweep | 3/20 scoring | est $22.73/day | offers $389 | committed $879/1000 | naked $353 | funded 8/20 | verified 100.0% (23v/0u)
14:37:03 INFO sweep | 3/20 scoring | est $22.24/day | offers $389 | committed $879/1000 | naked $353 | funded 8/20 | verified 100.0% (23v/0u)
14:37:25 INFO sweep | 3/20 scoring | est $23.35/day | offers $389 | committed $879/1000 | naked $353 | funded 8/20 | verified 100.0% (23v/0u)
14:37:48 INFO sweep | 3/20 scoring | est $23.78/day | offers $389 | committed $879/1000 | naked $353 | funded 8/20 | verified 100.0% (23v/0u)
14:38:12 INFO FILL Will the price of Bitcoin be DOWN 7sh @ 0.700
14:38:12 INFO sweep | 3/20 scoring | est $20.08/day | offers $384 | committed $879/1000 | naked $358 | funded 8/20 | verified 100.0% (24v/0u)
14:38:35 INFO sweep | 3/20 scoring | est $19.58/day | offers $384 | committed $879/1000 | naked $358 | funded 8/20 | verified 100.0% (24v/0u)
14:38:58 INFO sweep | 3/20 scoring | est $19.49/day | offers $384 | committed $879/1000 | naked $358 | funded 8/20 | verified 100.0% (24v/0u)
14:39:21 INFO sweep | 3/20 scoring | est $19.76/day | offers $384 | committed $879/1000 | naked $358 | funded 8/20 | verified 100.0% (24v/0u)
14:39:44 INFO sweep | 3/20 scoring | est $22.48/day | offers $384 | committed $879/1000 | naked $358 | funded 8/20 | verified 100.0% (24v/0u)
14:40:07 INFO sweep | 3/20 scoring | est $23.09/day | offers $384 | committed $879/1000 | naked $358 | funded 8/20 | verified 100.0% (24v/0u)
14:40:31 INFO sweep | 3/20 scoring | est $21.68/day | offers $389 | committed $884/1000 | naked $358 | funded 8/20 | verified 100.0% (24v/0u)
14:40:53 INFO sweep | 3/20 scoring | est $21.43/day | offers $341 | committed $836/1000 | naked $358 | funded 7/20 | verified 100.0% (24v/0u)
14:41:17 INFO sweep | 2/20 scoring | est $20.88/day | offers $259 | committed $754/1000 | naked $358 | funded 7/20 | verified 100.0% (24v/0u)
14:41:40 INFO sweep | 2/20 scoring | est $20.83/day | offers $259 | committed $754/1000 | naked $358 | funded 7/20 | verified 100.0% (24v/0u)
14:42:03 INFO sweep | 2/20 scoring | est $20.08/day | offers $259 | committed $754/1000 | naked $358 | funded 7/20 | verified 100.0% (24v/0u)
14:42:26 INFO sweep | 2/20 scoring | est $20.95/day | offers $259 | committed $754/1000 | naked $358 | funded 7/20 | verified 100.0% (24v/0u)
14:42:50 INFO sweep | 2/20 scoring | est $20.54/day | offers $259 | committed $754/1000 | naked $358 | funded 7/20 | verified 100.0% (24v/0u)
14:43:12 INFO sweep | 2/20 scoring | est $20.58/day | offers $259 | committed $754/1000 | naked $358 | funded 7/20 | verified 100.0% (24v/0u)
14:43:35 INFO sweep | 2/20 scoring | est $20.62/day | offers $259 | committed $754/1000 | naked $358 | funded 7/20 | verified 100.0% (24v/0u)
14:43:59 INFO sweep | 2/20 scoring | est $19.55/day | offers $259 | committed $754/1000 | naked $358 | funded 8/20 | verified 100.0% (24v/0u)
14:44:21 INFO sweep | 3/20 scoring | est $22.76/day | offers $302 | committed $797/1000 | naked $358 | funded 8/20 | verified 100.0% (24v/0u)
14:44:45 INFO sweep | 3/20 scoring | est $26.84/day | offers $322 | committed $817/1000 | naked $358 | funded 8/20 | verified 100.0% (24v/0u)
14:45:08 INFO sweep | 3/20 scoring | est $25.57/day | offers $350 | committed $845/1000 | naked $358 | funded 8/20 | verified 100.0% (24v/0u)
14:45:32 INFO sweep | 3/20 scoring | est $24.15/day | offers $370 | committed $865/1000 | naked $358 | funded 8/20 | verified 100.0% (24v/0u)
14:45:55 INFO sweep | 3/20 scoring | est $27.29/day | offers $360 | committed $855/1000 | naked $358 | funded 8/20 | verified 100.0% (24v/0u)
14:46:19 INFO sweep | 3/20 scoring | est $26.69/day | offers $384 | committed $879/1000 | naked $358 | funded 8/20 | verified 100.0% (24v/0u)
14:46:41 INFO sweep | 3/20 scoring | est $26.24/day | offers $389 | committed $884/1000 | naked $358 | funded 8/20 | verified 100.0% (24v/0u)
14:47:05 INFO sweep | 3/20 scoring | est $22.99/day | offers $389 | committed $884/1000 | naked $358 | funded 8/20 | verified 100.0% (24v/0u)
14:47:28 INFO sweep | 3/20 scoring | est $26.58/day | offers $389 | committed $884/1000 | naked $358 | funded 8/20 | verified 100.0% (24v/0u)
14:47:51 INFO sweep | 3/20 scoring | est $23.79/day | offers $389 | committed $884/1000 | naked $358 | funded 8/20 | verified 100.0% (24v/0u)
14:48:16 INFO sweep | 3/20 scoring | est $23.52/day | offers $389 | committed $884/1000 | naked $358 | funded 8/20 | verified 100.0% (24v/0u)
14:48:40 INFO sweep | 3/20 scoring | est $23.71/day | offers $389 | committed $884/1000 | naked $358 | funded 8/20 | verified 100.0% (24v/0u)
14:49:02 INFO sweep | 3/20 scoring | est $24.35/day | offers $389 | committed $884/1000 | naked $358 | funded 8/20 | verified 100.0% (24v/0u)
14:49:26 INFO sweep | 3/20 scoring | est $24.49/day | offers $389 | committed $884/1000 | naked $358 | funded 8/20 | verified 100.0% (24v/0u)
14:49:49 INFO sweep | 3/20 scoring | est $31.51/day | offers $389 | committed $884/1000 | naked $358 | funded 8/20 | verified 100.0% (24v/0u)
14:50:12 INFO sweep | 3/20 scoring | est $27.17/day | offers $389 | committed $884/1000 | naked $358 | funded 8/20 | verified 100.0% (24v/0u)
14:50:37 INFO sweep | 3/20 scoring | est $28.16/day | offers $389 | committed $884/1000 | naked $358 | funded 8/20 | verified 100.0% (24v/0u)
14:51:00 INFO sweep | 3/20 scoring | est $25.52/day | offers $389 | committed $884/1000 | naked $358 | funded 8/20 | verified 100.0% (24v/0u)
14:51:23 INFO sweep | 3/20 scoring | est $27.66/day | offers $389 | committed $884/1000 | naked $358 | funded 8/20 | verified 100.0% (24v/0u)
14:51:46 INFO sweep | 3/20 scoring | est $29.92/day | offers $389 | committed $884/1000 | naked $358 | funded 8/20 | verified 100.0% (24v/0u)
14:52:10 INFO sweep | 3/20 scoring | est $24.52/day | offers $389 | committed $884/1000 | naked $358 | funded 8/20 | verified 100.0% (24v/0u)
14:52:33 INFO sweep | 3/20 scoring | est $20.42/day | offers $389 | committed $884/1000 | naked $358 | funded 8/20 | verified 100.0% (24v/0u)
14:52:56 INFO sweep | 3/20 scoring | est $24.00/day | offers $389 | committed $884/1000 | naked $358 | funded 8/20 | verified 100.0% (24v/0u)
14:53:20 INFO FILL Will the price of Bitcoin be UP   75sh @ 0.420
14:53:20 INFO sweep | 3/20 scoring | est $22.36/day | offers $357 | committed $884/1000 | naked $336 | funded 8/20 | verified 100.0% (25v/0u)
14:53:42 INFO sweep | 3/20 scoring | est $19.93/day | offers $357 | committed $884/1000 | naked $336 | funded 8/20 | verified 100.0% (25v/0u)
14:54:06 INFO sweep | 3/20 scoring | est $16.19/day | offers $357 | committed $884/1000 | naked $336 | funded 8/20 | verified 100.0% (25v/0u)
14:54:30 INFO sweep | 3/20 scoring | est $19.71/day | offers $357 | committed $884/1000 | naked $336 | funded 8/20 | verified 100.0% (25v/0u)
14:54:53 INFO sweep | 3/20 scoring | est $19.42/day | offers $357 | committed $884/1000 | naked $336 | funded 8/20 | verified 100.0% (25v/0u)
14:55:16 INFO sweep | 3/20 scoring | est $16.16/day | offers $389 | committed $915/1000 | naked $336 | funded 8/20 | verified 100.0% (25v/0u)
14:55:40 INFO sweep | 3/20 scoring | est $19.82/day | offers $389 | committed $915/1000 | naked $336 | funded 8/20 | verified 100.0% (25v/0u)
14:56:02 INFO sweep | 3/20 scoring | est $29.17/day | offers $392 | committed $918/1000 | naked $336 | funded 8/20 | verified 100.0% (25v/0u)
14:56:26 INFO sweep | 3/20 scoring | est $35.09/day | offers $389 | committed $915/1000 | naked $336 | funded 8/20 | verified 100.0% (25v/0u)
14:56:49 INFO sweep | 3/20 scoring | est $33.76/day | offers $389 | committed $915/1000 | naked $336 | funded 8/20 | verified 100.0% (25v/0u)
14:57:12 INFO sweep | 3/20 scoring | est $32.72/day | offers $389 | committed $915/1000 | naked $336 | funded 8/20 | verified 100.0% (25v/0u)
14:57:36 INFO sweep | 3/20 scoring | est $31.32/day | offers $389 | committed $915/1000 | naked $336 | funded 8/20 | verified 100.0% (25v/0u)
14:57:59 INFO sweep | 3/20 scoring | est $29.01/day | offers $389 | committed $915/1000 | naked $336 | funded 8/20 | verified 100.0% (25v/0u)
14:58:18 INFO FILL Will Elon Musk post 200-219  UP   5sh @ 0.346
14:58:22 INFO sweep | 3/20 scoring | est $26.30/day | offers $387 | committed $915/1000 | naked $338 | funded 8/20 | verified 100.0% (26v/0u)
14:58:47 INFO sweep | 3/20 scoring | est $25.85/day | offers $387 | committed $915/1000 | naked $338 | funded 8/20 | verified 100.0% (26v/0u)
14:59:10 INFO sweep | 3/20 scoring | est $25.92/day | offers $387 | committed $915/1000 | naked $338 | funded 8/20 | verified 100.0% (26v/0u)
14:59:33 INFO sweep | 3/20 scoring | est $25.00/day | offers $387 | committed $915/1000 | naked $338 | funded 8/20 | verified 100.0% (26v/0u)
14:59:57 INFO sweep | 3/20 scoring | est $23.43/day | offers $387 | committed $915/1000 | naked $338 | funded 8/20 | verified 100.0% (26v/0u)
15:00:20 INFO sweep | 3/20 scoring | est $23.88/day | offers $387 | committed $915/1000 | naked $338 | funded 8/20 | verified 100.0% (26v/0u)
15:00:43 INFO sweep | 3/20 scoring | est $24.77/day | offers $387 | committed $915/1000 | naked $338 | funded 8/20 | verified 100.0% (26v/0u)
15:01:07 INFO sweep | 3/20 scoring | est $24.85/day | offers $387 | committed $915/1000 | naked $338 | funded 8/20 | verified 100.0% (26v/0u)
15:01:30 INFO sweep | 3/20 scoring | est $24.12/day | offers $387 | committed $915/1000 | naked $338 | funded 8/20 | verified 100.0% (26v/0u)
15:01:53 INFO sweep | 3/20 scoring | est $26.28/day | offers $387 | committed $915/1000 | naked $338 | funded 8/20 | verified 100.0% (26v/0u)
15:02:17 INFO sweep | 3/20 scoring | est $29.06/day | offers $387 | committed $915/1000 | naked $338 | funded 8/20 | verified 100.0% (26v/0u)
15:02:40 INFO sweep | 3/20 scoring | est $26.61/day | offers $387 | committed $915/1000 | naked $338 | funded 8/20 | verified 100.0% (26v/0u)
15:03:03 INFO sweep | 3/20 scoring | est $26.30/day | offers $387 | committed $915/1000 | naked $338 | funded 8/20 | verified 100.0% (26v/0u)
15:03:29 INFO sweep | 3/20 scoring | est $22.70/day | offers $381 | committed $909/1000 | naked $338 | funded 8/20 | verified 100.0% (26v/0u)
15:03:52 INFO sweep | 3/20 scoring | est $8.68/day | offers $377 | committed $905/1000 | naked $338 | funded 8/20 | verified 100.0% (26v/0u)
15:04:15 INFO sweep | 3/20 scoring | est $8.72/day | offers $377 | committed $905/1000 | naked $338 | funded 8/20 | verified 100.0% (26v/0u)
15:04:39 INFO sweep | 3/20 scoring | est $9.73/day | offers $377 | committed $905/1000 | naked $338 | funded 8/20 | verified 100.0% (26v/0u)
15:05:03 INFO sweep | 3/20 scoring | est $9.68/day | offers $377 | committed $905/1000 | naked $338 | funded 8/20 | verified 100.0% (26v/0u)
15:05:26 INFO sweep | 3/20 scoring | est $9.85/day | offers $377 | committed $905/1000 | naked $338 | funded 8/20 | verified 100.0% (26v/0u)
15:05:49 INFO sweep | 3/20 scoring | est $6.27/day | offers $377 | committed $905/1000 | naked $338 | funded 8/20 | verified 100.0% (26v/0u)
15:06:13 INFO sweep | 3/20 scoring | est $6.20/day | offers $377 | committed $905/1000 | naked $338 | funded 8/20 | verified 100.0% (26v/0u)
15:06:35 INFO sweep | 3/20 scoring | est $6.07/day | offers $377 | committed $905/1000 | naked $338 | funded 8/20 | verified 100.0% (26v/0u)
15:06:59 INFO sweep | 3/20 scoring | est $6.23/day | offers $377 | committed $905/1000 | naked $338 | funded 8/20 | verified 100.0% (26v/0u)
15:07:22 INFO sweep | 3/20 scoring | est $6.56/day | offers $377 | committed $905/1000 | naked $338 | funded 8/20 | verified 100.0% (26v/0u)
15:07:45 INFO sweep | 3/20 scoring | est $6.71/day | offers $377 | committed $905/1000 | naked $338 | funded 8/20 | verified 100.0% (26v/0u)
15:08:09 INFO sweep | 3/20 scoring | est $5.95/day | offers $377 | committed $905/1000 | naked $338 | funded 8/20 | verified 100.0% (26v/0u)
15:08:32 INFO sweep | 3/20 scoring | est $5.95/day | offers $377 | committed $905/1000 | naked $338 | funded 8/20 | verified 100.0% (26v/0u)
15:08:55 INFO sweep | 3/20 scoring | est $5.42/day | offers $377 | committed $905/1000 | naked $338 | funded 8/20 | verified 100.0% (26v/0u)
15:09:18 INFO sweep | 3/20 scoring | est $6.87/day | offers $377 | committed $905/1000 | naked $338 | funded 8/20 | verified 100.0% (26v/0u)
15:09:42 INFO sweep | 3/20 scoring | est $6.83/day | offers $377 | committed $905/1000 | naked $338 | funded 8/20 | verified 100.0% (26v/0u)
15:10:05 INFO sweep | 3/20 scoring | est $6.86/day | offers $377 | committed $905/1000 | naked $338 | funded 8/20 | verified 100.0% (26v/0u)
15:10:28 INFO sweep | 3/20 scoring | est $10.75/day | offers $377 | committed $905/1000 | naked $338 | funded 8/20 | verified 100.0% (26v/0u)
15:10:52 INFO sweep | 3/20 scoring | est $14.13/day | offers $377 | committed $905/1000 | naked $338 | funded 8/20 | verified 100.0% (26v/0u)
15:11:15 INFO sweep | 3/20 scoring | est $7.46/day | offers $377 | committed $905/1000 | naked $338 | funded 8/20 | verified 100.0% (26v/0u)
15:11:38 INFO sweep | 3/20 scoring | est $15.37/day | offers $377 | committed $905/1000 | naked $338 | funded 8/20 | verified 100.0% (26v/0u)
15:12:01 INFO sweep | 3/20 scoring | est $11.74/day | offers $377 | committed $905/1000 | naked $338 | funded 8/20 | verified 100.0% (26v/0u)
15:12:24 INFO sweep | 3/20 scoring | est $14.06/day | offers $377 | committed $905/1000 | naked $338 | funded 8/20 | verified 100.0% (26v/0u)
15:12:48 INFO sweep | 3/20 scoring | est $16.59/day | offers $377 | committed $905/1000 | naked $338 | funded 8/20 | verified 100.0% (26v/0u)
15:13:11 INFO sweep | 3/20 scoring | est $7.07/day | offers $377 | committed $905/1000 | naked $338 | funded 8/20 | verified 100.0% (26v/0u)
15:13:34 INFO sweep | 3/20 scoring | est $7.77/day | offers $377 | committed $905/1000 | naked $338 | funded 8/20 | verified 100.0% (26v/0u)
15:13:58 INFO sweep | 3/20 scoring | est $8.01/day | offers $377 | committed $905/1000 | naked $338 | funded 8/20 | verified 100.0% (26v/0u)
15:14:21 INFO sweep | 3/20 scoring | est $8.33/day | offers $377 | committed $905/1000 | naked $338 | funded 8/20 | verified 100.0% (26v/0u)
15:14:44 INFO sweep | 3/20 scoring | est $9.24/day | offers $377 | committed $905/1000 | naked $338 | funded 8/20 | verified 100.0% (26v/0u)
15:15:07 INFO sweep | 3/20 scoring | est $6.49/day | offers $377 | committed $905/1000 | naked $338 | funded 8/20 | verified 100.0% (26v/0u)
15:15:31 INFO sweep | 3/20 scoring | est $6.46/day | offers $377 | committed $905/1000 | naked $338 | funded 8/20 | verified 100.0% (26v/0u)
15:15:54 INFO sweep | 3/20 scoring | est $8.38/day | offers $377 | committed $905/1000 | naked $338 | funded 8/20 | verified 100.0% (26v/0u)
15:16:17 INFO sweep | 3/20 scoring | est $5.53/day | offers $377 | committed $905/1000 | naked $338 | funded 8/20 | verified 100.0% (26v/0u)
15:16:42 INFO sweep | 3/20 scoring | est $5.62/day | offers $377 | committed $905/1000 | naked $338 | funded 8/20 | verified 100.0% (26v/0u)
15:17:05 INFO sweep | 3/20 scoring | est $5.59/day | offers $377 | committed $905/1000 | naked $338 | funded 8/20 | verified 100.0% (26v/0u)
15:17:28 INFO sweep | 3/20 scoring | est $5.49/day | offers $377 | committed $905/1000 | naked $338 | funded 8/20 | verified 100.0% (26v/0u)
15:17:52 INFO sweep | 3/20 scoring | est $5.40/day | offers $377 | committed $905/1000 | naked $338 | funded 8/20 | verified 100.0% (26v/0u)
15:18:17 INFO sweep | 3/20 scoring | est $6.25/day | offers $377 | committed $905/1000 | naked $338 | funded 8/20 | verified 100.0% (26v/0u)
15:18:41 INFO sweep | 3/20 scoring | est $7.61/day | offers $377 | committed $905/1000 | naked $338 | funded 8/20 | verified 100.0% (26v/0u)
15:19:04 INFO sweep | 3/20 scoring | est $8.66/day | offers $377 | committed $905/1000 | naked $338 | funded 8/20 | verified 100.0% (26v/0u)
15:19:28 INFO sweep | 3/20 scoring | est $9.87/day | offers $377 | committed $905/1000 | naked $338 | funded 8/20 | verified 100.0% (26v/0u)
15:19:51 INFO sweep | 3/20 scoring | est $9.85/day | offers $377 | committed $905/1000 | naked $338 | funded 8/20 | verified 100.0% (26v/0u)
15:20:16 INFO sweep | 3/20 scoring | est $11.18/day | offers $377 | committed $905/1000 | naked $338 | funded 8/20 | verified 100.0% (26v/0u)
15:20:39 INFO sweep | 3/20 scoring | est $12.75/day | offers $377 | committed $905/1000 | naked $338 | funded 8/20 | verified 100.0% (26v/0u)
15:21:03 INFO sweep | 3/20 scoring | est $13.39/day | offers $377 | committed $905/1000 | naked $338 | funded 8/20 | verified 100.0% (26v/0u)
15:21:26 INFO sweep | 3/20 scoring | est $12.15/day | offers $377 | committed $905/1000 | naked $338 | funded 8/20 | verified 100.0% (26v/0u)
15:21:49 INFO sweep | 3/20 scoring | est $10.82/day | offers $377 | committed $905/1000 | naked $338 | funded 8/20 | verified 100.0% (26v/0u)
15:22:13 INFO sweep | 3/20 scoring | est $10.34/day | offers $377 | committed $905/1000 | naked $338 | funded 8/20 | verified 100.0% (26v/0u)
15:22:37 INFO sweep | 3/20 scoring | est $15.56/day | offers $377 | committed $905/1000 | naked $338 | funded 8/20 | verified 100.0% (26v/0u)
15:22:59 INFO sweep | 3/20 scoring | est $17.09/day | offers $377 | committed $905/1000 | naked $338 | funded 8/20 | verified 100.0% (26v/0u)
15:23:23 INFO sweep | 3/20 scoring | est $13.32/day | offers $377 | committed $905/1000 | naked $338 | funded 8/20 | verified 100.0% (26v/0u)
15:23:47 INFO sweep | 3/20 scoring | est $13.83/day | offers $377 | committed $905/1000 | naked $338 | funded 8/20 | verified 100.0% (26v/0u)
15:24:10 INFO sweep | 3/20 scoring | est $13.63/day | offers $377 | committed $905/1000 | naked $338 | funded 8/20 | verified 100.0% (26v/0u)
15:24:34 INFO sweep | 3/20 scoring | est $13.18/day | offers $377 | committed $905/1000 | naked $338 | funded 8/20 | verified 100.0% (26v/0u)
15:24:58 INFO sweep | 3/20 scoring | est $13.50/day | offers $377 | committed $905/1000 | naked $338 | funded 8/20 | verified 100.0% (26v/0u)
15:25:20 INFO sweep | 3/20 scoring | est $12.65/day | offers $377 | committed $905/1000 | naked $338 | funded 8/20 | verified 100.0% (26v/0u)
15:25:44 INFO sweep | 3/20 scoring | est $12.81/day | offers $377 | committed $905/1000 | naked $338 | funded 8/20 | verified 100.0% (26v/0u)
15:26:08 INFO sweep | 3/20 scoring | est $12.50/day | offers $377 | committed $905/1000 | naked $338 | funded 8/20 | verified 100.0% (26v/0u)
15:26:31 INFO sweep | 3/20 scoring | est $13.24/day | offers $377 | committed $905/1000 | naked $338 | funded 8/20 | verified 100.0% (26v/0u)
15:26:55 INFO sweep | 3/20 scoring | est $12.45/day | offers $377 | committed $905/1000 | naked $338 | funded 8/20 | verified 100.0% (26v/0u)
15:27:18 INFO sweep | 3/20 scoring | est $13.24/day | offers $377 | committed $905/1000 | naked $338 | funded 8/20 | verified 100.0% (26v/0u)
15:27:41 INFO sweep | 3/20 scoring | est $11.94/day | offers $377 | committed $905/1000 | naked $338 | funded 8/20 | verified 100.0% (26v/0u)
15:28:05 INFO sweep | 3/20 scoring | est $12.62/day | offers $377 | committed $905/1000 | naked $338 | funded 8/20 | verified 100.0% (26v/0u)
15:28:28 INFO sweep | 3/20 scoring | est $16.73/day | offers $377 | committed $905/1000 | naked $338 | funded 8/20 | verified 100.0% (26v/0u)
15:28:51 INFO sweep | 3/20 scoring | est $17.61/day | offers $377 | committed $905/1000 | naked $338 | funded 8/20 | verified 100.0% (26v/0u)
15:29:15 INFO sweep | 3/20 scoring | est $18.95/day | offers $377 | committed $905/1000 | naked $338 | funded 8/20 | verified 100.0% (26v/0u)
15:29:38 INFO sweep | 3/20 scoring | est $25.64/day | offers $377 | committed $905/1000 | naked $338 | funded 8/20 | verified 100.0% (26v/0u)
15:30:01 INFO sweep | 3/20 scoring | est $24.47/day | offers $377 | committed $905/1000 | naked $338 | funded 8/20 | verified 100.0% (26v/0u)
15:30:25 INFO sweep | 3/20 scoring | est $17.84/day | offers $377 | committed $905/1000 | naked $338 | funded 8/20 | verified 100.0% (26v/0u)
15:30:48 INFO sweep | 3/20 scoring | est $9.74/day | offers $377 | committed $905/1000 | naked $338 | funded 8/20 | verified 100.0% (26v/0u)
15:31:11 INFO sweep | 3/20 scoring | est $9.69/day | offers $377 | committed $905/1000 | naked $338 | funded 8/20 | verified 100.0% (26v/0u)
15:31:35 INFO sweep | 3/20 scoring | est $9.90/day | offers $377 | committed $905/1000 | naked $338 | funded 8/20 | verified 100.0% (26v/0u)
15:31:58 INFO sweep | 3/20 scoring | est $7.79/day | offers $377 | committed $905/1000 | naked $338 | funded 8/20 | verified 100.0% (26v/0u)
15:32:21 INFO sweep | 3/20 scoring | est $7.36/day | offers $377 | committed $905/1000 | naked $338 | funded 8/20 | verified 100.0% (26v/0u)
15:32:45 INFO sweep | 3/20 scoring | est $7.93/day | offers $377 | committed $905/1000 | naked $338 | funded 8/20 | verified 100.0% (26v/0u)
15:33:10 INFO sweep | 3/20 scoring | est $8.13/day | offers $377 | committed $905/1000 | naked $338 | funded 8/20 | verified 100.0% (26v/0u)
15:33:33 INFO sweep | 3/20 scoring | est $10.17/day | offers $377 | committed $905/1000 | naked $338 | funded 8/20 | verified 100.0% (26v/0u)
15:33:57 INFO sweep | 3/20 scoring | est $9.81/day | offers $377 | committed $905/1000 | naked $338 | funded 8/20 | verified 100.0% (26v/0u)
15:34:20 INFO sweep | 3/20 scoring | est $9.54/day | offers $377 | committed $905/1000 | naked $338 | funded 8/20 | verified 100.0% (26v/0u)
15:34:43 INFO sweep | 3/20 scoring | est $9.77/day | offers $377 | committed $905/1000 | naked $338 | funded 8/20 | verified 100.0% (26v/0u)
15:35:07 INFO sweep | 3/20 scoring | est $10.76/day | offers $377 | committed $905/1000 | naked $338 | funded 8/20 | verified 100.0% (26v/0u)
15:35:31 INFO sweep | 3/20 scoring | est $13.39/day | offers $377 | committed $905/1000 | naked $338 | funded 8/20 | verified 100.0% (26v/0u)
15:35:54 INFO sweep | 3/20 scoring | est $13.44/day | offers $377 | committed $905/1000 | naked $338 | funded 8/20 | verified 100.0% (26v/0u)
15:36:17 INFO sweep | 3/20 scoring | est $13.43/day | offers $377 | committed $905/1000 | naked $338 | funded 8/20 | verified 100.0% (26v/0u)
15:36:41 INFO sweep | 3/20 scoring | est $12.77/day | offers $377 | committed $905/1000 | naked $338 | funded 8/20 | verified 100.0% (26v/0u)
15:37:04 INFO sweep | 3/20 scoring | est $11.61/day | offers $377 | committed $905/1000 | naked $338 | funded 8/20 | verified 100.0% (26v/0u)
15:37:27 INFO sweep | 3/20 scoring | est $10.90/day | offers $377 | committed $905/1000 | naked $338 | funded 8/20 | verified 100.0% (26v/0u)
15:37:52 INFO sweep | 3/20 scoring | est $11.50/day | offers $377 | committed $905/1000 | naked $338 | funded 8/20 | verified 100.0% (26v/0u)
15:38:15 INFO sweep | 3/20 scoring | est $13.28/day | offers $377 | committed $905/1000 | naked $338 | funded 8/20 | verified 100.0% (26v/0u)
15:38:39 INFO sweep | 3/20 scoring | est $14.03/day | offers $377 | committed $905/1000 | naked $338 | funded 8/20 | verified 100.0% (26v/0u)
15:39:02 INFO sweep | 3/20 scoring | est $8.79/day | offers $377 | committed $905/1000 | naked $338 | funded 8/20 | verified 100.0% (26v/0u)
15:39:25 INFO sweep | 3/20 scoring | est $16.30/day | offers $298 | committed $827/1000 | naked $338 | funded 8/20 | verified 100.0% (26v/0u)
15:39:49 INFO sweep | 3/20 scoring | est $15.11/day | offers $298 | committed $827/1000 | naked $338 | funded 8/20 | verified 100.0% (26v/0u)
15:40:12 INFO sweep | 3/20 scoring | est $15.37/day | offers $298 | committed $827/1000 | naked $338 | funded 8/20 | verified 100.0% (26v/0u)
15:40:35 INFO sweep | 3/20 scoring | est $14.07/day | offers $298 | committed $827/1000 | naked $338 | funded 8/20 | verified 100.0% (26v/0u)
15:40:59 INFO sweep | 3/20 scoring | est $13.46/day | offers $297 | committed $825/1000 | naked $338 | funded 8/20 | verified 100.0% (26v/0u)
15:41:22 INFO sweep | 3/20 scoring | est $18.42/day | offers $298 | committed $827/1000 | naked $338 | funded 8/20 | verified 100.0% (26v/0u)
15:41:45 INFO sweep | 3/20 scoring | est $17.66/day | offers $298 | committed $827/1000 | naked $338 | funded 8/20 | verified 100.0% (26v/0u)
15:42:09 INFO sweep | 3/20 scoring | est $16.43/day | offers $299 | committed $827/1000 | naked $338 | funded 8/20 | verified 100.0% (26v/0u)
15:42:32 INFO sweep | 3/20 scoring | est $15.10/day | offers $377 | committed $905/1000 | naked $338 | funded 8/20 | verified 100.0% (26v/0u)
15:42:56 INFO sweep | 3/20 scoring | est $11.81/day | offers $377 | committed $905/1000 | naked $338 | funded 8/20 | verified 100.0% (26v/0u)
15:43:19 INFO sweep | 3/20 scoring | est $12.78/day | offers $377 | committed $905/1000 | naked $338 | funded 8/20 | verified 100.0% (26v/0u)
15:43:43 INFO sweep | 3/20 scoring | est $12.96/day | offers $377 | committed $905/1000 | naked $338 | funded 8/20 | verified 100.0% (26v/0u)
15:44:06 INFO sweep | 3/20 scoring | est $11.02/day | offers $377 | committed $905/1000 | naked $338 | funded 8/20 | verified 100.0% (26v/0u)
15:44:29 INFO sweep | 3/20 scoring | est $10.07/day | offers $377 | committed $905/1000 | naked $338 | funded 8/20 | verified 100.0% (26v/0u)
15:44:52 INFO sweep | 3/20 scoring | est $8.11/day | offers $377 | committed $905/1000 | naked $338 | funded 8/20 | verified 100.0% (26v/0u)
15:45:15 INFO sweep | 3/20 scoring | est $13.31/day | offers $377 | committed $905/1000 | naked $338 | funded 8/20 | verified 100.0% (26v/0u)
15:45:38 INFO sweep | 3/20 scoring | est $11.89/day | offers $377 | committed $905/1000 | naked $338 | funded 8/20 | verified 100.0% (26v/0u)
15:46:02 INFO sweep | 3/20 scoring | est $9.35/day | offers $377 | committed $905/1000 | naked $338 | funded 8/20 | verified 100.0% (26v/0u)
15:46:25 INFO sweep | 3/20 scoring | est $16.87/day | offers $298 | committed $827/1000 | naked $338 | funded 8/20 | verified 100.0% (26v/0u)
15:46:48 INFO sweep | 3/20 scoring | est $15.34/day | offers $298 | committed $827/1000 | naked $338 | funded 8/20 | verified 100.0% (26v/0u)
15:47:11 INFO sweep | 3/20 scoring | est $15.60/day | offers $298 | committed $827/1000 | naked $338 | funded 8/20 | verified 100.0% (26v/0u)
15:47:34 INFO sweep | 3/20 scoring | est $23.09/day | offers $377 | committed $905/1000 | naked $338 | funded 8/20 | verified 100.0% (26v/0u)
15:47:58 INFO sweep | 3/20 scoring | est $9.52/day | offers $377 | committed $905/1000 | naked $338 | funded 8/20 | verified 100.0% (26v/0u)
15:48:23 INFO sweep | 3/20 scoring | est $10.97/day | offers $377 | committed $905/1000 | naked $338 | funded 8/20 | verified 100.0% (26v/0u)
15:48:45 INFO sweep | 3/20 scoring | est $10.45/day | offers $377 | committed $905/1000 | naked $338 | funded 8/20 | verified 100.0% (26v/0u)
15:49:09 INFO sweep | 3/20 scoring | est $13.46/day | offers $300 | committed $828/1000 | naked $338 | funded 8/20 | verified 100.0% (26v/0u)
15:49:32 INFO sweep | 3/20 scoring | est $9.95/day | offers $377 | committed $905/1000 | naked $338 | funded 8/20 | verified 100.0% (26v/0u)
15:49:55 INFO sweep | 3/20 scoring | est $11.64/day | offers $377 | committed $905/1000 | naked $338 | funded 8/20 | verified 100.0% (26v/0u)
15:50:18 INFO sweep | 3/20 scoring | est $11.91/day | offers $377 | committed $905/1000 | naked $338 | funded 8/20 | verified 100.0% (26v/0u)
15:50:41 INFO sweep | 3/20 scoring | est $11.89/day | offers $377 | committed $905/1000 | naked $338 | funded 8/20 | verified 100.0% (26v/0u)
15:51:04 INFO sweep | 3/20 scoring | est $11.43/day | offers $377 | committed $905/1000 | naked $338 | funded 8/20 | verified 100.0% (26v/0u)
15:51:28 INFO sweep | 3/20 scoring | est $11.17/day | offers $377 | committed $905/1000 | naked $338 | funded 8/20 | verified 100.0% (26v/0u)
15:51:51 INFO sweep | 3/20 scoring | est $10.35/day | offers $300 | committed $828/1000 | naked $338 | funded 8/20 | verified 100.0% (26v/0u)
15:52:14 INFO sweep | 3/20 scoring | est $10.65/day | offers $300 | committed $828/1000 | naked $338 | funded 8/20 | verified 100.0% (26v/0u)
15:52:37 INFO sweep | 3/20 scoring | est $9.36/day | offers $377 | committed $905/1000 | naked $338 | funded 8/20 | verified 100.0% (26v/0u)
15:53:00 INFO sweep | 3/20 scoring | est $10.09/day | offers $377 | committed $905/1000 | naked $338 | funded 8/20 | verified 100.0% (26v/0u)
15:53:23 INFO sweep | 3/20 scoring | est $9.27/day | offers $377 | committed $905/1000 | naked $338 | funded 8/20 | verified 100.0% (26v/0u)
15:53:46 INFO sweep | 3/20 scoring | est $9.01/day | offers $377 | committed $905/1000 | naked $338 | funded 8/20 | verified 100.0% (26v/0u)
15:54:10 INFO sweep | 3/20 scoring | est $9.20/day | offers $377 | committed $905/1000 | naked $338 | funded 8/20 | verified 100.0% (26v/0u)
15:54:32 INFO sweep | 3/20 scoring | est $10.56/day | offers $377 | committed $905/1000 | naked $338 | funded 8/20 | verified 100.0% (26v/0u)
15:54:56 INFO sweep | 3/20 scoring | est $10.41/day | offers $377 | committed $905/1000 | naked $338 | funded 8/20 | verified 100.0% (26v/0u)
15:55:19 INFO sweep | 3/20 scoring | est $10.92/day | offers $377 | committed $905/1000 | naked $338 | funded 8/20 | verified 100.0% (26v/0u)
15:55:42 INFO sweep | 3/20 scoring | est $12.08/day | offers $377 | committed $905/1000 | naked $338 | funded 8/20 | verified 100.0% (26v/0u)
15:56:05 INFO sweep | 3/20 scoring | est $10.31/day | offers $377 | committed $905/1000 | naked $338 | funded 8/20 | verified 100.0% (26v/0u)
15:56:29 INFO sweep | 3/20 scoring | est $10.64/day | offers $377 | committed $905/1000 | naked $338 | funded 8/20 | verified 100.0% (26v/0u)
15:56:51 INFO sweep | 3/20 scoring | est $10.00/day | offers $377 | committed $905/1000 | naked $338 | funded 8/20 | verified 100.0% (26v/0u)
15:57:15 INFO sweep | 3/20 scoring | est $10.42/day | offers $377 | committed $905/1000 | naked $338 | funded 8/20 | verified 100.0% (26v/0u)
15:57:38 INFO sweep | 3/20 scoring | est $10.42/day | offers $377 | committed $905/1000 | naked $338 | funded 8/20 | verified 100.0% (26v/0u)
15:58:01 INFO sweep | 3/20 scoring | est $10.36/day | offers $377 | committed $905/1000 | naked $338 | funded 8/20 | verified 100.0% (26v/0u)
15:58:24 INFO sweep | 3/20 scoring | est $10.29/day | offers $377 | committed $905/1000 | naked $338 | funded 8/20 | verified 100.0% (26v/0u)
15:58:47 INFO sweep | 3/20 scoring | est $15.53/day | offers $377 | committed $905/1000 | naked $338 | funded 8/20 | verified 100.0% (26v/0u)
15:59:10 INFO sweep | 3/20 scoring | est $11.86/day | offers $377 | committed $905/1000 | naked $338 | funded 8/20 | verified 100.0% (26v/0u)
15:59:34 INFO sweep | 3/20 scoring | est $11.06/day | offers $377 | committed $905/1000 | naked $338 | funded 8/20 | verified 100.0% (26v/0u)
15:59:57 INFO sweep | 3/20 scoring | est $11.24/day | offers $377 | committed $905/1000 | naked $338 | funded 8/20 | verified 100.0% (26v/0u)
16:00:20 INFO sweep | 3/20 scoring | est $14.86/day | offers $300 | committed $828/1000 | naked $338 | funded 8/20 | verified 100.0% (26v/0u)
16:00:44 INFO sweep | 3/20 scoring | est $7.55/day | offers $377 | committed $905/1000 | naked $338 | funded 8/20 | verified 100.0% (26v/0u)
16:01:08 INFO sweep | 3/20 scoring | est $7.16/day | offers $377 | committed $905/1000 | naked $338 | funded 8/20 | verified 100.0% (26v/0u)
16:01:31 INFO sweep | 3/20 scoring | est $9.15/day | offers $377 | committed $905/1000 | naked $338 | funded 8/20 | verified 100.0% (26v/0u)
16:01:54 INFO sweep | 3/20 scoring | est $10.29/day | offers $377 | committed $905/1000 | naked $338 | funded 8/20 | verified 100.0% (26v/0u)
16:02:18 INFO sweep | 3/20 scoring | est $12.21/day | offers $377 | committed $905/1000 | naked $338 | funded 8/20 | verified 100.0% (26v/0u)
16:02:41 INFO sweep | 3/20 scoring | est $10.58/day | offers $377 | committed $905/1000 | naked $338 | funded 8/20 | verified 100.0% (26v/0u)
16:03:04 INFO sweep | 3/20 scoring | est $11.00/day | offers $377 | committed $905/1000 | naked $338 | funded 8/20 | verified 100.0% (26v/0u)
16:03:29 INFO sweep | 3/20 scoring | est $9.14/day | offers $377 | committed $905/1000 | naked $338 | funded 8/20 | verified 100.0% (26v/0u)
16:03:52 INFO sweep | 3/20 scoring | est $8.99/day | offers $377 | committed $905/1000 | naked $338 | funded 8/20 | verified 100.0% (26v/0u)
16:04:16 INFO sweep | 3/20 scoring | est $6.66/day | offers $377 | committed $905/1000 | naked $338 | funded 8/20 | verified 100.0% (26v/0u)
16:04:39 INFO sweep | 3/20 scoring | est $6.63/day | offers $377 | committed $905/1000 | naked $338 | funded 8/20 | verified 100.0% (26v/0u)
16:05:02 INFO sweep | 3/20 scoring | est $6.97/day | offers $377 | committed $905/1000 | naked $338 | funded 8/20 | verified 100.0% (26v/0u)
16:05:25 INFO sweep | 3/20 scoring | est $8.78/day | offers $377 | committed $905/1000 | naked $338 | funded 8/20 | verified 100.0% (26v/0u)
16:05:49 INFO sweep | 3/20 scoring | est $8.06/day | offers $377 | committed $905/1000 | naked $338 | funded 8/20 | verified 100.0% (26v/0u)
16:06:12 INFO sweep | 3/20 scoring | est $15.36/day | offers $378 | committed $906/1000 | naked $338 | funded 8/20 | verified 100.0% (26v/0u)
16:06:35 INFO sweep | 3/20 scoring | est $12.12/day | offers $297 | committed $825/1000 | naked $338 | funded 8/20 | verified 100.0% (26v/0u)
16:06:58 INFO sweep | 3/20 scoring | est $11.02/day | offers $296 | committed $824/1000 | naked $338 | funded 8/20 | verified 100.0% (26v/0u)
16:07:22 INFO sweep | 3/20 scoring | est $31.86/day | offers $377 | committed $905/1000 | naked $338 | funded 8/20 | verified 100.0% (26v/0u)
16:07:45 INFO sweep | 3/20 scoring | est $12.90/day | offers $294 | committed $823/1000 | naked $338 | funded 8/20 | verified 100.0% (26v/0u)
16:08:09 INFO sweep | 3/20 scoring | est $10.78/day | offers $294 | committed $823/1000 | naked $338 | funded 8/20 | verified 100.0% (26v/0u)
16:08:33 INFO sweep | 3/20 scoring | est $10.18/day | offers $294 | committed $823/1000 | naked $338 | funded 8/20 | verified 100.0% (26v/0u)
16:08:57 INFO sweep | 3/20 scoring | est $24.26/day | offers $298 | committed $827/1000 | naked $338 | funded 8/20 | verified 100.0% (26v/0u)
16:09:22 INFO sweep | 3/20 scoring | est $21.19/day | offers $298 | committed $827/1000 | naked $338 | funded 8/20 | verified 100.0% (26v/0u)
16:09:45 INFO sweep | 3/20 scoring | est $11.91/day | offers $377 | committed $905/1000 | naked $338 | funded 8/20 | verified 100.0% (26v/0u)
16:10:08 INFO sweep | 3/20 scoring | est $14.12/day | offers $377 | committed $905/1000 | naked $338 | funded 8/20 | verified 100.0% (26v/0u)
16:10:32 INFO sweep | 3/20 scoring | est $10.76/day | offers $377 | committed $905/1000 | naked $338 | funded 8/20 | verified 100.0% (26v/0u)
16:10:54 INFO sweep | 3/20 scoring | est $15.76/day | offers $377 | committed $905/1000 | naked $338 | funded 8/20 | verified 100.0% (26v/0u)
16:11:18 INFO sweep | 3/20 scoring | est $12.84/day | offers $377 | committed $905/1000 | naked $338 | funded 8/20 | verified 100.0% (26v/0u)
16:11:41 INFO sweep | 3/20 scoring | est $32.34/day | offers $298 | committed $827/1000 | naked $338 | funded 8/20 | verified 100.0% (26v/0u)
16:12:05 INFO sweep | 3/20 scoring | est $14.74/day | offers $377 | committed $905/1000 | naked $338 | funded 8/20 | verified 100.0% (26v/0u)
16:12:28 INFO sweep | 3/20 scoring | est $14.01/day | offers $377 | committed $905/1000 | naked $338 | funded 8/20 | verified 100.0% (26v/0u)
16:12:51 INFO sweep | 3/20 scoring | est $11.83/day | offers $377 | committed $905/1000 | naked $338 | funded 8/20 | verified 100.0% (26v/0u)
16:13:15 INFO sweep | 3/20 scoring | est $11.61/day | offers $377 | committed $905/1000 | naked $338 | funded 8/20 | verified 100.0% (26v/0u)
16:13:38 INFO sweep | 3/20 scoring | est $10.38/day | offers $377 | committed $905/1000 | naked $338 | funded 8/20 | verified 100.0% (26v/0u)
16:14:02 INFO sweep | 3/20 scoring | est $6.77/day | offers $377 | committed $905/1000 | naked $338 | funded 8/20 | verified 100.0% (26v/0u)
16:14:25 INFO sweep | 3/20 scoring | est $7.05/day | offers $377 | committed $905/1000 | naked $338 | funded 8/20 | verified 100.0% (26v/0u)
16:14:49 INFO sweep | 3/20 scoring | est $6.48/day | offers $377 | committed $905/1000 | naked $338 | funded 8/20 | verified 100.0% (26v/0u)
16:15:12 INFO sweep | 3/20 scoring | est $6.50/day | offers $377 | committed $905/1000 | naked $338 | funded 8/20 | verified 100.0% (26v/0u)
16:15:36 INFO sweep | 3/20 scoring | est $6.49/day | offers $377 | committed $905/1000 | naked $338 | funded 8/20 | verified 100.0% (26v/0u)
16:16:00 INFO sweep | 3/20 scoring | est $8.04/day | offers $377 | committed $905/1000 | naked $338 | funded 8/20 | verified 100.0% (26v/0u)
16:16:24 INFO sweep | 3/20 scoring | est $7.18/day | offers $296 | committed $824/1000 | naked $338 | funded 8/20 | verified 100.0% (26v/0u)
16:16:47 INFO sweep | 3/20 scoring | est $5.98/day | offers $377 | committed $905/1000 | naked $338 | funded 8/20 | verified 100.0% (26v/0u)
16:17:10 INFO sweep | 3/20 scoring | est $6.04/day | offers $377 | committed $905/1000 | naked $338 | funded 8/20 | verified 100.0% (26v/0u)
16:17:34 INFO sweep | 3/20 scoring | est $6.74/day | offers $377 | committed $905/1000 | naked $338 | funded 8/20 | verified 100.0% (26v/0u)
16:17:57 INFO sweep | 3/20 scoring | est $7.10/day | offers $377 | committed $905/1000 | naked $338 | funded 8/20 | verified 100.0% (26v/0u)
16:18:22 INFO sweep | 3/20 scoring | est $8.97/day | offers $377 | committed $905/1000 | naked $338 | funded 8/20 | verified 100.0% (26v/0u)
16:18:45 INFO sweep | 3/20 scoring | est $8.22/day | offers $377 | committed $905/1000 | naked $338 | funded 8/20 | verified 100.0% (26v/0u)
16:19:08 INFO sweep | 3/20 scoring | est $9.10/day | offers $377 | committed $905/1000 | naked $338 | funded 8/20 | verified 100.0% (26v/0u)
16:19:32 INFO sweep | 3/20 scoring | est $8.90/day | offers $377 | committed $905/1000 | naked $338 | funded 8/20 | verified 100.0% (26v/0u)
16:19:55 INFO sweep | 3/20 scoring | est $8.62/day | offers $377 | committed $905/1000 | naked $338 | funded 8/20 | verified 100.0% (26v/0u)
16:20:18 INFO sweep | 3/20 scoring | est $8.79/day | offers $298 | committed $827/1000 | naked $338 | funded 8/20 | verified 100.0% (26v/0u)
16:20:42 INFO sweep | 3/20 scoring | est $7.10/day | offers $298 | committed $827/1000 | naked $338 | funded 8/20 | verified 100.0% (26v/0u)
16:21:05 INFO sweep | 3/20 scoring | est $12.78/day | offers $298 | committed $827/1000 | naked $338 | funded 8/20 | verified 100.0% (26v/0u)
16:21:28 INFO sweep | 3/20 scoring | est $7.65/day | offers $298 | committed $827/1000 | naked $338 | funded 8/20 | verified 100.0% (26v/0u)
16:21:52 INFO sweep | 3/20 scoring | est $8.00/day | offers $298 | committed $827/1000 | naked $338 | funded 8/20 | verified 100.0% (26v/0u)
16:22:15 INFO sweep | 3/20 scoring | est $8.45/day | offers $298 | committed $827/1000 | naked $338 | funded 8/20 | verified 100.0% (26v/0u)
16:22:38 INFO sweep | 3/20 scoring | est $8.10/day | offers $298 | committed $827/1000 | naked $338 | funded 8/20 | verified 100.0% (26v/0u)
16:23:02 INFO sweep | 3/20 scoring | est $12.53/day | offers $298 | committed $827/1000 | naked $338 | funded 8/20 | verified 100.0% (26v/0u)
16:23:25 INFO sweep | 3/20 scoring | est $11.25/day | offers $298 | committed $827/1000 | naked $338 | funded 8/20 | verified 100.0% (26v/0u)
16:23:48 INFO sweep | 3/20 scoring | est $5.40/day | offers $298 | committed $827/1000 | naked $338 | funded 8/20 | verified 100.0% (26v/0u)
16:24:11 INFO sweep | 3/20 scoring | est $5.56/day | offers $298 | committed $827/1000 | naked $338 | funded 8/20 | verified 100.0% (26v/0u)
16:24:35 INFO sweep | 3/20 scoring | est $5.31/day | offers $298 | committed $827/1000 | naked $338 | funded 8/20 | verified 100.0% (26v/0u)
16:24:58 INFO sweep | 3/20 scoring | est $5.54/day | offers $298 | committed $827/1000 | naked $338 | funded 8/20 | verified 100.0% (26v/0u)
16:25:21 INFO sweep | 3/20 scoring | est $9.97/day | offers $298 | committed $827/1000 | naked $338 | funded 8/20 | verified 100.0% (26v/0u)
16:25:45 INFO sweep | 3/20 scoring | est $8.47/day | offers $377 | committed $905/1000 | naked $338 | funded 8/20 | verified 100.0% (26v/0u)
16:26:08 INFO sweep | 3/20 scoring | est $6.76/day | offers $377 | committed $905/1000 | naked $338 | funded 8/20 | verified 100.0% (26v/0u)
16:26:31 INFO sweep | 3/20 scoring | est $8.11/day | offers $377 | committed $905/1000 | naked $338 | funded 8/20 | verified 100.0% (26v/0u)
16:26:55 INFO sweep | 3/20 scoring | est $8.88/day | offers $377 | committed $905/1000 | naked $338 | funded 8/20 | verified 100.0% (26v/0u)
16:27:18 INFO sweep | 3/20 scoring | est $7.19/day | offers $377 | committed $905/1000 | naked $338 | funded 8/20 | verified 100.0% (26v/0u)
16:27:42 INFO sweep | 3/20 scoring | est $7.16/day | offers $377 | committed $905/1000 | naked $338 | funded 8/20 | verified 100.0% (26v/0u)
16:28:06 INFO sweep | 3/20 scoring | est $6.80/day | offers $377 | committed $905/1000 | naked $338 | funded 8/20 | verified 100.0% (26v/0u)
16:28:29 INFO sweep | 3/20 scoring | est $6.86/day | offers $377 | committed $905/1000 | naked $338 | funded 8/20 | verified 100.0% (26v/0u)
16:28:53 INFO sweep | 3/20 scoring | est $13.63/day | offers $377 | committed $905/1000 | naked $338 | funded 8/20 | verified 100.0% (26v/0u)
16:29:16 INFO sweep | 3/20 scoring | est $10.80/day | offers $377 | committed $905/1000 | naked $338 | funded 8/20 | verified 100.0% (26v/0u)
16:29:39 INFO sweep | 3/20 scoring | est $6.86/day | offers $377 | committed $905/1000 | naked $338 | funded 8/20 | verified 100.0% (26v/0u)
16:30:03 INFO sweep | 3/20 scoring | est $7.61/day | offers $377 | committed $905/1000 | naked $338 | funded 8/20 | verified 100.0% (26v/0u)
16:30:27 INFO sweep | 3/20 scoring | est $7.45/day | offers $377 | committed $905/1000 | naked $338 | funded 8/20 | verified 100.0% (26v/0u)
16:30:50 INFO sweep | 3/20 scoring | est $24.83/day | offers $300 | committed $828/1000 | naked $338 | funded 8/20 | verified 100.0% (26v/0u)
16:31:14 INFO sweep | 3/20 scoring | est $10.72/day | offers $300 | committed $828/1000 | naked $338 | funded 8/20 | verified 100.0% (26v/0u)
16:31:38 INFO sweep | 3/20 scoring | est $25.23/day | offers $300 | committed $828/1000 | naked $338 | funded 8/20 | verified 100.0% (26v/0u)
16:32:02 INFO sweep | 3/20 scoring | est $19.18/day | offers $300 | committed $828/1000 | naked $338 | funded 8/20 | verified 100.0% (26v/0u)
16:32:25 INFO sweep | 3/20 scoring | est $10.60/day | offers $300 | committed $828/1000 | naked $338 | funded 8/20 | verified 100.0% (26v/0u)
16:32:49 INFO sweep | 3/20 scoring | est $10.26/day | offers $300 | committed $828/1000 | naked $338 | funded 8/20 | verified 100.0% (26v/0u)
16:33:14 INFO sweep | 3/20 scoring | est $10.54/day | offers $300 | committed $828/1000 | naked $338 | funded 8/20 | verified 100.0% (26v/0u)
16:33:37 INFO sweep | 3/20 scoring | est $12.55/day | offers $300 | committed $828/1000 | naked $338 | funded 8/20 | verified 100.0% (26v/0u)
16:34:01 INFO sweep | 3/20 scoring | est $11.93/day | offers $300 | committed $828/1000 | naked $338 | funded 8/20 | verified 100.0% (26v/0u)
16:34:24 INFO sweep | 3/20 scoring | est $14.08/day | offers $301 | committed $829/1000 | naked $338 | funded 8/20 | verified 100.0% (26v/0u)
16:34:49 INFO sweep | 3/20 scoring | est $15.00/day | offers $300 | committed $828/1000 | naked $338 | funded 8/20 | verified 100.0% (26v/0u)
16:35:12 INFO sweep | 3/20 scoring | est $14.87/day | offers $300 | committed $828/1000 | naked $338 | funded 8/20 | verified 100.0% (26v/0u)
16:35:35 INFO sweep | 3/20 scoring | est $13.88/day | offers $300 | committed $828/1000 | naked $338 | funded 8/20 | verified 100.0% (26v/0u)
16:35:59 INFO sweep | 3/20 scoring | est $7.02/day | offers $300 | committed $828/1000 | naked $338 | funded 8/20 | verified 100.0% (26v/0u)
16:36:22 INFO sweep | 3/20 scoring | est $7.72/day | offers $300 | committed $828/1000 | naked $338 | funded 8/20 | verified 100.0% (26v/0u)
16:36:45 INFO sweep | 3/20 scoring | est $7.24/day | offers $300 | committed $828/1000 | naked $338 | funded 8/20 | verified 100.0% (26v/0u)
16:37:08 INFO sweep | 3/20 scoring | est $10.75/day | offers $300 | committed $828/1000 | naked $338 | funded 8/20 | verified 100.0% (26v/0u)
16:37:32 INFO sweep | 3/20 scoring | est $9.80/day | offers $300 | committed $828/1000 | naked $338 | funded 8/20 | verified 100.0% (26v/0u)
16:37:55 INFO sweep | 3/20 scoring | est $30.59/day | offers $278 | committed $806/1000 | naked $338 | funded 8/20 | verified 100.0% (26v/0u)
16:38:18 INFO sweep | 3/20 scoring | est $67.88/day | offers $377 | committed $905/1000 | naked $338 | funded 8/20 | verified 100.0% (26v/0u)
16:38:27 INFO FILL Will Elon Musk post 220-239  UP   127sh @ 0.780
16:38:41 INFO sweep | 3/20 scoring | est $102.23/day | offers $202 | committed $829/1000 | naked $437 | funded 8/20 | verified 100.0% (27v/0u)
16:39:04 INFO sweep | 3/20 scoring | est $32.29/day | offers $197 | committed $824/1000 | naked $437 | funded 8/20 | verified 100.0% (27v/0u)
16:39:27 INFO sweep | 3/20 scoring | est $24.13/day | offers $189 | committed $816/1000 | naked $437 | funded 8/20 | verified 100.0% (27v/0u)
16:39:51 INFO sweep | 3/20 scoring | est $12.78/day | offers $194 | committed $821/1000 | naked $437 | funded 8/20 | verified 100.0% (27v/0u)
16:40:13 INFO sweep | 3/20 scoring | est $6.50/day | offers $186 | committed $813/1000 | naked $437 | funded 8/20 | verified 100.0% (27v/0u)
16:40:37 INFO sweep | 3/20 scoring | est $11.87/day | offers $183 | committed $810/1000 | naked $437 | funded 8/20 | verified 100.0% (27v/0u)
16:41:00 INFO sweep | 3/20 scoring | est $7.12/day | offers $182 | committed $809/1000 | naked $437 | funded 8/20 | verified 100.0% (27v/0u)
16:41:23 INFO sweep | 3/20 scoring | est $12.81/day | offers $190 | committed $817/1000 | naked $437 | funded 8/20 | verified 100.0% (27v/0u)
16:41:46 INFO sweep | 3/20 scoring | est $20.27/day | offers $189 | committed $816/1000 | naked $437 | funded 8/20 | verified 100.0% (27v/0u)
16:42:09 INFO sweep | 3/20 scoring | est $25.28/day | offers $190 | committed $818/1000 | naked $437 | funded 8/20 | verified 100.0% (27v/0u)
16:42:32 INFO sweep | 3/20 scoring | est $23.84/day | offers $189 | committed $816/1000 | naked $437 | funded 8/20 | verified 100.0% (27v/0u)
16:42:55 INFO sweep | 3/20 scoring | est $19.47/day | offers $187 | committed $814/1000 | naked $437 | funded 8/20 | verified 100.0% (27v/0u)
16:43:18 INFO sweep | 3/20 scoring | est $19.71/day | offers $185 | committed $812/1000 | naked $437 | funded 8/20 | verified 100.0% (27v/0u)
16:43:27 INFO FILL Will Elon Musk post 220-239  DOWN 135sh @ 0.100
16:43:27 INFO MERGE Will Elon Musk post 220-239  135 pairs realized $+28.68 | merge 135 pairs @ cost 0.7872 -> 1.00, 21.28c/sh gross, gas $0.0500, net $28.68
16:43:41 INFO sweep | 3/20 scoring | est $13.66/day | offers $262 | committed $796/1000 | naked $344 | funded 8/20 | verified 100.0% (28v/0u)
16:44:05 INFO sweep | 3/20 scoring | est $15.52/day | offers $265 | committed $799/1000 | naked $344 | funded 8/20 | verified 100.0% (28v/0u)
16:44:28 INFO sweep | 3/20 scoring | est $8.98/day | offers $266 | committed $800/1000 | naked $344 | funded 8/20 | verified 100.0% (28v/0u)
16:44:51 INFO sweep | 3/20 scoring | est $6.39/day | offers $265 | committed $799/1000 | naked $344 | funded 8/20 | verified 100.0% (28v/0u)
16:45:14 INFO sweep | 3/20 scoring | est $10.08/day | offers $265 | committed $799/1000 | naked $344 | funded 8/20 | verified 100.0% (28v/0u)
16:45:38 INFO sweep | 3/20 scoring | est $5.66/day | offers $265 | committed $799/1000 | naked $344 | funded 8/20 | verified 100.0% (28v/0u)
16:46:01 INFO sweep | 3/20 scoring | est $7.34/day | offers $265 | committed $799/1000 | naked $344 | funded 8/20 | verified 100.0% (28v/0u)
16:46:24 INFO sweep | 3/20 scoring | est $7.54/day | offers $265 | committed $799/1000 | naked $344 | funded 8/20 | verified 100.0% (28v/0u)
16:46:47 INFO sweep | 3/20 scoring | est $8.44/day | offers $266 | committed $800/1000 | naked $344 | funded 8/20 | verified 100.0% (28v/0u)
16:47:10 INFO sweep | 3/20 scoring | est $8.97/day | offers $266 | committed $800/1000 | naked $344 | funded 8/20 | verified 100.0% (28v/0u)
16:47:33 INFO sweep | 3/20 scoring | est $6.04/day | offers $377 | committed $911/1000 | naked $344 | funded 8/20 | verified 100.0% (28v/0u)
16:47:56 INFO sweep | 3/20 scoring | est $10.02/day | offers $266 | committed $800/1000 | naked $344 | funded 8/20 | verified 100.0% (28v/0u)
16:48:21 INFO sweep | 3/20 scoring | est $7.16/day | offers $266 | committed $800/1000 | naked $344 | funded 8/20 | verified 100.0% (28v/0u)
16:48:44 INFO sweep | 3/20 scoring | est $7.15/day | offers $266 | committed $800/1000 | naked $344 | funded 8/20 | verified 100.0% (28v/0u)
16:49:08 INFO sweep | 3/20 scoring | est $7.67/day | offers $266 | committed $800/1000 | naked $344 | funded 8/20 | verified 100.0% (28v/0u)
16:49:30 INFO sweep | 3/20 scoring | est $4.77/day | offers $377 | committed $911/1000 | naked $344 | funded 8/20 | verified 100.0% (28v/0u)
16:49:54 INFO sweep | 3/20 scoring | est $4.73/day | offers $378 | committed $912/1000 | naked $344 | funded 8/20 | verified 100.0% (28v/0u)
16:50:17 INFO sweep | 3/20 scoring | est $12.58/day | offers $377 | committed $911/1000 | naked $344 | funded 8/20 | verified 100.0% (28v/0u)
16:50:39 INFO sweep | 3/20 scoring | est $7.99/day | offers $377 | committed $911/1000 | naked $344 | funded 8/20 | verified 100.0% (28v/0u)
16:51:03 INFO sweep | 3/20 scoring | est $7.29/day | offers $377 | committed $911/1000 | naked $344 | funded 8/20 | verified 100.0% (28v/0u)
16:51:26 INFO sweep | 3/20 scoring | est $7.71/day | offers $378 | committed $912/1000 | naked $344 | funded 8/20 | verified 100.0% (28v/0u)
16:51:49 INFO sweep | 3/20 scoring | est $5.77/day | offers $377 | committed $911/1000 | naked $344 | funded 8/20 | verified 100.0% (28v/0u)
16:52:12 INFO sweep | 3/20 scoring | est $15.43/day | offers $377 | committed $911/1000 | naked $344 | funded 8/20 | verified 100.0% (28v/0u)
16:52:36 INFO sweep | 2/20 scoring | est $1.92/day | offers $251 | committed $785/1000 | naked $344 | funded 8/20 | verified 100.0% (28v/0u)
16:52:59 INFO sweep | 2/20 scoring | est $1.42/day | offers $251 | committed $785/1000 | naked $344 | funded 8/20 | verified 100.0% (28v/0u)
16:53:22 INFO sweep | 2/20 scoring | est $3.72/day | offers $251 | committed $785/1000 | naked $344 | funded 8/20 | verified 100.0% (28v/0u)
16:53:46 INFO sweep | 2/20 scoring | est $3.52/day | offers $251 | committed $785/1000 | naked $344 | funded 8/20 | verified 100.0% (28v/0u)
16:54:09 INFO sweep | 2/20 scoring | est $1.84/day | offers $251 | committed $785/1000 | naked $344 | funded 8/20 | verified 100.0% (28v/0u)
16:54:32 INFO sweep | 2/20 scoring | est $2.20/day | offers $251 | committed $785/1000 | naked $344 | funded 8/20 | verified 100.0% (28v/0u)
16:54:56 INFO sweep | 2/20 scoring | est $2.22/day | offers $251 | committed $785/1000 | naked $344 | funded 8/20 | verified 100.0% (28v/0u)
16:55:25 INFO sweep | 2/20 scoring | est $1.95/day | offers $251 | committed $785/1000 | naked $344 | funded 8/20 | verified 100.0% (28v/0u)
16:55:50 INFO sweep | 2/20 scoring | est $1.91/day | offers $128 | committed $663/1000 | naked $344 | funded 8/20 | verified 100.0% (28v/0u)
16:56:14 INFO sweep | 2/20 scoring | est $2.81/day | offers $251 | committed $785/1000 | naked $344 | funded 8/20 | verified 100.0% (28v/0u)
16:56:37 INFO sweep | 2/20 scoring | est $1.57/day | offers $251 | committed $785/1000 | naked $344 | funded 8/20 | verified 100.0% (28v/0u)
16:57:00 INFO sweep | 2/20 scoring | est $5.93/day | offers $251 | committed $785/1000 | naked $344 | funded 8/20 | verified 100.0% (28v/0u)
16:57:23 INFO sweep | 2/20 scoring | est $1.25/day | offers $251 | committed $785/1000 | naked $344 | funded 8/20 | verified 100.0% (28v/0u)
16:57:46 INFO sweep | 2/20 scoring | est $3.26/day | offers $251 | committed $785/1000 | naked $344 | funded 8/20 | verified 100.0% (28v/0u)
16:58:09 INFO sweep | 2/20 scoring | est $2.98/day | offers $251 | committed $785/1000 | naked $344 | funded 8/20 | verified 100.0% (28v/0u)
16:58:32 INFO sweep | 2/20 scoring | est $1.73/day | offers $251 | committed $785/1000 | naked $344 | funded 8/20 | verified 100.0% (28v/0u)
16:58:55 INFO sweep | 2/20 scoring | est $3.15/day | offers $251 | committed $785/1000 | naked $344 | funded 8/20 | verified 100.0% (28v/0u)
16:59:18 INFO sweep | 2/20 scoring | est $1.62/day | offers $128 | committed $663/1000 | naked $344 | funded 8/20 | verified 100.0% (28v/0u)
16:59:41 INFO sweep | 2/20 scoring | est $0.95/day | offers $251 | committed $785/1000 | naked $344 | funded 8/20 | verified 100.0% (28v/0u)
17:00:04 INFO sweep | 2/20 scoring | est $0.95/day | offers $251 | committed $785/1000 | naked $344 | funded 8/20 | verified 100.0% (28v/0u)
17:00:27 INFO sweep | 2/20 scoring | est $1.47/day | offers $251 | committed $785/1000 | naked $344 | funded 8/20 | verified 100.0% (28v/0u)
17:00:50 INFO sweep | 2/20 scoring | est $1.14/day | offers $251 | committed $785/1000 | naked $344 | funded 8/20 | verified 100.0% (28v/0u)
17:01:13 INFO sweep | 2/20 scoring | est $1.00/day | offers $251 | committed $785/1000 | naked $344 | funded 8/20 | verified 100.0% (28v/0u)
17:01:35 INFO sweep | 2/20 scoring | est $1.05/day | offers $251 | committed $785/1000 | naked $344 | funded 8/20 | verified 100.0% (28v/0u)
17:01:59 INFO sweep | 2/20 scoring | est $1.32/day | offers $251 | committed $785/1000 | naked $344 | funded 8/20 | verified 100.0% (28v/0u)
17:02:21 INFO sweep | 2/20 scoring | est $1.95/day | offers $251 | committed $785/1000 | naked $344 | funded 8/20 | verified 100.0% (28v/0u)
17:02:44 INFO sweep | 2/20 scoring | est $1.50/day | offers $251 | committed $785/1000 | naked $344 | funded 8/20 | verified 100.0% (28v/0u)
17:03:07 INFO sweep | 2/20 scoring | est $2.06/day | offers $251 | committed $785/1000 | naked $344 | funded 8/20 | verified 100.0% (28v/0u)
17:03:31 INFO sweep | 2/20 scoring | est $1.03/day | offers $127 | committed $661/1000 | naked $344 | funded 8/20 | verified 100.0% (28v/0u)
17:03:54 INFO sweep | 2/20 scoring | est $1.17/day | offers $127 | committed $661/1000 | naked $344 | funded 9/20 | verified 100.0% (28v/0u)
17:04:18 INFO sweep | 3/20 scoring | est $1.72/day | offers $160 | committed $694/1000 | naked $344 | funded 9/20 | verified 100.0% (28v/0u)
17:04:40 INFO sweep | 3/20 scoring | est $1.14/day | offers $359 | committed $894/1000 | naked $344 | funded 9/20 | verified 100.0% (28v/0u)
17:05:03 INFO sweep | 3/20 scoring | est $1.19/day | offers $378 | committed $912/1000 | naked $344 | funded 9/20 | verified 100.0% (28v/0u)
17:05:26 INFO sweep | 3/20 scoring | est $1.73/day | offers $378 | committed $912/1000 | naked $344 | funded 9/20 | verified 100.0% (28v/0u)
17:05:48 INFO sweep | 3/20 scoring | est $2.84/day | offers $379 | committed $914/1000 | naked $344 | funded 9/20 | verified 100.0% (28v/0u)
17:06:11 INFO sweep | 3/20 scoring | est $2.09/day | offers $379 | committed $914/1000 | naked $344 | funded 9/20 | verified 100.0% (28v/0u)
17:06:34 INFO sweep | 3/20 scoring | est $3.01/day | offers $379 | committed $914/1000 | naked $344 | funded 9/20 | verified 100.0% (28v/0u)
17:06:57 INFO sweep | 3/20 scoring | est $2.78/day | offers $379 | committed $914/1000 | naked $344 | funded 9/20 | verified 100.0% (28v/0u)
17:07:20 INFO sweep | 3/20 scoring | est $1.23/day | offers $379 | committed $914/1000 | naked $344 | funded 9/20 | verified 100.0% (28v/0u)
17:07:43 INFO sweep | 3/20 scoring | est $1.43/day | offers $379 | committed $914/1000 | naked $344 | funded 9/20 | verified 100.0% (28v/0u)
17:08:05 INFO sweep | 2/20 scoring | est $3.04/day | offers $254 | committed $788/1000 | naked $344 | funded 9/20 | verified 100.0% (28v/0u)
17:08:28 INFO sweep | 2/20 scoring | est $1.62/day | offers $254 | committed $788/1000 | naked $344 | funded 9/20 | verified 100.0% (28v/0u)
17:08:51 INFO sweep | 2/20 scoring | est $1.65/day | offers $254 | committed $788/1000 | naked $344 | funded 9/20 | verified 100.0% (28v/0u)
17:09:13 INFO sweep | 3/20 scoring | est $2.14/day | offers $381 | committed $915/1000 | naked $344 | funded 9/20 | verified 100.0% (28v/0u)
17:09:36 INFO sweep | 3/20 scoring | est $0.85/day | offers $381 | committed $915/1000 | naked $344 | funded 9/20 | verified 100.0% (28v/0u)
17:09:59 INFO sweep | 3/20 scoring | est $1.52/day | offers $381 | committed $915/1000 | naked $344 | funded 9/20 | verified 100.0% (28v/0u)
17:10:22 INFO sweep | 3/20 scoring | est $0.91/day | offers $381 | committed $915/1000 | naked $344 | funded 9/20 | verified 100.0% (28v/0u)
17:10:45 INFO sweep | 3/20 scoring | est $1.34/day | offers $381 | committed $915/1000 | naked $344 | funded 9/20 | verified 100.0% (28v/0u)
17:11:08 INFO sweep | 3/20 scoring | est $1.77/day | offers $381 | committed $915/1000 | naked $344 | funded 9/20 | verified 100.0% (28v/0u)
17:11:30 INFO sweep | 3/20 scoring | est $2.56/day | offers $381 | committed $915/1000 | naked $344 | funded 9/20 | verified 100.0% (28v/0u)
17:11:53 INFO sweep | 3/20 scoring | est $0.75/day | offers $381 | committed $915/1000 | naked $344 | funded 9/20 | verified 100.0% (28v/0u)
17:12:16 INFO sweep | 3/20 scoring | est $0.66/day | offers $324 | committed $858/1000 | naked $344 | funded 8/20 | verified 100.0% (28v/0u)
17:12:39 INFO sweep | 2/20 scoring | est $1.05/day | offers $252 | committed $787/1000 | naked $344 | funded 8/20 | verified 100.0% (28v/0u)
17:13:01 INFO sweep | 2/20 scoring | est $0.69/day | offers $252 | committed $787/1000 | naked $344 | funded 7/20 | verified 100.0% (28v/0u)
17:13:24 INFO sweep | 1/20 scoring | est $0.71/day | offers $126 | committed $660/1000 | naked $344 | funded 7/20 | verified 100.0% (28v/0u)
17:13:47 INFO sweep | 1/20 scoring | est $0.55/day | offers $126 | committed $660/1000 | naked $344 | funded 7/20 | verified 100.0% (28v/0u)
17:14:10 INFO sweep | 1/20 scoring | est $2.31/day | offers $126 | committed $660/1000 | naked $344 | funded 7/20 | verified 100.0% (28v/0u)
17:14:33 INFO sweep | 1/20 scoring | est $1.09/day | offers $126 | committed $660/1000 | naked $344 | funded 7/20 | verified 100.0% (28v/0u)
17:14:55 INFO sweep | 1/20 scoring | est $1.03/day | offers $126 | committed $660/1000 | naked $344 | funded 7/20 | verified 100.0% (28v/0u)
17:15:18 INFO sweep | 1/20 scoring | est $1.44/day | offers $126 | committed $660/1000 | naked $344 | funded 7/20 | verified 100.0% (28v/0u)
17:15:41 INFO sweep | 1/20 scoring | est $1.19/day | offers $126 | committed $660/1000 | naked $344 | funded 7/20 | verified 100.0% (28v/0u)
17:16:03 INFO sweep | 1/20 scoring | est $7.76/day | offers $126 | committed $660/1000 | naked $344 | funded 7/20 | verified 100.0% (28v/0u)
17:16:26 INFO sweep | 1/20 scoring | est $2.44/day | offers $126 | committed $660/1000 | naked $344 | funded 7/20 | verified 100.0% (28v/0u)
17:16:49 INFO sweep | 1/20 scoring | est $1.24/day | offers $126 | committed $660/1000 | naked $344 | funded 7/20 | verified 100.0% (28v/0u)
17:17:11 INFO sweep | 1/20 scoring | est $2.30/day | offers $126 | committed $660/1000 | naked $344 | funded 7/20 | verified 100.0% (28v/0u)
17:17:34 INFO sweep | 1/20 scoring | est $1.91/day | offers $126 | committed $660/1000 | naked $344 | funded 7/20 | verified 100.0% (28v/0u)
17:17:57 INFO sweep | 1/20 scoring | est $1.71/day | offers $126 | committed $660/1000 | naked $344 | funded 7/20 | verified 100.0% (28v/0u)
17:18:21 INFO sweep | 1/20 scoring | est $1.25/day | offers $126 | committed $660/1000 | naked $344 | funded 7/20 | verified 100.0% (28v/0u)
17:18:44 INFO sweep | 1/20 scoring | est $1.27/day | offers $126 | committed $660/1000 | naked $344 | funded 7/20 | verified 100.0% (28v/0u)
17:19:08 INFO sweep | 1/20 scoring | est $1.47/day | offers $126 | committed $660/1000 | naked $344 | funded 7/20 | verified 100.0% (28v/0u)
17:19:30 INFO sweep | 1/20 scoring | est $0.60/day | offers $126 | committed $660/1000 | naked $344 | funded 7/20 | verified 100.0% (28v/0u)
17:19:54 INFO sweep | 1/20 scoring | est $0.73/day | offers $126 | committed $660/1000 | naked $344 | funded 7/20 | verified 100.0% (28v/0u)
17:20:17 INFO sweep | 1/20 scoring | est $1.26/day | offers $126 | committed $660/1000 | naked $344 | funded 7/20 | verified 100.0% (28v/0u)
17:20:39 INFO sweep | 1/20 scoring | est $1.02/day | offers $126 | committed $660/1000 | naked $344 | funded 7/20 | verified 100.0% (28v/0u)
17:21:03 INFO sweep | 1/20 scoring | est $1.04/day | offers $126 | committed $660/1000 | naked $344 | funded 7/20 | verified 100.0% (28v/0u)
17:21:26 INFO sweep | 1/20 scoring | est $0.59/day | offers $126 | committed $660/1000 | naked $344 | funded 7/20 | verified 100.0% (28v/0u)
17:21:48 INFO sweep | 1/20 scoring | est $0.96/day | offers $126 | committed $660/1000 | naked $344 | funded 7/20 | verified 100.0% (28v/0u)
17:22:11 INFO sweep | 1/20 scoring | est $0.68/day | offers $126 | committed $660/1000 | naked $344 | funded 7/20 | verified 100.0% (28v/0u)
17:22:34 INFO sweep | 1/20 scoring | est $1.10/day | offers $126 | committed $660/1000 | naked $344 | funded 7/20 | verified 100.0% (28v/0u)
17:22:57 INFO sweep | 1/20 scoring | est $1.01/day | offers $126 | committed $660/1000 | naked $344 | funded 7/20 | verified 100.0% (28v/0u)
17:23:20 INFO sweep | 1/20 scoring | est $1.09/day | offers $126 | committed $660/1000 | naked $344 | funded 7/20 | verified 100.0% (28v/0u)
17:23:43 INFO sweep | 1/20 scoring | est $1.32/day | offers $126 | committed $660/1000 | naked $344 | funded 7/20 | verified 100.0% (28v/0u)
17:24:06 INFO sweep | 1/20 scoring | est $0.99/day | offers $126 | committed $660/1000 | naked $344 | funded 7/20 | verified 100.0% (28v/0u)
17:24:30 INFO sweep | 1/20 scoring | est $1.62/day | offers $126 | committed $660/1000 | naked $344 | funded 7/20 | verified 100.0% (28v/0u)
17:24:53 INFO sweep | 1/20 scoring | est $0.88/day | offers $126 | committed $660/1000 | naked $344 | funded 7/20 | verified 100.0% (28v/0u)
17:25:16 INFO sweep | 1/20 scoring | est $0.64/day | offers $126 | committed $660/1000 | naked $344 | funded 7/20 | verified 100.0% (28v/0u)
17:25:39 INFO sweep | 1/20 scoring | est $1.20/day | offers $126 | committed $660/1000 | naked $344 | funded 7/20 | verified 100.0% (28v/0u)
17:26:02 INFO sweep | 1/20 scoring | est $0.73/day | offers $126 | committed $660/1000 | naked $344 | funded 7/20 | verified 100.0% (28v/0u)
17:26:29 INFO sweep | 1/20 scoring | est $0.72/day | offers $124 | committed $659/1000 | naked $344 | funded 7/20 | verified 100.0% (28v/0u)
17:26:53 INFO sweep | 1/20 scoring | est $5.12/day | offers $126 | committed $660/1000 | naked $344 | funded 7/20 | verified 100.0% (28v/0u)
17:27:16 INFO sweep | 1/20 scoring | est $1.74/day | offers $124 | committed $659/1000 | naked $344 | funded 7/20 | verified 100.0% (28v/0u)
17:27:38 INFO sweep | 1/20 scoring | est $3.59/day | offers $126 | committed $660/1000 | naked $344 | funded 7/20 | verified 100.0% (28v/0u)
17:28:01 INFO sweep | 1/20 scoring | est $2.43/day | offers $126 | committed $660/1000 | naked $344 | funded 7/20 | verified 100.0% (28v/0u)
17:28:24 INFO sweep | 1/20 scoring | est $1.48/day | offers $126 | committed $660/1000 | naked $344 | funded 7/20 | verified 100.0% (28v/0u)
17:28:46 INFO sweep | 1/20 scoring | est $2.10/day | offers $126 | committed $660/1000 | naked $344 | funded 7/20 | verified 100.0% (28v/0u)
17:29:09 INFO sweep | 1/20 scoring | est $4.21/day | offers $126 | committed $660/1000 | naked $344 | funded 7/20 | verified 100.0% (28v/0u)
17:29:32 INFO sweep | 1/20 scoring | est $4.90/day | offers $126 | committed $660/1000 | naked $344 | funded 7/20 | verified 100.0% (28v/0u)
17:29:54 INFO sweep | 1/20 scoring | est $3.13/day | offers $126 | committed $660/1000 | naked $344 | funded 7/20 | verified 100.0% (28v/0u)
17:30:17 INFO sweep | 1/20 scoring | est $11.49/day | offers $126 | committed $660/1000 | naked $344 | funded 7/20 | verified 100.0% (28v/0u)
17:30:40 INFO sweep | 1/20 scoring | est $5.74/day | offers $126 | committed $660/1000 | naked $344 | funded 7/20 | verified 100.0% (28v/0u)
17:31:02 INFO sweep | 1/20 scoring | est $5.85/day | offers $126 | committed $660/1000 | naked $344 | funded 7/20 | verified 100.0% (28v/0u)
17:31:25 INFO sweep | 1/20 scoring | est $1.77/day | offers $126 | committed $660/1000 | naked $344 | funded 7/20 | verified 100.0% (28v/0u)
17:31:48 INFO sweep | 1/20 scoring | est $6.10/day | offers $126 | committed $660/1000 | naked $344 | funded 7/20 | verified 100.0% (28v/0u)
17:32:10 INFO sweep | 1/20 scoring | est $1.81/day | offers $126 | committed $660/1000 | naked $344 | funded 7/20 | verified 100.0% (28v/0u)
17:32:33 INFO sweep | 1/20 scoring | est $2.22/day | offers $126 | committed $660/1000 | naked $344 | funded 7/20 | verified 100.0% (28v/0u)
17:32:56 INFO sweep | 1/20 scoring | est $2.39/day | offers $126 | committed $660/1000 | naked $344 | funded 7/20 | verified 100.0% (28v/0u)
17:33:20 INFO sweep | 1/20 scoring | est $2.01/day | offers $126 | committed $660/1000 | naked $344 | funded 7/20 | verified 100.0% (28v/0u)
17:33:43 INFO sweep | 1/20 scoring | est $1.42/day | offers $126 | committed $660/1000 | naked $344 | funded 7/20 | verified 100.0% (28v/0u)
17:34:06 INFO sweep | 1/20 scoring | est $7.05/day | offers $126 | committed $660/1000 | naked $344 | funded 7/20 | verified 100.0% (28v/0u)
17:34:29 INFO sweep | 1/20 scoring | est $18.30/day | offers $126 | committed $660/1000 | naked $344 | funded 7/20 | verified 100.0% (28v/0u)
17:34:52 INFO sweep | 1/20 scoring | est $2.32/day | offers $126 | committed $660/1000 | naked $344 | funded 7/20 | verified 100.0% (28v/0u)
17:35:15 INFO sweep | 1/20 scoring | est $0.73/day | offers $126 | committed $660/1000 | naked $344 | funded 7/20 | verified 100.0% (28v/0u)
17:35:37 INFO sweep | 1/20 scoring | est $3.33/day | offers $124 | committed $659/1000 | naked $344 | funded 7/20 | verified 100.0% (28v/0u)
17:36:00 INFO sweep | 1/20 scoring | est $2.32/day | offers $126 | committed $660/1000 | naked $344 | funded 7/20 | verified 100.0% (28v/0u)
17:36:23 INFO sweep | 1/20 scoring | est $0.75/day | offers $126 | committed $660/1000 | naked $344 | funded 7/20 | verified 100.0% (28v/0u)
17:36:45 INFO sweep | 1/20 scoring | est $8.39/day | offers $126 | committed $660/1000 | naked $344 | funded 7/20 | verified 100.0% (28v/0u)
17:37:09 INFO sweep | 1/20 scoring | est $3.12/day | offers $126 | committed $660/1000 | naked $344 | funded 7/20 | verified 100.0% (28v/0u)
17:37:32 INFO sweep | 1/20 scoring | est $2.41/day | offers $126 | committed $660/1000 | naked $344 | funded 7/20 | verified 100.0% (28v/0u)
17:37:54 INFO sweep | 1/20 scoring | est $1.71/day | offers $126 | committed $660/1000 | naked $344 | funded 7/20 | verified 100.0% (28v/0u)
17:38:17 INFO sweep | 1/20 scoring | est $3.60/day | offers $126 | committed $660/1000 | naked $344 | funded 7/20 | verified 100.0% (28v/0u)
17:38:40 INFO sweep | 1/20 scoring | est $3.72/day | offers $126 | committed $660/1000 | naked $344 | funded 7/20 | verified 100.0% (28v/0u)
17:39:02 INFO sweep | 1/20 scoring | est $3.83/day | offers $126 | committed $660/1000 | naked $344 | funded 7/20 | verified 100.0% (28v/0u)
17:39:26 INFO sweep | 1/20 scoring | est $1.97/day | offers $126 | committed $660/1000 | naked $344 | funded 7/20 | verified 100.0% (28v/0u)
17:39:49 INFO sweep | 1/20 scoring | est $3.49/day | offers $126 | committed $660/1000 | naked $344 | funded 7/20 | verified 100.0% (28v/0u)
17:40:11 INFO sweep | 1/20 scoring | est $0.69/day | offers $124 | committed $659/1000 | naked $344 | funded 7/20 | verified 100.0% (28v/0u)
17:40:34 INFO sweep | 1/20 scoring | est $12.50/day | offers $126 | committed $660/1000 | naked $344 | funded 7/20 | verified 100.0% (28v/0u)
17:40:57 INFO sweep | 1/20 scoring | est $2.41/day | offers $126 | committed $660/1000 | naked $344 | funded 7/20 | verified 100.0% (28v/0u)
17:41:20 INFO sweep | 1/20 scoring | est $1.38/day | offers $126 | committed $660/1000 | naked $344 | funded 7/20 | verified 100.0% (28v/0u)
17:41:43 INFO sweep | 1/20 scoring | est $0.95/day | offers $126 | committed $660/1000 | naked $344 | funded 7/20 | verified 100.0% (28v/0u)
17:42:06 INFO sweep | 1/20 scoring | est $7.02/day | offers $126 | committed $660/1000 | naked $344 | funded 7/20 | verified 100.0% (28v/0u)
17:42:29 INFO sweep | 1/20 scoring | est $2.06/day | offers $126 | committed $660/1000 | naked $344 | funded 7/20 | verified 100.0% (28v/0u)
17:42:52 INFO sweep | 1/20 scoring | est $2.23/day | offers $126 | committed $660/1000 | naked $344 | funded 7/20 | verified 100.0% (28v/0u)
17:43:15 INFO sweep | 1/20 scoring | est $1.04/day | offers $126 | committed $660/1000 | naked $344 | funded 7/20 | verified 100.0% (28v/0u)
17:43:37 INFO sweep | 1/20 scoring | est $1.64/day | offers $126 | committed $660/1000 | naked $344 | funded 7/20 | verified 100.0% (28v/0u)
17:44:00 INFO sweep | 1/20 scoring | est $1.81/day | offers $126 | committed $660/1000 | naked $344 | funded 7/20 | verified 100.0% (28v/0u)
17:44:23 INFO sweep | 1/20 scoring | est $3.44/day | offers $126 | committed $660/1000 | naked $344 | funded 7/20 | verified 100.0% (28v/0u)
17:44:45 INFO sweep | 1/20 scoring | est $1.52/day | offers $126 | committed $660/1000 | naked $344 | funded 7/20 | verified 100.0% (28v/0u)
17:45:08 INFO sweep | 1/20 scoring | est $1.71/day | offers $126 | committed $660/1000 | naked $344 | funded 7/20 | verified 100.0% (28v/0u)
17:45:31 INFO sweep | 1/20 scoring | est $1.46/day | offers $126 | committed $660/1000 | naked $344 | funded 7/20 | verified 100.0% (28v/0u)
17:45:53 INFO sweep | 1/20 scoring | est $4.70/day | offers $126 | committed $660/1000 | naked $344 | funded 7/20 | verified 100.0% (28v/0u)
17:46:18 INFO sweep | 1/20 scoring | est $5.49/day | offers $126 | committed $660/1000 | naked $344 | funded 7/20 | verified 100.0% (28v/0u)
17:46:18 WARNING pulse write failed: PermissionError: [WinError 5] Access is denied: 'C:\\Users\\Tiger\\Agents\\Projects\\AI Trading\\maker\\run\\fleet_pulse.tmp' -> 'C:\\Users\\Tiger\\Agents\\Projects\\AI Trading\\maker\\run\\fleet_pulse.json'
17:46:41 INFO sweep | 1/20 scoring | est $5.00/day | offers $126 | committed $660/1000 | naked $344 | funded 7/20 | verified 100.0% (28v/0u)
17:47:03 INFO sweep | 1/20 scoring | est $2.11/day | offers $126 | committed $660/1000 | naked $344 | funded 7/20 | verified 100.0% (28v/0u)
17:47:26 INFO sweep | 1/20 scoring | est $2.12/day | offers $126 | committed $660/1000 | naked $344 | funded 7/20 | verified 100.0% (28v/0u)
17:47:49 INFO sweep | 1/20 scoring | est $5.80/day | offers $126 | committed $660/1000 | naked $344 | funded 7/20 | verified 100.0% (28v/0u)
17:48:13 INFO sweep | 1/20 scoring | est $2.95/day | offers $126 | committed $660/1000 | naked $344 | funded 7/20 | verified 100.0% (28v/0u)
17:48:36 INFO sweep | 1/20 scoring | est $3.62/day | offers $126 | committed $660/1000 | naked $344 | funded 7/20 | verified 100.0% (28v/0u)
17:48:59 INFO sweep | 1/20 scoring | est $2.05/day | offers $126 | committed $660/1000 | naked $344 | funded 7/20 | verified 100.0% (28v/0u)
17:49:22 INFO sweep | 1/20 scoring | est $1.01/day | offers $126 | committed $660/1000 | naked $344 | funded 7/20 | verified 100.0% (28v/0u)
17:49:45 INFO sweep | 1/20 scoring | est $1.43/day | offers $126 | committed $660/1000 | naked $344 | funded 7/20 | verified 100.0% (28v/0u)
17:50:08 INFO sweep | 1/20 scoring | est $7.48/day | offers $126 | committed $660/1000 | naked $344 | funded 7/20 | verified 100.0% (28v/0u)
17:50:31 INFO sweep | 1/20 scoring | est $1.36/day | offers $126 | committed $660/1000 | naked $344 | funded 7/20 | verified 100.0% (28v/0u)
17:50:54 INFO sweep | 1/20 scoring | est $0.90/day | offers $126 | committed $660/1000 | naked $344 | funded 7/20 | verified 100.0% (28v/0u)
17:51:17 INFO sweep | 1/20 scoring | est $3.06/day | offers $126 | committed $660/1000 | naked $344 | funded 7/20 | verified 100.0% (28v/0u)
17:51:40 INFO sweep | 1/20 scoring | est $4.24/day | offers $126 | committed $660/1000 | naked $344 | funded 7/20 | verified 100.0% (28v/0u)
17:52:03 INFO sweep | 1/20 scoring | est $5.41/day | offers $126 | committed $660/1000 | naked $344 | funded 7/20 | verified 100.0% (28v/0u)
17:52:26 INFO sweep | 1/20 scoring | est $8.72/day | offers $126 | committed $660/1000 | naked $344 | funded 7/20 | verified 100.0% (28v/0u)
17:52:49 INFO sweep | 1/20 scoring | est $6.22/day | offers $126 | committed $660/1000 | naked $344 | funded 7/20 | verified 100.0% (28v/0u)
17:53:12 INFO sweep | 1/20 scoring | est $2.63/day | offers $126 | committed $660/1000 | naked $344 | funded 7/20 | verified 100.0% (28v/0u)
17:53:35 INFO sweep | 1/20 scoring | est $2.82/day | offers $126 | committed $660/1000 | naked $344 | funded 7/20 | verified 100.0% (28v/0u)
17:53:57 INFO sweep | 1/20 scoring | est $5.12/day | offers $124 | committed $659/1000 | naked $344 | funded 7/20 | verified 100.0% (28v/0u)
17:54:20 INFO sweep | 1/20 scoring | est $7.37/day | offers $126 | committed $660/1000 | naked $344 | funded 7/20 | verified 100.0% (28v/0u)
17:54:44 INFO sweep | 1/20 scoring | est $7.69/day | offers $126 | committed $660/1000 | naked $344 | funded 7/20 | verified 100.0% (28v/0u)
17:55:06 INFO sweep | 1/20 scoring | est $5.47/day | offers $126 | committed $660/1000 | naked $344 | funded 7/20 | verified 100.0% (28v/0u)
17:55:29 INFO sweep | 1/20 scoring | est $5.69/day | offers $126 | committed $660/1000 | naked $344 | funded 7/20 | verified 100.0% (28v/0u)
17:55:53 INFO sweep | 1/20 scoring | est $2.77/day | offers $126 | committed $660/1000 | naked $344 | funded 7/20 | verified 100.0% (28v/0u)
17:56:15 INFO sweep | 1/20 scoring | est $4.40/day | offers $126 | committed $660/1000 | naked $344 | funded 7/20 | verified 100.0% (28v/0u)
17:56:39 INFO sweep | 1/20 scoring | est $5.21/day | offers $126 | committed $660/1000 | naked $344 | funded 7/20 | verified 100.0% (28v/0u)
17:57:02 INFO sweep | 1/20 scoring | est $3.16/day | offers $126 | committed $660/1000 | naked $344 | funded 7/20 | verified 100.0% (28v/0u)
17:57:24 INFO sweep | 1/20 scoring | est $3.21/day | offers $126 | committed $660/1000 | naked $344 | funded 7/20 | verified 100.0% (28v/0u)
17:57:48 INFO sweep | 1/20 scoring | est $4.39/day | offers $126 | committed $660/1000 | naked $344 | funded 7/20 | verified 100.0% (28v/0u)
17:58:11 INFO sweep | 1/20 scoring | est $2.27/day | offers $126 | committed $660/1000 | naked $344 | funded 7/20 | verified 100.0% (28v/0u)
17:58:33 INFO sweep | 1/20 scoring | est $2.71/day | offers $126 | committed $660/1000 | naked $344 | funded 7/20 | verified 100.0% (28v/0u)
17:58:56 INFO sweep | 1/20 scoring | est $4.14/day | offers $126 | committed $660/1000 | naked $344 | funded 7/20 | verified 100.0% (28v/0u)
17:59:20 INFO sweep | 1/20 scoring | est $4.53/day | offers $126 | committed $660/1000 | naked $344 | funded 7/20 | verified 100.0% (28v/0u)
17:59:42 INFO FILL Will the price of Bitcoin be UP   135sh @ 0.750
17:59:42 INFO sweep | 1/20 scoring | est $10.55/day | offers $126 | committed $761/1000 | naked $435 | funded 7/20 | verified 100.0% (29v/0u)
18:00:06 INFO sweep | 1/20 scoring | est $12.27/day | offers $32 | committed $668/1000 | naked $435 | funded 7/20 | verified 100.0% (29v/0u)
18:00:29 INFO sweep | 1/20 scoring | est $14.47/day | offers $34 | committed $669/1000 | naked $435 | funded 7/20 | verified 100.0% (29v/0u)
18:00:52 INFO sweep | 1/20 scoring | est $5.44/day | offers $32 | committed $668/1000 | naked $435 | funded 7/20 | verified 100.0% (29v/0u)
18:01:15 INFO sweep | 1/20 scoring | est $14.24/day | offers $28 | committed $664/1000 | naked $435 | funded 7/20 | verified 100.0% (29v/0u)
18:01:38 INFO sweep | 1/20 scoring | est $7.28/day | offers $27 | committed $663/1000 | naked $435 | funded 7/20 | verified 100.0% (29v/0u)
18:02:01 INFO sweep | 1/20 scoring | est $8.36/day | offers $26 | committed $661/1000 | naked $435 | funded 7/20 | verified 100.0% (29v/0u)
18:02:24 INFO sweep | 1/20 scoring | est $35.53/day | offers $30 | committed $665/1000 | naked $435 | funded 7/20 | verified 100.0% (29v/0u)
18:02:47 INFO sweep | 1/20 scoring | est $3.46/day | offers $28 | committed $664/1000 | naked $435 | funded 7/20 | verified 100.0% (29v/0u)
18:03:09 INFO sweep | 1/20 scoring | est $1.14/day | offers $28 | committed $664/1000 | naked $435 | funded 7/20 | verified 100.0% (29v/0u)
18:03:35 INFO sweep | 1/20 scoring | est $1.08/day | offers $27 | committed $663/1000 | naked $435 | funded 7/20 | verified 100.0% (29v/0u)
18:03:58 INFO sweep | 1/20 scoring | est $1.24/day | offers $26 | committed $661/1000 | naked $435 | funded 7/20 | verified 100.0% (29v/0u)
18:04:20 INFO sweep | 1/20 scoring | est $0.52/day | offers $23 | committed $659/1000 | naked $435 | funded 7/20 | verified 100.0% (29v/0u)
18:04:43 INFO sweep | 1/20 scoring | est $1.79/day | offers $27 | committed $663/1000 | naked $435 | funded 7/20 | verified 100.0% (29v/0u)
18:05:07 INFO sweep | 1/20 scoring | est $45.53/day | offers $28 | committed $664/1000 | naked $435 | funded 7/20 | verified 100.0% (29v/0u)
18:05:30 INFO sweep | 1/20 scoring | est $2.06/day | offers $40 | committed $676/1000 | naked $435 | funded 7/20 | verified 100.0% (29v/0u)
18:05:54 INFO sweep | 1/20 scoring | est $1.58/day | offers $40 | committed $676/1000 | naked $435 | funded 7/20 | verified 100.0% (29v/0u)
18:06:17 INFO sweep | 1/20 scoring | est $0.66/day | offers $30 | committed $665/1000 | naked $435 | funded 7/20 | verified 100.0% (29v/0u)
18:06:39 INFO sweep | 1/20 scoring | est $0.82/day | offers $31 | committed $667/1000 | naked $435 | funded 7/20 | verified 100.0% (29v/0u)
18:07:03 INFO sweep | 1/20 scoring | est $1.96/day | offers $30 | committed $665/1000 | naked $435 | funded 7/20 | verified 100.0% (29v/0u)
18:07:26 INFO sweep | 1/20 scoring | est $0.69/day | offers $28 | committed $664/1000 | naked $435 | funded 7/20 | verified 100.0% (29v/0u)
18:07:49 INFO sweep | 1/20 scoring | est $4.32/day | offers $32 | committed $668/1000 | naked $435 | funded 7/20 | verified 100.0% (29v/0u)
18:08:12 INFO sweep | 1/20 scoring | est $2.15/day | offers $35 | committed $671/1000 | naked $435 | funded 7/20 | verified 100.0% (29v/0u)
18:08:36 INFO sweep | 1/20 scoring | est $2.56/day | offers $45 | committed $680/1000 | naked $435 | funded 7/20 | verified 100.0% (29v/0u)
18:08:58 INFO sweep | 1/20 scoring | est $0.78/day | offers $46 | committed $681/1000 | naked $435 | funded 7/20 | verified 100.0% (29v/0u)
18:09:22 INFO sweep | 1/20 scoring | est $8.14/day | offers $49 | committed $684/1000 | naked $435 | funded 8/20 | verified 100.0% (29v/0u)
18:09:45 INFO sweep | 1/20 scoring | est $1.24/day | offers $47 | committed $683/1000 | naked $435 | funded 8/20 | verified 100.0% (29v/0u)
18:10:08 INFO sweep | 1/20 scoring | est $1.87/day | offers $47 | committed $683/1000 | naked $435 | funded 8/20 | verified 100.0% (29v/0u)
18:10:31 INFO sweep | 1/20 scoring | est $17.54/day | offers $49 | committed $684/1000 | naked $435 | funded 8/20 | verified 100.0% (29v/0u)
18:10:54 INFO sweep | 1/20 scoring | est $0.58/day | offers $53 | committed $688/1000 | naked $435 | funded 8/20 | verified 100.0% (29v/0u)
18:11:17 INFO sweep | 1/20 scoring | est $2.13/day | offers $63 | committed $699/1000 | naked $435 | funded 8/20 | verified 100.0% (29v/0u)
18:11:40 INFO sweep | 1/20 scoring | est $2.17/day | offers $51 | committed $687/1000 | naked $435 | funded 8/20 | verified 100.0% (29v/0u)
18:12:05 INFO sweep | 1/20 scoring | est $2.09/day | offers $49 | committed $684/1000 | naked $435 | funded 8/20 | verified 100.0% (29v/0u)
18:12:29 INFO sweep | 1/20 scoring | est $2.03/day | offers $47 | committed $683/1000 | naked $435 | funded 8/20 | verified 100.0% (29v/0u)
18:12:52 INFO sweep | 1/20 scoring | est $2.26/day | offers $55 | committed $691/1000 | naked $435 | funded 8/20 | verified 100.0% (29v/0u)
18:13:16 INFO sweep | 1/20 scoring | est $0.83/day | offers $55 | committed $691/1000 | naked $435 | funded 8/20 | verified 100.0% (29v/0u)
18:13:39 INFO sweep | 1/20 scoring | est $2.53/day | offers $51 | committed $687/1000 | naked $435 | funded 8/20 | verified 100.0% (29v/0u)
18:14:03 INFO sweep | 1/20 scoring | est $1.28/day | offers $47 | committed $683/1000 | naked $435 | funded 8/20 | verified 100.0% (29v/0u)
18:14:26 INFO sweep | 1/20 scoring | est $0.60/day | offers $49 | committed $684/1000 | naked $435 | funded 8/20 | verified 100.0% (29v/0u)
18:14:49 INFO sweep | 1/20 scoring | est $1.27/day | offers $50 | committed $686/1000 | naked $435 | funded 8/20 | verified 100.0% (29v/0u)
18:15:13 INFO sweep | 1/20 scoring | est $0.61/day | offers $50 | committed $686/1000 | naked $435 | funded 8/20 | verified 100.0% (29v/0u)
18:15:36 INFO sweep | 1/20 scoring | est $1.25/day | offers $51 | committed $687/1000 | naked $435 | funded 8/20 | verified 100.0% (29v/0u)
18:15:59 INFO sweep | 1/20 scoring | est $1.11/day | offers $55 | committed $691/1000 | naked $435 | funded 8/20 | verified 100.0% (29v/0u)
18:16:23 INFO sweep | 1/20 scoring | est $2.05/day | offers $50 | committed $686/1000 | naked $435 | funded 8/20 | verified 100.0% (29v/0u)
18:16:46 INFO sweep | 1/20 scoring | est $1.27/day | offers $50 | committed $686/1000 | naked $435 | funded 8/20 | verified 100.0% (29v/0u)
18:17:09 INFO sweep | 1/20 scoring | est $1.22/day | offers $50 | committed $686/1000 | naked $435 | funded 8/20 | verified 100.0% (29v/0u)
18:17:33 INFO sweep | 1/20 scoring | est $1.07/day | offers $50 | committed $686/1000 | naked $435 | funded 8/20 | verified 100.0% (29v/0u)
18:17:57 INFO sweep | 1/20 scoring | est $1.27/day | offers $50 | committed $686/1000 | naked $435 | funded 8/20 | verified 100.0% (29v/0u)
18:18:22 INFO sweep | 1/20 scoring | est $1.13/day | offers $58 | committed $694/1000 | naked $435 | funded 8/20 | verified 100.0% (29v/0u)
18:18:46 INFO sweep | 1/20 scoring | est $2.09/day | offers $58 | committed $694/1000 | naked $435 | funded 8/20 | verified 100.0% (29v/0u)
18:19:09 INFO sweep | 1/20 scoring | est $4.51/day | offers $62 | committed $698/1000 | naked $435 | funded 8/20 | verified 100.0% (29v/0u)
18:19:32 INFO sweep | 1/20 scoring | est $1.29/day | offers $62 | committed $698/1000 | naked $435 | funded 8/20 | verified 100.0% (29v/0u)
18:19:56 INFO sweep | 1/20 scoring | est $1.82/day | offers $59 | committed $695/1000 | naked $435 | funded 8/20 | verified 100.0% (29v/0u)
18:20:19 INFO sweep | 1/20 scoring | est $0.83/day | offers $61 | committed $696/1000 | naked $435 | funded 8/20 | verified 100.0% (29v/0u)
18:20:42 INFO sweep | 1/20 scoring | est $1.84/day | offers $62 | committed $698/1000 | naked $435 | funded 8/20 | verified 100.0% (29v/0u)
18:21:06 INFO sweep | 1/20 scoring | est $0.59/day | offers $59 | committed $695/1000 | naked $435 | funded 8/20 | verified 100.0% (29v/0u)
18:21:30 INFO sweep | 1/20 scoring | est $0.57/day | offers $58 | committed $694/1000 | naked $435 | funded 8/20 | verified 100.0% (29v/0u)
18:21:53 INFO sweep | 1/20 scoring | est $2.28/day | offers $55 | committed $691/1000 | naked $435 | funded 8/20 | verified 100.0% (29v/0u)
18:22:16 INFO sweep | 1/20 scoring | est $1.23/day | offers $57 | committed $692/1000 | naked $435 | funded 8/20 | verified 100.0% (29v/0u)
18:22:40 INFO sweep | 1/20 scoring | est $20.19/day | offers $59 | committed $695/1000 | naked $435 | funded 8/20 | verified 100.0% (29v/0u)
18:23:02 INFO sweep | 1/20 scoring | est $13.98/day | offers $59 | committed $695/1000 | naked $435 | funded 8/20 | verified 100.0% (29v/0u)
18:23:26 INFO sweep | 1/20 scoring | est $14.03/day | offers $57 | committed $692/1000 | naked $435 | funded 8/20 | verified 100.0% (29v/0u)
18:23:49 INFO sweep | 1/20 scoring | est $18.57/day | offers $62 | committed $698/1000 | naked $435 | funded 8/20 | verified 100.0% (29v/0u)
18:24:12 INFO sweep | 1/20 scoring | est $8.12/day | offers $58 | committed $694/1000 | naked $435 | funded 8/20 | verified 100.0% (29v/0u)
18:24:35 INFO sweep | 1/20 scoring | est $3.34/day | offers $61 | committed $696/1000 | naked $435 | funded 8/20 | verified 100.0% (29v/0u)
18:24:59 INFO sweep | 1/20 scoring | est $4.71/day | offers $61 | committed $696/1000 | naked $435 | funded 8/20 | verified 100.0% (29v/0u)
18:25:21 INFO sweep | 1/20 scoring | est $3.50/day | offers $61 | committed $696/1000 | naked $435 | funded 8/20 | verified 100.0% (29v/0u)
18:25:45 INFO sweep | 1/20 scoring | est $26.66/day | offers $59 | committed $695/1000 | naked $435 | funded 8/20 | verified 100.0% (29v/0u)
18:26:08 INFO sweep | 1/20 scoring | est $10.75/day | offers $55 | committed $691/1000 | naked $435 | funded 8/20 | verified 100.0% (29v/0u)
18:26:31 INFO sweep | 1/20 scoring | est $3.90/day | offers $55 | committed $691/1000 | naked $435 | funded 8/20 | verified 100.0% (29v/0u)
18:26:55 INFO sweep | 1/20 scoring | est $25.84/day | offers $62 | committed $698/1000 | naked $435 | funded 8/20 | verified 100.0% (29v/0u)
18:27:19 INFO sweep | 1/20 scoring | est $10.37/day | offers $63 | committed $699/1000 | naked $435 | funded 8/20 | verified 100.0% (29v/0u)
18:27:41 INFO sweep | 1/20 scoring | est $16.37/day | offers $69 | committed $704/1000 | naked $435 | funded 8/20 | verified 100.0% (29v/0u)
18:28:05 INFO sweep | 1/20 scoring | est $11.75/day | offers $77 | committed $713/1000 | naked $435 | funded 8/20 | verified 100.0% (29v/0u)
18:28:29 INFO sweep | 1/20 scoring | est $16.03/day | offers $82 | committed $718/1000 | naked $435 | funded 8/20 | verified 100.0% (29v/0u)
18:28:51 INFO sweep | 1/20 scoring | est $55.15/day | offers $85 | committed $721/1000 | naked $435 | funded 8/20 | verified 100.0% (29v/0u)
18:29:15 INFO sweep | 1/20 scoring | est $9.88/day | offers $85 | committed $721/1000 | naked $435 | funded 8/20 | verified 100.0% (29v/0u)
18:29:38 INFO sweep | 1/20 scoring | est $14.05/day | offers $85 | committed $721/1000 | naked $435 | funded 8/20 | verified 100.0% (29v/0u)
18:30:01 INFO sweep | 1/20 scoring | est $20.36/day | offers $82 | committed $718/1000 | naked $435 | funded 8/20 | verified 100.0% (29v/0u)
18:30:25 INFO sweep | 1/20 scoring | est $27.58/day | offers $81 | committed $717/1000 | naked $435 | funded 8/20 | verified 100.0% (29v/0u)
18:30:48 INFO sweep | 1/20 scoring | est $11.94/day | offers $80 | committed $715/1000 | naked $435 | funded 8/20 | verified 100.0% (29v/0u)
18:31:11 INFO sweep | 1/20 scoring | est $30.69/day | offers $84 | committed $719/1000 | naked $435 | funded 8/20 | verified 100.0% (29v/0u)
18:31:35 INFO sweep | 1/20 scoring | est $11.83/day | offers $86 | committed $722/1000 | naked $435 | funded 8/20 | verified 100.0% (29v/0u)
18:31:58 INFO sweep | 1/20 scoring | est $22.43/day | offers $85 | committed $721/1000 | naked $435 | funded 8/20 | verified 100.0% (29v/0u)
18:32:21 INFO sweep | 1/20 scoring | est $28.17/day | offers $90 | committed $726/1000 | naked $435 | funded 8/20 | verified 100.0% (29v/0u)
18:32:45 INFO sweep | 1/20 scoring | est $11.22/day | offers $92 | committed $727/1000 | naked $435 | funded 8/20 | verified 100.0% (29v/0u)
18:33:08 INFO sweep | 1/20 scoring | est $11.84/day | offers $101 | committed $737/1000 | naked $435 | funded 8/20 | verified 100.0% (29v/0u)
18:33:33 INFO sweep | 1/20 scoring | est $10.38/day | offers $108 | committed $744/1000 | naked $435 | funded 8/20 | verified 100.0% (29v/0u)
18:33:56 INFO sweep | 1/20 scoring | est $10.37/day | offers $115 | committed $750/1000 | naked $435 | funded 8/20 | verified 100.0% (29v/0u)
18:34:20 INFO sweep | 1/20 scoring | est $5.48/day | offers $107 | committed $742/1000 | naked $435 | funded 8/20 | verified 100.0% (29v/0u)
18:34:43 INFO sweep | 1/20 scoring | est $5.18/day | offers $107 | committed $742/1000 | naked $435 | funded 8/20 | verified 100.0% (29v/0u)
18:35:06 INFO sweep | 1/20 scoring | est $10.39/day | offers $111 | committed $746/1000 | naked $435 | funded 8/20 | verified 100.0% (29v/0u)
18:35:30 INFO sweep | 1/20 scoring | est $3.16/day | offers $109 | committed $745/1000 | naked $435 | funded 8/20 | verified 100.0% (29v/0u)
18:35:52 INFO sweep | 1/20 scoring | est $18.32/day | offers $111 | committed $746/1000 | naked $435 | funded 8/20 | verified 100.0% (29v/0u)
18:36:16 INFO sweep | 1/20 scoring | est $4.66/day | offers $112 | committed $748/1000 | naked $435 | funded 8/20 | verified 100.0% (29v/0u)
18:36:40 INFO sweep | 1/20 scoring | est $5.62/day | offers $115 | committed $750/1000 | naked $435 | funded 8/20 | verified 100.0% (29v/0u)
18:37:03 INFO sweep | 1/20 scoring | est $3.37/day | offers $115 | committed $750/1000 | naked $435 | funded 8/20 | verified 100.0% (29v/0u)
18:37:26 INFO sweep | 1/20 scoring | est $3.04/day | offers $115 | committed $750/1000 | naked $435 | funded 8/20 | verified 100.0% (29v/0u)
18:37:49 INFO sweep | 1/20 scoring | est $2.54/day | offers $112 | committed $748/1000 | naked $435 | funded 8/20 | verified 100.0% (29v/0u)
18:38:13 INFO sweep | 1/20 scoring | est $3.09/day | offers $112 | committed $748/1000 | naked $435 | funded 8/20 | verified 100.0% (29v/0u)
18:38:37 INFO sweep | 0/20 scoring | est $0.00/day | offers $0 | committed $636/1000 | naked $435 | funded 8/20 | verified 100.0% (29v/0u)
18:39:00 INFO sweep | 1/20 scoring | est $6.62/day | offers $88 | committed $723/1000 | naked $435 | funded 8/20 | verified 100.0% (29v/0u)
18:39:23 INFO sweep | 1/20 scoring | est $22.51/day | offers $94 | committed $730/1000 | naked $435 | funded 8/20 | verified 100.0% (29v/0u)
18:39:47 INFO FILL Will the price of Bitcoin be DOWN 17sh @ 0.700
18:39:47 INFO sweep | 1/20 scoring | est $5.35/day | offers $104 | committed $751/1000 | naked $425 | funded 8/20 | verified 100.0% (30v/0u)
18:40:10 INFO sweep | 1/20 scoring | est $6.08/day | offers $94 | committed $742/1000 | naked $425 | funded 8/20 | verified 100.0% (30v/0u)
18:40:33 INFO sweep | 1/20 scoring | est $8.36/day | offers $94 | committed $742/1000 | naked $425 | funded 8/20 | verified 100.0% (30v/0u)
18:40:57 INFO sweep | 1/20 scoring | est $5.42/day | offers $97 | committed $744/1000 | naked $425 | funded 8/20 | verified 100.0% (30v/0u)
18:41:20 INFO sweep | 1/20 scoring | est $18.86/day | offers $93 | committed $740/1000 | naked $425 | funded 8/20 | verified 100.0% (30v/0u)
18:41:43 INFO sweep | 1/20 scoring | est $4.71/day | offers $93 | committed $740/1000 | naked $425 | funded 8/20 | verified 100.0% (30v/0u)
18:42:07 INFO sweep | 1/20 scoring | est $11.64/day | offers $85 | committed $732/1000 | naked $425 | funded 8/20 | verified 100.0% (30v/0u)
18:42:30 INFO sweep | 1/20 scoring | est $16.34/day | offers $65 | committed $712/1000 | naked $425 | funded 8/20 | verified 100.0% (30v/0u)
18:42:53 INFO sweep | 1/20 scoring | est $9.30/day | offers $70 | committed $717/1000 | naked $425 | funded 8/20 | verified 100.0% (30v/0u)
18:43:16 INFO sweep | 1/20 scoring | est $18.19/day | offers $72 | committed $719/1000 | naked $425 | funded 8/20 | verified 100.0% (30v/0u)
18:43:40 INFO sweep | 1/20 scoring | est $8.52/day | offers $62 | committed $709/1000 | naked $425 | funded 8/20 | verified 100.0% (30v/0u)
18:44:03 INFO sweep | 1/20 scoring | est $20.64/day | offers $51 | committed $699/1000 | naked $425 | funded 8/20 | verified 100.0% (30v/0u)
18:44:26 INFO sweep | 1/20 scoring | est $9.13/day | offers $54 | committed $701/1000 | naked $425 | funded 8/20 | verified 100.0% (30v/0u)
18:44:50 INFO sweep | 1/20 scoring | est $37.22/day | offers $22 | committed $669/1000 | naked $425 | funded 8/20 | verified 100.0% (30v/0u)
18:45:13 INFO sweep | 1/20 scoring | est $7.74/day | offers $24 | committed $672/1000 | naked $425 | funded 8/20 | verified 100.0% (30v/0u)
18:45:37 INFO sweep | 1/20 scoring | est $2.26/day | offers $24 | committed $672/1000 | naked $425 | funded 8/20 | verified 100.0% (30v/0u)
18:46:00 INFO sweep | 1/20 scoring | est $2.02/day | offers $20 | committed $668/1000 | naked $425 | funded 8/20 | verified 100.0% (30v/0u)
18:46:23 INFO sweep | 1/20 scoring | est $4.08/day | offers $11 | committed $658/1000 | naked $425 | funded 8/20 | verified 100.0% (30v/0u)
18:46:47 INFO sweep | 1/20 scoring | est $4.44/day | offers $7 | committed $654/1000 | naked $425 | funded 8/20 | verified 100.0% (30v/0u)
18:47:11 INFO sweep | 1/20 scoring | est $3.85/day | offers $5 | committed $653/1000 | naked $425 | funded 8/20 | verified 100.0% (30v/0u)
18:47:34 INFO sweep | 1/20 scoring | est $1.58/day | offers $7 | committed $654/1000 | naked $425 | funded 8/20 | verified 100.0% (30v/0u)
18:47:58 INFO sweep | 1/20 scoring | est $1.58/day | offers $7 | committed $654/1000 | naked $425 | funded 8/20 | verified 100.0% (30v/0u)
18:48:23 INFO sweep | 1/20 scoring | est $1.96/day | offers $5 | committed $653/1000 | naked $425 | funded 8/20 | verified 100.0% (30v/0u)
18:48:45 INFO sweep | 1/20 scoring | est $4.44/day | offers $5 | committed $653/1000 | naked $425 | funded 8/20 | verified 100.0% (30v/0u)
18:49:09 INFO sweep | 1/20 scoring | est $2.14/day | offers $3 | committed $650/1000 | naked $425 | funded 8/20 | verified 100.0% (30v/0u)
18:49:32 INFO sweep | 1/20 scoring | est $12.39/day | offers $11 | committed $658/1000 | naked $425 | funded 9/20 | verified 100.0% (30v/0u)
18:49:55 INFO FILL Will the price of Bitcoin be DOWN 58sh @ 0.080
18:49:55 INFO sweep | 1/20 scoring | est $12.90/day | offers $8 | committed $660/1000 | naked $388 | funded 9/20 | verified 100.0% (31v/0u)
18:50:19 INFO sweep | 1/20 scoring | est $2.07/day | offers $126 | committed $777/1000 | naked $388 | funded 9/20 | verified 100.0% (31v/0u)
18:50:43 INFO sweep | 1/20 scoring | est $10.52/day | offers $8 | committed $660/1000 | naked $388 | funded 9/20 | verified 100.0% (31v/0u)
18:51:06 INFO sweep | 1/20 scoring | est $6.34/day | offers $126 | committed $777/1000 | naked $388 | funded 9/20 | verified 100.0% (31v/0u)
18:51:30 INFO sweep | 1/20 scoring | est $3.09/day | offers $4 | committed $656/1000 | naked $388 | funded 9/20 | verified 100.0% (31v/0u)
18:51:54 INFO sweep | 1/20 scoring | est $1.81/day | offers $126 | committed $777/1000 | naked $388 | funded 10/20 | verified 100.0% (31v/0u)
18:52:17 INFO sweep | 1/20 scoring | est $1.76/day | offers $126 | committed $777/1000 | naked $388 | funded 10/20 | verified 100.0% (31v/0u)
18:52:40 INFO sweep | 1/20 scoring | est $0.16/day | offers $126 | committed $777/1000 | naked $388 | funded 10/20 | verified 100.0% (31v/0u)
18:53:03 INFO sweep | 1/20 scoring | est $12.65/day | offers $126 | committed $777/1000 | naked $388 | funded 10/20 | verified 100.0% (31v/0u)
18:53:26 INFO sweep | 1/20 scoring | est $6.54/day | offers $4 | committed $656/1000 | naked $388 | funded 10/20 | verified 100.0% (31v/0u)
18:53:50 INFO sweep | 1/20 scoring | est $0.79/day | offers $126 | committed $777/1000 | naked $388 | funded 10/20 | verified 100.0% (31v/0u)
18:54:14 INFO sweep | 1/20 scoring | est $0.32/day | offers $126 | committed $777/1000 | naked $388 | funded 10/20 | verified 100.0% (31v/0u)
18:54:37 INFO sweep | 1/20 scoring | est $4.35/day | offers $126 | committed $777/1000 | naked $388 | funded 10/20 | verified 100.0% (31v/0u)
18:55:00 INFO sweep | 1/20 scoring | est $0.09/day | offers $126 | committed $777/1000 | naked $388 | funded 10/20 | verified 100.0% (31v/0u)
18:55:23 INFO sweep | 1/20 scoring | est $2.93/day | offers $126 | committed $777/1000 | naked $388 | funded 10/20 | verified 100.0% (31v/0u)
18:55:46 INFO sweep | 1/20 scoring | est $5.54/day | offers $126 | committed $777/1000 | naked $388 | funded 10/20 | verified 100.0% (31v/0u)
18:56:10 INFO sweep | 1/20 scoring | est $0.00/day | offers $126 | committed $777/1000 | naked $388 | funded 10/20 | verified 100.0% (31v/0u)
18:56:33 INFO sweep | 0/20 scoring | est $0.00/day | offers $0 | committed $652/1000 | naked $388 | funded 10/20 | verified 100.0% (31v/0u)
18:56:55 INFO sweep | 0/20 scoring | est $0.00/day | offers $0 | committed $652/1000 | naked $388 | funded 10/20 | verified 100.0% (31v/0u)
18:57:19 INFO sweep | 1/20 scoring | est $0.00/day | offers $128 | committed $780/1000 | naked $388 | funded 10/20 | verified 100.0% (31v/0u)
18:57:46 INFO sweep | 1/20 scoring | est $0.00/day | offers $128 | committed $780/1000 | naked $388 | funded 10/20 | verified 100.0% (31v/0u)
18:58:09 INFO sweep | 1/20 scoring | est $0.00/day | offers $128 | committed $780/1000 | naked $388 | funded 10/20 | verified 100.0% (31v/0u)
18:58:32 INFO sweep | 0/20 scoring | est $0.00/day | offers $0 | committed $652/1000 | naked $388 | funded 10/20 | verified 100.0% (31v/0u)
18:58:59 INFO sweep | 1/20 scoring | est $0.05/day | offers $128 | committed $780/1000 | naked $388 | funded 10/20 | verified 100.0% (31v/0u)
18:59:22 INFO sweep | 1/20 scoring | est $0.00/day | offers $128 | committed $780/1000 | naked $388 | funded 10/20 | verified 100.0% (31v/0u)
18:59:45 INFO sweep | 1/20 scoring | est $0.15/day | offers $130 | committed $782/1000 | naked $388 | funded 10/20 | verified 100.0% (31v/0u)
19:00:08 INFO FILL Will the price of Bitcoin be UP   112sh @ 0.960
19:00:08 INFO sweep | 0/20 scoring | est $0.00/day | offers $0 | committed $759/1000 | naked $481 | funded 10/20 | verified 100.0% (32v/0u)
19:00:31 INFO sweep | 0/20 scoring | est $0.00/day | offers $0 | committed $759/1000 | naked $481 | funded 10/20 | verified 100.0% (32v/0u)
19:00:54 INFO sweep | 0/20 scoring | est $0.00/day | offers $0 | committed $759/1000 | naked $481 | funded 10/20 | verified 100.0% (32v/0u)
19:01:17 INFO sweep | 0/20 scoring | est $0.00/day | offers $0 | committed $759/1000 | naked $481 | funded 10/20 | verified 100.0% (32v/0u)
19:01:40 INFO sweep | 0/20 scoring | est $0.00/day | offers $0 | committed $759/1000 | naked $481 | funded 10/20 | verified 100.0% (32v/0u)
19:02:03 INFO sweep | 0/20 scoring | est $0.00/day | offers $0 | committed $759/1000 | naked $481 | funded 10/20 | verified 100.0% (32v/0u)
19:02:26 INFO sweep | 0/20 scoring | est $0.00/day | offers $0 | committed $759/1000 | naked $481 | funded 10/20 | verified 100.0% (32v/0u)
19:02:49 INFO sweep | 0/20 scoring | est $0.00/day | offers $0 | committed $759/1000 | naked $481 | funded 10/20 | verified 100.0% (32v/0u)
19:03:12 INFO sweep | 0/20 scoring | est $0.00/day | offers $0 | committed $759/1000 | naked $481 | funded 10/20 | verified 100.0% (32v/0u)
19:03:37 INFO sweep | 0/20 scoring | est $0.00/day | offers $0 | committed $759/1000 | naked $481 | funded 10/20 | verified 100.0% (32v/0u)
19:03:59 INFO sweep | 0/20 scoring | est $0.00/day | offers $0 | committed $759/1000 | naked $481 | funded 10/20 | verified 100.0% (32v/0u)
19:04:22 INFO sweep | 0/20 scoring | est $0.00/day | offers $0 | committed $759/1000 | naked $481 | funded 10/20 | verified 100.0% (32v/0u)
19:04:46 INFO sweep | 0/20 scoring | est $0.00/day | offers $0 | committed $759/1000 | naked $481 | funded 10/20 | verified 100.0% (32v/0u)
19:05:09 INFO sweep | 0/20 scoring | est $0.00/day | offers $0 | committed $759/1000 | naked $481 | funded 10/20 | verified 100.0% (32v/0u)
19:05:32 INFO sweep | 0/20 scoring | est $0.00/day | offers $0 | committed $759/1000 | naked $481 | funded 10/20 | verified 100.0% (32v/0u)
19:05:55 INFO sweep | 0/20 scoring | est $0.00/day | offers $0 | committed $759/1000 | naked $481 | funded 10/20 | verified 100.0% (32v/0u)
19:06:17 INFO sweep | 0/20 scoring | est $0.00/day | offers $0 | committed $759/1000 | naked $481 | funded 10/20 | verified 100.0% (32v/0u)
19:06:40 INFO sweep | 0/20 scoring | est $0.00/day | offers $0 | committed $759/1000 | naked $481 | funded 10/20 | verified 100.0% (32v/0u)
19:07:03 INFO sweep | 0/20 scoring | est $0.00/day | offers $0 | committed $759/1000 | naked $481 | funded 10/20 | verified 100.0% (32v/0u)
19:07:26 INFO sweep | 0/20 scoring | est $0.00/day | offers $0 | committed $759/1000 | naked $481 | funded 10/20 | verified 100.0% (32v/0u)
19:07:49 INFO sweep | 0/20 scoring | est $0.00/day | offers $0 | committed $759/1000 | naked $481 | funded 10/20 | verified 100.0% (32v/0u)
19:08:12 INFO sweep | 0/20 scoring | est $0.00/day | offers $0 | committed $759/1000 | naked $481 | funded 10/20 | verified 100.0% (32v/0u)
19:08:34 INFO sweep | 0/20 scoring | est $0.00/day | offers $0 | committed $759/1000 | naked $481 | funded 10/20 | verified 100.0% (32v/0u)
19:08:57 INFO sweep | 0/20 scoring | est $0.00/day | offers $0 | committed $759/1000 | naked $481 | funded 10/20 | verified 100.0% (32v/0u)
19:09:20 INFO sweep | 0/20 scoring | est $0.00/day | offers $0 | committed $759/1000 | naked $481 | funded 10/20 | verified 100.0% (32v/0u)
19:09:42 INFO sweep | 0/20 scoring | est $0.00/day | offers $0 | committed $759/1000 | naked $481 | funded 10/20 | verified 100.0% (32v/0u)
19:10:05 INFO sweep | 0/20 scoring | est $0.00/day | offers $0 | committed $759/1000 | naked $481 | funded 10/20 | verified 100.0% (32v/0u)
19:10:28 INFO sweep | 0/20 scoring | est $0.00/day | offers $0 | committed $759/1000 | naked $481 | funded 10/20 | verified 100.0% (32v/0u)
19:10:50 INFO sweep | 0/20 scoring | est $0.00/day | offers $0 | committed $759/1000 | naked $481 | funded 10/20 | verified 100.0% (32v/0u)
19:11:13 INFO sweep | 0/20 scoring | est $0.00/day | offers $0 | committed $759/1000 | naked $481 | funded 10/20 | verified 100.0% (32v/0u)
19:11:36 INFO sweep | 0/20 scoring | est $0.00/day | offers $0 | committed $759/1000 | naked $481 | funded 10/20 | verified 100.0% (32v/0u)
19:11:59 INFO sweep | 0/20 scoring | est $0.00/day | offers $0 | committed $759/1000 | naked $481 | funded 10/20 | verified 100.0% (32v/0u)
19:12:21 INFO sweep | 0/20 scoring | est $0.00/day | offers $0 | committed $759/1000 | naked $481 | funded 10/20 | verified 100.0% (32v/0u)
19:12:44 INFO sweep | 0/20 scoring | est $0.00/day | offers $0 | committed $759/1000 | naked $481 | funded 10/20 | verified 100.0% (32v/0u)
19:13:07 INFO sweep | 0/20 scoring | est $0.00/day | offers $0 | committed $759/1000 | naked $481 | funded 10/20 | verified 100.0% (32v/0u)
19:13:30 INFO sweep | 0/20 scoring | est $0.00/day | offers $0 | committed $759/1000 | naked $481 | funded 10/20 | verified 100.0% (32v/0u)
19:13:52 INFO sweep | 0/20 scoring | est $0.00/day | offers $0 | committed $759/1000 | naked $481 | funded 10/20 | verified 100.0% (32v/0u)
19:14:14 INFO sweep | 0/20 scoring | est $0.00/day | offers $0 | committed $759/1000 | naked $481 | funded 10/20 | verified 100.0% (32v/0u)
19:14:36 INFO sweep | 0/20 scoring | est $0.00/day | offers $0 | committed $759/1000 | naked $481 | funded 10/20 | verified 100.0% (32v/0u)
19:14:58 INFO sweep | 0/20 scoring | est $0.00/day | offers $0 | committed $759/1000 | naked $481 | funded 10/20 | verified 100.0% (32v/0u)
19:15:20 INFO sweep | 0/20 scoring | est $0.00/day | offers $0 | committed $759/1000 | naked $481 | funded 10/20 | verified 100.0% (32v/0u)
19:15:43 INFO sweep | 0/20 scoring | est $0.00/day | offers $0 | committed $759/1000 | naked $481 | funded 10/20 | verified 100.0% (32v/0u)
19:16:05 INFO sweep | 0/20 scoring | est $0.00/day | offers $0 | committed $759/1000 | naked $481 | funded 10/20 | verified 100.0% (32v/0u)
19:16:27 INFO sweep | 0/20 scoring | est $0.00/day | offers $0 | committed $759/1000 | naked $481 | funded 10/20 | verified 100.0% (32v/0u)
19:16:49 INFO sweep | 0/20 scoring | est $0.00/day | offers $0 | committed $759/1000 | naked $481 | funded 10/20 | verified 100.0% (32v/0u)
19:17:11 INFO sweep | 0/20 scoring | est $0.00/day | offers $0 | committed $759/1000 | naked $481 | funded 10/20 | verified 100.0% (32v/0u)
19:17:33 INFO sweep | 0/20 scoring | est $0.00/day | offers $0 | committed $759/1000 | naked $481 | funded 10/20 | verified 100.0% (32v/0u)
19:17:56 INFO sweep | 0/20 scoring | est $0.00/day | offers $0 | committed $759/1000 | naked $481 | funded 10/20 | verified 100.0% (32v/0u)
19:18:16 INFO resolved elon-musk-of-tweets-july-28-august-4-200-219 -> 461031236793
19:18:16 INFO RESOLVE 1 market(s) settled
19:18:20 INFO sweep | 0/20 scoring | est $0.00/day | offers $0 | committed $759/1000 | naked $481 | funded 10/20 | verified 100.0% (32v/0u)
19:18:41 INFO sweep | 0/20 scoring | est $0.00/day | offers $0 | committed $759/1000 | naked $481 | funded 10/20 | verified 100.0% (32v/0u)
19:19:04 INFO sweep | 0/20 scoring | est $0.00/day | offers $0 | committed $759/1000 | naked $481 | funded 10/20 | verified 100.0% (32v/0u)
19:19:26 INFO sweep | 0/20 scoring | est $0.00/day | offers $0 | committed $759/1000 | naked $481 | funded 10/20 | verified 100.0% (32v/0u)
19:19:48 INFO sweep | 0/20 scoring | est $0.00/day | offers $0 | committed $759/1000 | naked $481 | funded 10/20 | verified 100.0% (32v/0u)
19:20:10 INFO sweep | 0/20 scoring | est $0.00/day | offers $0 | committed $759/1000 | naked $481 | funded 10/20 | verified 100.0% (32v/0u)
19:20:33 INFO sweep | 0/20 scoring | est $0.00/day | offers $0 | committed $759/1000 | naked $481 | funded 10/20 | verified 100.0% (32v/0u)
19:20:54 INFO sweep | 0/20 scoring | est $0.00/day | offers $0 | committed $759/1000 | naked $481 | funded 10/20 | verified 100.0% (32v/0u)
19:21:17 INFO sweep | 0/20 scoring | est $0.00/day | offers $0 | committed $759/1000 | naked $481 | funded 10/20 | verified 100.0% (32v/0u)
19:21:39 INFO sweep | 0/20 scoring | est $0.00/day | offers $0 | committed $759/1000 | naked $481 | funded 10/20 | verified 100.0% (32v/0u)
19:22:01 INFO sweep | 0/20 scoring | est $0.00/day | offers $0 | committed $759/1000 | naked $481 | funded 10/20 | verified 100.0% (32v/0u)
19:22:23 INFO sweep | 0/20 scoring | est $0.00/day | offers $0 | committed $759/1000 | naked $481 | funded 10/20 | verified 100.0% (32v/0u)
19:22:46 INFO sweep | 0/20 scoring | est $0.00/day | offers $0 | committed $759/1000 | naked $481 | funded 10/20 | verified 100.0% (32v/0u)
19:23:08 INFO sweep | 0/20 scoring | est $0.00/day | offers $0 | committed $759/1000 | naked $481 | funded 10/20 | verified 100.0% (32v/0u)
19:23:30 INFO sweep | 0/20 scoring | est $0.00/day | offers $0 | committed $759/1000 | naked $481 | funded 10/20 | verified 100.0% (32v/0u)
19:23:52 INFO sweep | 0/20 scoring | est $0.00/day | offers $0 | committed $759/1000 | naked $481 | funded 10/20 | verified 100.0% (32v/0u)
19:24:14 INFO sweep | 0/20 scoring | est $0.00/day | offers $0 | committed $759/1000 | naked $481 | funded 10/20 | verified 100.0% (32v/0u)
19:24:36 INFO sweep | 0/20 scoring | est $0.00/day | offers $0 | committed $759/1000 | naked $481 | funded 10/20 | verified 100.0% (32v/0u)
19:24:59 INFO sweep | 0/20 scoring | est $0.00/day | offers $0 | committed $759/1000 | naked $481 | funded 10/20 | verified 100.0% (32v/0u)
19:25:21 INFO sweep | 0/20 scoring | est $0.00/day | offers $0 | committed $759/1000 | naked $481 | funded 10/20 | verified 100.0% (32v/0u)
19:25:43 INFO sweep | 0/20 scoring | est $0.00/day | offers $0 | committed $759/1000 | naked $481 | funded 10/20 | verified 100.0% (32v/0u)
19:26:05 INFO sweep | 0/20 scoring | est $0.00/day | offers $0 | committed $759/1000 | naked $481 | funded 10/20 | verified 100.0% (32v/0u)
19:26:27 INFO sweep | 0/20 scoring | est $0.00/day | offers $0 | committed $759/1000 | naked $481 | funded 10/20 | verified 100.0% (32v/0u)
19:26:49 INFO sweep | 0/20 scoring | est $0.00/day | offers $0 | committed $759/1000 | naked $481 | funded 10/20 | verified 100.0% (32v/0u)
19:27:12 INFO sweep | 0/20 scoring | est $0.00/day | offers $0 | committed $759/1000 | naked $481 | funded 10/20 | verified 100.0% (32v/0u)
19:45:28 WARNING Grodzisk Mazowiecki: Fares Zak: HTTPSConnectionPool(host='clob.polymarket.com', port=443): Max retries exceeded with url: /markets/0xbb57200ecc3277d77ab18ae0734966050600cb0760014f01de71a4ba34cbee58 (Caused by NameResolutionError("HTTPSConnection(host='clob.polymarket.com', port=443): Failed to resolve 'clob.polymarket.com' ([Errno 11001] getaddrinfo failed)"))
19:45:30 WARNING Grodzisk Mazowiecki: Michele R: HTTPSConnectionPool(host='clob.polymarket.com', port=443): Max retries exceeded with url: /markets/0x5319b299241c9c43a07b756e9b32b9a9c50edbab07c3292645f7e4e959df994e (Caused by NameResolutionError("HTTPSConnection(host='clob.polymarket.com', port=443): Failed to resolve 'clob.polymarket.com' ([Errno 11001] getaddrinfo failed)"))
19:45:31 WARNING Mubadala Citi DC Open: Jessica: HTTPSConnectionPool(host='clob.polymarket.com', port=443): Max retries exceeded with url: /markets/0x7a50d6ca06cd4b6c1d49d86d5852f6d3c9ae68ea7b2fb3407ce5f9dbd0d6e7d2 (Caused by NameResolutionError("HTTPSConnection(host='clob.polymarket.com', port=443): Failed to resolve 'clob.polymarket.com' ([Errno 11001] getaddrinfo failed)"))
19:45:35 INFO sweep | 0/20 scoring | est $0.00/day | offers $0 | committed $759/1000 | naked $481 | funded 10/20 | verified 100.0% (32v/0u)
19:45:36 WARNING Will Elon Musk post 40-64 twee: HTTPSConnectionPool(host='clob.polymarket.com', port=443): Max retries exceeded with url: /markets/0x12f41495368762c249e7ff069a1484f8954a34d178bafc6bfbfda0c473fd6dff (Caused by NameResolutionError("HTTPSConnection(host='clob.polymarket.com', port=443): Failed to resolve 'clob.polymarket.com' ([Errno 11001] getaddrinfo failed)"))
19:45:37 WARNING Will Elon Musk post <40 tweets: HTTPSConnectionPool(host='clob.polymarket.com', port=443): Max retries exceeded with url: /markets/0xcf68640be0770763444cdb7276913ed566ca24e91d684eca37b75ed8c3a48a16 (Caused by NameResolutionError("HTTPSConnection(host='clob.polymarket.com', port=443): Failed to resolve 'clob.polymarket.com' ([Errno 11001] getaddrinfo failed)"))
19:45:40 WARNING Counter-Strike: MOUZ NXT vs Mi: HTTPSConnectionPool(host='clob.polymarket.com', port=443): Max retries exceeded with url: /markets/0x2498c20721a62f1ff81a432a2c85f98af1d598ba4a8ab1cc258b0405cf10c67f (Caused by NameResolutionError("HTTPSConnection(host='clob.polymarket.com', port=443): Failed to resolve 'clob.polymarket.com' ([Errno 11001] getaddrinfo failed)"))
19:45:53 WARNING Counter-Strike: ARCRED vs Butt: HTTPSConnectionPool(host='clob.polymarket.com', port=443): Max retries exceeded with url: /markets/0x149d28e7f5aaa243c78bd97f670706663b4b34b1aa6b5d466c7f684e91f50b7a (Caused by NameResolutionError("HTTPSConnection(host='clob.polymarket.com', port=443): Failed to resolve 'clob.polymarket.com' ([Errno 11001] getaddrinfo failed)"))
19:46:12 INFO sweep | 0/20 scoring | est $0.00/day | offers $0 | committed $759/1000 | naked $481 | funded 10/20 | verified 100.0% (32v/0u)
19:46:33 INFO sweep | 0/20 scoring | est $0.00/day | offers $0 | committed $759/1000 | naked $481 | funded 10/20 | verified 100.0% (32v/0u)
19:46:55 INFO sweep | 0/20 scoring | est $0.00/day | offers $0 | committed $759/1000 | naked $481 | funded 10/20 | verified 100.0% (32v/0u)
19:47:17 INFO sweep | 0/20 scoring | est $0.00/day | offers $0 | committed $759/1000 | naked $481 | funded 10/20 | verified 100.0% (32v/0u)
19:47:39 INFO sweep | 0/20 scoring | est $0.00/day | offers $0 | committed $759/1000 | naked $481 | funded 10/20 | verified 100.0% (32v/0u)
19:48:00 INFO sweep | 0/20 scoring | est $0.00/day | offers $0 | committed $759/1000 | naked $481 | funded 10/20 | verified 100.0% (32v/0u)
19:48:22 INFO sweep | 0/20 scoring | est $0.00/day | offers $0 | committed $759/1000 | naked $481 | funded 10/20 | verified 100.0% (32v/0u)
19:48:44 INFO sweep | 0/20 scoring | est $0.00/day | offers $0 | committed $759/1000 | naked $481 | funded 10/20 | verified 100.0% (32v/0u)
19:49:05 INFO sweep | 0/20 scoring | est $0.00/day | offers $0 | committed $759/1000 | naked $481 | funded 10/20 | verified 100.0% (32v/0u)
19:49:27 INFO sweep | 0/20 scoring | est $0.00/day | offers $0 | committed $759/1000 | naked $481 | funded 10/20 | verified 100.0% (32v/0u)
19:49:48 INFO sweep | 0/20 scoring | est $0.00/day | offers $0 | committed $759/1000 | naked $481 | funded 10/20 | verified 100.0% (32v/0u)
19:50:10 INFO sweep | 0/20 scoring | est $0.00/day | offers $0 | committed $759/1000 | naked $481 | funded 10/20 | verified 100.0% (32v/0u)
19:50:32 INFO sweep | 0/20 scoring | est $0.00/day | offers $0 | committed $759/1000 | naked $481 | funded 10/20 | verified 100.0% (32v/0u)
19:50:53 INFO sweep | 0/20 scoring | est $0.00/day | offers $0 | committed $759/1000 | naked $481 | funded 10/20 | verified 100.0% (32v/0u)
19:51:15 INFO sweep | 0/20 scoring | est $0.00/day | offers $0 | committed $759/1000 | naked $481 | funded 10/20 | verified 100.0% (32v/0u)
19:51:37 INFO sweep | 0/20 scoring | est $0.00/day | offers $0 | committed $759/1000 | naked $481 | funded 10/20 | verified 100.0% (32v/0u)
19:51:58 INFO sweep | 0/20 scoring | est $0.00/day | offers $0 | committed $759/1000 | naked $481 | funded 10/20 | verified 100.0% (32v/0u)
19:52:20 INFO sweep | 0/20 scoring | est $0.00/day | offers $0 | committed $759/1000 | naked $481 | funded 10/20 | verified 100.0% (32v/0u)
19:52:42 INFO sweep | 0/20 scoring | est $0.00/day | offers $0 | committed $759/1000 | naked $481 | funded 10/20 | verified 100.0% (32v/0u)
19:53:03 INFO sweep | 0/20 scoring | est $0.00/day | offers $0 | committed $759/1000 | naked $481 | funded 10/20 | verified 100.0% (32v/0u)
19:53:25 INFO sweep | 0/20 scoring | est $0.00/day | offers $0 | committed $759/1000 | naked $481 | funded 10/20 | verified 100.0% (32v/0u)
19:53:47 INFO sweep | 0/20 scoring | est $0.00/day | offers $0 | committed $759/1000 | naked $481 | funded 10/20 | verified 100.0% (32v/0u)
19:54:08 INFO sweep | 0/20 scoring | est $0.00/day | offers $0 | committed $759/1000 | naked $481 | funded 10/20 | verified 100.0% (32v/0u)
19:54:30 INFO sweep | 0/20 scoring | est $0.00/day | offers $0 | committed $759/1000 | naked $481 | funded 10/20 | verified 100.0% (32v/0u)
19:54:52 INFO sweep | 0/20 scoring | est $0.00/day | offers $0 | committed $759/1000 | naked $481 | funded 10/20 | verified 100.0% (32v/0u)
19:55:13 INFO sweep | 0/20 scoring | est $0.00/day | offers $0 | committed $759/1000 | naked $481 | funded 10/20 | verified 100.0% (32v/0u)
19:55:34 INFO sweep | 0/20 scoring | est $0.00/day | offers $0 | committed $759/1000 | naked $481 | funded 10/20 | verified 100.0% (32v/0u)
19:55:56 INFO sweep | 0/20 scoring | est $0.00/day | offers $0 | committed $759/1000 | naked $481 | funded 10/20 | verified 100.0% (32v/0u)
19:56:18 INFO sweep | 0/20 scoring | est $0.00/day | offers $0 | committed $759/1000 | naked $481 | funded 10/20 | verified 100.0% (32v/0u)
19:56:39 INFO sweep | 0/20 scoring | est $0.00/day | offers $0 | committed $759/1000 | naked $481 | funded 10/20 | verified 100.0% (32v/0u)
19:57:01 INFO sweep | 0/20 scoring | est $0.00/day | offers $0 | committed $759/1000 | naked $481 | funded 10/20 | verified 100.0% (32v/0u)
19:57:23 INFO sweep | 0/20 scoring | est $0.00/day | offers $0 | committed $759/1000 | naked $481 | funded 10/20 | verified 100.0% (32v/0u)
19:57:44 INFO sweep | 0/20 scoring | est $0.00/day | offers $0 | committed $759/1000 | naked $481 | funded 10/20 | verified 100.0% (32v/0u)
19:58:06 INFO sweep | 0/20 scoring | est $0.00/day | offers $0 | committed $759/1000 | naked $481 | funded 10/20 | verified 100.0% (32v/0u)
19:58:27 INFO sweep | 0/20 scoring | est $0.00/day | offers $0 | committed $759/1000 | naked $481 | funded 10/20 | verified 100.0% (32v/0u)
19:58:49 INFO sweep | 0/20 scoring | est $0.00/day | offers $0 | committed $759/1000 | naked $481 | funded 10/20 | verified 100.0% (32v/0u)
19:59:11 INFO sweep | 0/20 scoring | est $0.00/day | offers $0 | committed $759/1000 | naked $481 | funded 10/20 | verified 100.0% (32v/0u)
19:59:32 INFO sweep | 0/20 scoring | est $0.00/day | offers $0 | committed $759/1000 | naked $481 | funded 10/20 | verified 100.0% (32v/0u)
19:59:54 INFO sweep | 0/20 scoring | est $0.00/day | offers $0 | committed $759/1000 | naked $481 | funded 10/20 | verified 100.0% (32v/0u)
20:00:15 INFO sweep | 0/20 scoring | est $0.00/day | offers $0 | committed $759/1000 | naked $481 | funded 10/20 | verified 100.0% (32v/0u)
20:00:27 INFO resolved bitcoin-above-64k-on-august-4-2026 -> 295557628208
20:00:28 INFO RESOLVE 1 market(s) settled
20:00:38 INFO sweep | 0/20 scoring | est $0.00/day | offers $0 | committed $759/1000 | naked $481 | funded 10/20 | verified 100.0% (32v/0u)
20:01:00 INFO sweep | 0/20 scoring | est $0.00/day | offers $0 | committed $759/1000 | naked $481 | funded 10/20 | verified 100.0% (32v/0u)
20:01:22 INFO sweep | 0/20 scoring | est $0.00/day | offers $0 | committed $759/1000 | naked $481 | funded 10/20 | verified 100.0% (32v/0u)
20:01:43 INFO sweep | 0/20 scoring | est $0.00/day | offers $0 | committed $759/1000 | naked $481 | funded 10/20 | verified 100.0% (32v/0u)
20:02:05 INFO sweep | 0/20 scoring | est $0.00/day | offers $0 | committed $759/1000 | naked $481 | funded 10/20 | verified 100.0% (32v/0u)
20:02:27 INFO sweep | 0/20 scoring | est $0.00/day | offers $0 | committed $759/1000 | naked $481 | funded 10/20 | verified 100.0% (32v/0u)
20:02:49 INFO sweep | 0/20 scoring | est $0.00/day | offers $0 | committed $759/1000 | naked $481 | funded 10/20 | verified 100.0% (32v/0u)
20:03:10 INFO sweep | 0/20 scoring | est $0.00/day | offers $0 | committed $759/1000 | naked $481 | funded 10/20 | verified 100.0% (32v/0u)
20:03:32 INFO sweep | 0/20 scoring | est $0.00/day | offers $0 | committed $759/1000 | naked $481 | funded 10/20 | verified 100.0% (32v/0u)
20:03:53 INFO sweep | 0/20 scoring | est $0.00/day | offers $0 | committed $759/1000 | naked $481 | funded 10/20 | verified 100.0% (32v/0u)
20:04:15 INFO sweep | 0/20 scoring | est $0.00/day | offers $0 | committed $759/1000 | naked $481 | funded 10/20 | verified 100.0% (32v/0u)
20:04:37 INFO sweep | 0/20 scoring | est $0.00/day | offers $0 | committed $759/1000 | naked $481 | funded 10/20 | verified 100.0% (32v/0u)
20:04:58 INFO sweep | 0/20 scoring | est $0.00/day | offers $0 | committed $759/1000 | naked $481 | funded 10/20 | verified 100.0% (32v/0u)
20:05:20 INFO sweep | 0/20 scoring | est $0.00/day | offers $0 | committed $759/1000 | naked $481 | funded 10/20 | verified 100.0% (32v/0u)
20:05:41 INFO sweep | 0/20 scoring | est $0.00/day | offers $0 | committed $759/1000 | naked $481 | funded 10/20 | verified 100.0% (32v/0u)
20:06:03 INFO sweep | 0/20 scoring | est $0.00/day | offers $0 | committed $759/1000 | naked $481 | funded 10/20 | verified 100.0% (32v/0u)
20:06:24 INFO sweep | 0/20 scoring | est $0.00/day | offers $0 | committed $759/1000 | naked $481 | funded 10/20 | verified 100.0% (32v/0u)
20:06:46 INFO sweep | 0/20 scoring | est $0.00/day | offers $0 | committed $759/1000 | naked $481 | funded 10/20 | verified 100.0% (32v/0u)
20:07:07 INFO sweep | 0/20 scoring | est $0.00/day | offers $0 | committed $759/1000 | naked $481 | funded 10/20 | verified 100.0% (32v/0u)
20:07:29 INFO sweep | 0/20 scoring | est $0.00/day | offers $0 | committed $759/1000 | naked $481 | funded 10/20 | verified 100.0% (32v/0u)
20:07:51 INFO sweep | 0/20 scoring | est $0.00/day | offers $0 | committed $759/1000 | naked $481 | funded 10/20 | verified 100.0% (32v/0u)
20:08:12 INFO sweep | 0/20 scoring | est $0.00/day | offers $0 | committed $759/1000 | naked $481 | funded 10/20 | verified 100.0% (32v/0u)
20:08:34 INFO sweep | 0/20 scoring | est $0.00/day | offers $0 | committed $759/1000 | naked $481 | funded 10/20 | verified 100.0% (32v/0u)
20:08:56 INFO sweep | 0/20 scoring | est $0.00/day | offers $0 | committed $759/1000 | naked $481 | funded 10/20 | verified 100.0% (32v/0u)
20:09:17 INFO sweep | 0/20 scoring | est $0.00/day | offers $0 | committed $759/1000 | naked $481 | funded 10/20 | verified 100.0% (32v/0u)
20:09:38 INFO sweep | 0/20 scoring | est $0.00/day | offers $0 | committed $759/1000 | naked $481 | funded 10/20 | verified 100.0% (32v/0u)
20:10:00 INFO sweep | 0/20 scoring | est $0.00/day | offers $0 | committed $759/1000 | naked $481 | funded 10/20 | verified 100.0% (32v/0u)
20:10:22 INFO sweep | 0/20 scoring | est $0.00/day | offers $0 | committed $759/1000 | naked $481 | funded 10/20 | verified 100.0% (32v/0u)
20:10:43 INFO sweep | 0/20 scoring | est $0.00/day | offers $0 | committed $759/1000 | naked $481 | funded 10/20 | verified 100.0% (32v/0u)
20:11:05 INFO sweep | 0/20 scoring | est $0.00/day | offers $0 | committed $759/1000 | naked $481 | funded 10/20 | verified 100.0% (32v/0u)
20:11:26 INFO sweep | 0/20 scoring | est $0.00/day | offers $0 | committed $759/1000 | naked $481 | funded 10/20 | verified 100.0% (32v/0u)
20:11:48 INFO sweep | 0/20 scoring | est $0.00/day | offers $0 | committed $759/1000 | naked $481 | funded 10/20 | verified 100.0% (32v/0u)
20:12:10 INFO sweep | 0/20 scoring | est $0.00/day | offers $0 | committed $759/1000 | naked $481 | funded 10/20 | verified 100.0% (32v/0u)
20:12:31 INFO sweep | 0/20 scoring | est $0.00/day | offers $0 | committed $759/1000 | naked $481 | funded 10/20 | verified 100.0% (32v/0u)
20:12:52 INFO sweep | 0/20 scoring | est $0.00/day | offers $0 | committed $759/1000 | naked $481 | funded 10/20 | verified 100.0% (32v/0u)
20:13:14 INFO sweep | 0/20 scoring | est $0.00/day | offers $0 | committed $759/1000 | naked $481 | funded 10/20 | verified 100.0% (32v/0u)
20:13:36 INFO sweep | 0/20 scoring | est $0.00/day | offers $0 | committed $759/1000 | naked $481 | funded 10/20 | verified 100.0% (32v/0u)
20:13:57 INFO sweep | 0/20 scoring | est $0.00/day | offers $0 | committed $759/1000 | naked $481 | funded 10/20 | verified 100.0% (32v/0u)
20:14:19 INFO sweep | 0/20 scoring | est $0.00/day | offers $0 | committed $759/1000 | naked $481 | funded 10/20 | verified 100.0% (32v/0u)
20:14:40 INFO sweep | 0/20 scoring | est $0.00/day | offers $0 | committed $759/1000 | naked $481 | funded 10/20 | verified 100.0% (32v/0u)
20:15:02 INFO sweep | 0/20 scoring | est $0.00/day | offers $0 | committed $759/1000 | naked $481 | funded 10/20 | verified 100.0% (32v/0u)
20:15:24 INFO sweep | 0/20 scoring | est $0.00/day | offers $0 | committed $759/1000 | naked $481 | funded 10/20 | verified 100.0% (32v/0u)
20:15:46 INFO sweep | 0/20 scoring | est $0.00/day | offers $0 | committed $759/1000 | naked $481 | funded 10/20 | verified 100.0% (32v/0u)
20:16:09 INFO sweep | 0/20 scoring | est $0.00/day | offers $0 | committed $759/1000 | naked $481 | funded 10/20 | verified 100.0% (32v/0u)
20:16:31 INFO sweep | 0/20 scoring | est $0.00/day | offers $0 | committed $759/1000 | naked $481 | funded 10/20 | verified 100.0% (32v/0u)
20:16:52 INFO sweep | 0/20 scoring | est $0.00/day | offers $0 | committed $759/1000 | naked $481 | funded 10/20 | verified 100.0% (32v/0u)
20:17:14 INFO sweep | 0/20 scoring | est $0.00/day | offers $0 | committed $759/1000 | naked $481 | funded 10/20 | verified 100.0% (32v/0u)
20:17:36 INFO sweep | 0/20 scoring | est $0.00/day | offers $0 | committed $759/1000 | naked $481 | funded 10/20 | verified 100.0% (32v/0u)
20:17:58 INFO sweep | 0/20 scoring | est $0.00/day | offers $0 | committed $759/1000 | naked $481 | funded 10/20 | verified 100.0% (32v/0u)
20:18:19 INFO sweep | 0/20 scoring | est $0.00/day | offers $0 | committed $759/1000 | naked $481 | funded 10/20 | verified 100.0% (32v/0u)
20:18:41 INFO sweep | 0/20 scoring | est $0.00/day | offers $0 | committed $759/1000 | naked $481 | funded 10/20 | verified 100.0% (32v/0u)
20:19:02 INFO sweep | 0/20 scoring | est $0.00/day | offers $0 | committed $759/1000 | naked $481 | funded 10/20 | verified 100.0% (32v/0u)
20:19:24 INFO sweep | 0/20 scoring | est $0.00/day | offers $0 | committed $759/1000 | naked $481 | funded 10/20 | verified 100.0% (32v/0u)
20:19:46 INFO sweep | 0/20 scoring | est $0.00/day | offers $0 | committed $759/1000 | naked $481 | funded 10/20 | verified 100.0% (32v/0u)
20:20:07 INFO sweep | 0/20 scoring | est $0.00/day | offers $0 | committed $759/1000 | naked $481 | funded 10/20 | verified 100.0% (32v/0u)
20:20:29 INFO sweep | 0/20 scoring | est $0.00/day | offers $0 | committed $759/1000 | naked $481 | funded 10/20 | verified 100.0% (32v/0u)
20:20:50 INFO sweep | 0/20 scoring | est $0.00/day | offers $0 | committed $759/1000 | naked $481 | funded 10/20 | verified 100.0% (32v/0u)
20:21:12 INFO sweep | 0/20 scoring | est $0.00/day | offers $0 | committed $759/1000 | naked $481 | funded 10/20 | verified 100.0% (32v/0u)
20:21:33 INFO sweep | 0/20 scoring | est $0.00/day | offers $0 | committed $759/1000 | naked $481 | funded 10/20 | verified 100.0% (32v/0u)
20:21:55 INFO sweep | 0/20 scoring | est $0.00/day | offers $0 | committed $759/1000 | naked $481 | funded 10/20 | verified 100.0% (32v/0u)
20:22:17 INFO sweep | 0/20 scoring | est $0.00/day | offers $0 | committed $759/1000 | naked $481 | funded 10/20 | verified 100.0% (32v/0u)
20:22:39 INFO sweep | 0/20 scoring | est $0.00/day | offers $0 | committed $759/1000 | naked $481 | funded 10/20 | verified 100.0% (32v/0u)
20:23:01 INFO sweep | 0/20 scoring | est $0.00/day | offers $0 | committed $759/1000 | naked $481 | funded 10/20 | verified 100.0% (32v/0u)
20:23:22 INFO sweep | 0/20 scoring | est $0.00/day | offers $0 | committed $759/1000 | naked $481 | funded 10/20 | verified 100.0% (32v/0u)
20:23:44 INFO sweep | 0/20 scoring | est $0.00/day | offers $0 | committed $759/1000 | naked $481 | funded 10/20 | verified 100.0% (32v/0u)
20:24:06 INFO sweep | 0/20 scoring | est $0.00/day | offers $0 | committed $759/1000 | naked $481 | funded 10/20 | verified 100.0% (32v/0u)
20:24:27 INFO sweep | 0/20 scoring | est $0.00/day | offers $0 | committed $759/1000 | naked $481 | funded 10/20 | verified 100.0% (32v/0u)
20:24:48 INFO sweep | 0/20 scoring | est $0.00/day | offers $0 | committed $759/1000 | naked $481 | funded 10/20 | verified 100.0% (32v/0u)
20:25:10 INFO sweep | 0/20 scoring | est $0.00/day | offers $0 | committed $759/1000 | naked $481 | funded 10/20 | verified 100.0% (32v/0u)
20:25:32 INFO sweep | 0/20 scoring | est $0.00/day | offers $0 | committed $759/1000 | naked $481 | funded 10/20 | verified 100.0% (32v/0u)
20:25:53 INFO sweep | 0/20 scoring | est $0.00/day | offers $0 | committed $759/1000 | naked $481 | funded 10/20 | verified 100.0% (32v/0u)
20:26:15 INFO sweep | 0/20 scoring | est $0.00/day | offers $0 | committed $759/1000 | naked $481 | funded 10/20 | verified 100.0% (32v/0u)
20:26:37 INFO sweep | 0/20 scoring | est $0.00/day | offers $0 | committed $759/1000 | naked $481 | funded 10/20 | verified 100.0% (32v/0u)
20:26:58 INFO sweep | 0/20 scoring | est $0.00/day | offers $0 | committed $759/1000 | naked $481 | funded 10/20 | verified 100.0% (32v/0u)
20:27:20 INFO sweep | 0/20 scoring | est $0.00/day | offers $0 | committed $759/1000 | naked $481 | funded 10/20 | verified 100.0% (32v/0u)
20:27:42 INFO sweep | 0/20 scoring | est $0.00/day | offers $0 | committed $759/1000 | naked $481 | funded 10/20 | verified 100.0% (32v/0u)
20:28:03 INFO sweep | 0/20 scoring | est $0.00/day | offers $0 | committed $759/1000 | naked $481 | funded 10/20 | verified 100.0% (32v/0u)
20:28:25 INFO sweep | 0/20 scoring | est $0.00/day | offers $0 | committed $759/1000 | naked $481 | funded 10/20 | verified 100.0% (32v/0u)
20:28:47 INFO sweep | 0/20 scoring | est $0.00/day | offers $0 | committed $759/1000 | naked $481 | funded 10/20 | verified 100.0% (32v/0u)
20:29:08 INFO sweep | 0/20 scoring | est $0.00/day | offers $0 | committed $759/1000 | naked $481 | funded 10/20 | verified 100.0% (32v/0u)
20:29:30 INFO sweep | 0/20 scoring | est $0.00/day | offers $0 | committed $759/1000 | naked $481 | funded 10/20 | verified 100.0% (32v/0u)
20:29:51 INFO sweep | 0/20 scoring | est $0.00/day | offers $0 | committed $759/1000 | naked $481 | funded 10/20 | verified 100.0% (32v/0u)
20:30:13 INFO sweep | 0/20 scoring | est $0.00/day | offers $0 | committed $759/1000 | naked $481 | funded 10/20 | verified 100.0% (32v/0u)
20:30:36 INFO sweep | 0/20 scoring | est $0.00/day | offers $0 | committed $759/1000 | naked $481 | funded 10/20 | verified 100.0% (32v/0u)
20:30:57 INFO sweep | 0/20 scoring | est $0.00/day | offers $0 | committed $759/1000 | naked $481 | funded 10/20 | verified 100.0% (32v/0u)
20:31:19 INFO sweep | 0/20 scoring | est $0.00/day | offers $0 | committed $759/1000 | naked $481 | funded 10/20 | verified 100.0% (32v/0u)
20:31:41 INFO sweep | 0/20 scoring | est $0.00/day | offers $0 | committed $759/1000 | naked $481 | funded 10/20 | verified 100.0% (32v/0u)
20:32:02 INFO sweep | 0/20 scoring | est $0.00/day | offers $0 | committed $759/1000 | naked $481 | funded 10/20 | verified 100.0% (32v/0u)
20:32:24 INFO sweep | 0/20 scoring | est $0.00/day | offers $0 | committed $759/1000 | naked $481 | funded 10/20 | verified 100.0% (32v/0u)
20:32:46 INFO sweep | 0/20 scoring | est $0.00/day | offers $0 | committed $759/1000 | naked $481 | funded 10/20 | verified 100.0% (32v/0u)
20:33:07 INFO sweep | 0/20 scoring | est $0.00/day | offers $0 | committed $759/1000 | naked $481 | funded 10/20 | verified 100.0% (32v/0u)
20:33:29 INFO sweep | 0/20 scoring | est $0.00/day | offers $0 | committed $759/1000 | naked $481 | funded 10/20 | verified 100.0% (32v/0u)
20:33:51 INFO sweep | 0/20 scoring | est $0.00/day | offers $0 | committed $759/1000 | naked $481 | funded 10/20 | verified 100.0% (32v/0u)
20:34:12 INFO sweep | 0/20 scoring | est $0.00/day | offers $0 | committed $759/1000 | naked $481 | funded 10/20 | verified 100.0% (32v/0u)
20:34:34 INFO sweep | 0/20 scoring | est $0.00/day | offers $0 | committed $759/1000 | naked $481 | funded 10/20 | verified 100.0% (32v/0u)
20:34:56 INFO sweep | 0/20 scoring | est $0.00/day | offers $0 | committed $759/1000 | naked $481 | funded 10/20 | verified 100.0% (32v/0u)
20:35:17 INFO sweep | 0/20 scoring | est $0.00/day | offers $0 | committed $759/1000 | naked $481 | funded 10/20 | verified 100.0% (32v/0u)
20:35:38 INFO sweep | 0/20 scoring | est $0.00/day | offers $0 | committed $759/1000 | naked $481 | funded 10/20 | verified 100.0% (32v/0u)
20:36:00 INFO sweep | 0/20 scoring | est $0.00/day | offers $0 | committed $759/1000 | naked $481 | funded 10/20 | verified 100.0% (32v/0u)
20:36:22 INFO sweep | 0/20 scoring | est $0.00/day | offers $0 | committed $759/1000 | naked $481 | funded 10/20 | verified 100.0% (32v/0u)
20:36:43 INFO sweep | 0/20 scoring | est $0.00/day | offers $0 | committed $759/1000 | naked $481 | funded 10/20 | verified 100.0% (32v/0u)
20:37:05 INFO sweep | 0/20 scoring | est $0.00/day | offers $0 | committed $759/1000 | naked $481 | funded 10/20 | verified 100.0% (32v/0u)
20:37:27 INFO sweep | 0/20 scoring | est $0.00/day | offers $0 | committed $759/1000 | naked $481 | funded 10/20 | verified 100.0% (32v/0u)
20:37:48 INFO sweep | 0/20 scoring | est $0.00/day | offers $0 | committed $759/1000 | naked $481 | funded 10/20 | verified 100.0% (32v/0u)
20:38:10 INFO sweep | 0/20 scoring | est $0.00/day | offers $0 | committed $759/1000 | naked $481 | funded 10/20 | verified 100.0% (32v/0u)
20:38:32 INFO sweep | 0/20 scoring | est $0.00/day | offers $0 | committed $759/1000 | naked $481 | funded 10/20 | verified 100.0% (32v/0u)
20:38:53 INFO sweep | 0/20 scoring | est $0.00/day | offers $0 | committed $759/1000 | naked $481 | funded 10/20 | verified 100.0% (32v/0u)
20:39:15 INFO sweep | 0/20 scoring | est $0.00/day | offers $0 | committed $759/1000 | naked $481 | funded 10/20 | verified 100.0% (32v/0u)
20:39:36 INFO sweep | 0/20 scoring | est $0.00/day | offers $0 | committed $759/1000 | naked $481 | funded 10/20 | verified 100.0% (32v/0u)
20:39:58 INFO sweep | 0/20 scoring | est $0.00/day | offers $0 | committed $759/1000 | naked $481 | funded 10/20 | verified 100.0% (32v/0u)
20:40:20 INFO sweep | 0/20 scoring | est $0.00/day | offers $0 | committed $759/1000 | naked $481 | funded 10/20 | verified 100.0% (32v/0u)
20:40:41 INFO sweep | 0/20 scoring | est $0.00/day | offers $0 | committed $759/1000 | naked $481 | funded 10/20 | verified 100.0% (32v/0u)
20:41:03 INFO sweep | 0/20 scoring | est $0.00/day | offers $0 | committed $759/1000 | naked $481 | funded 10/20 | verified 100.0% (32v/0u)
20:41:25 INFO sweep | 0/20 scoring | est $0.00/day | offers $0 | committed $759/1000 | naked $481 | funded 10/20 | verified 100.0% (32v/0u)
20:41:46 INFO sweep | 0/20 scoring | est $0.00/day | offers $0 | committed $759/1000 | naked $481 | funded 10/20 | verified 100.0% (32v/0u)
20:42:08 INFO sweep | 0/20 scoring | est $0.00/day | offers $0 | committed $759/1000 | naked $481 | funded 10/20 | verified 100.0% (32v/0u)
20:42:30 INFO sweep | 0/20 scoring | est $0.00/day | offers $0 | committed $759/1000 | naked $481 | funded 10/20 | verified 100.0% (32v/0u)
20:42:51 INFO sweep | 0/20 scoring | est $0.00/day | offers $0 | committed $759/1000 | naked $481 | funded 10/20 | verified 100.0% (32v/0u)
20:43:13 INFO sweep | 0/20 scoring | est $0.00/day | offers $0 | committed $759/1000 | naked $481 | funded 10/20 | verified 100.0% (32v/0u)
20:43:38 INFO sweep | 0/20 scoring | est $0.00/day | offers $0 | committed $759/1000 | naked $481 | funded 10/20 | verified 100.0% (32v/0u)
20:43:59 INFO sweep | 0/20 scoring | est $0.00/day | offers $0 | committed $759/1000 | naked $481 | funded 10/20 | verified 100.0% (32v/0u)
20:44:21 INFO sweep | 0/20 scoring | est $0.00/day | offers $0 | committed $759/1000 | naked $481 | funded 10/20 | verified 100.0% (32v/0u)
20:44:43 INFO sweep | 0/20 scoring | est $0.00/day | offers $0 | committed $759/1000 | naked $481 | funded 10/20 | verified 100.0% (32v/0u)
20:45:04 INFO sweep | 0/20 scoring | est $0.00/day | offers $0 | committed $759/1000 | naked $481 | funded 10/20 | verified 100.0% (32v/0u)
20:45:26 INFO sweep | 0/20 scoring | est $0.00/day | offers $0 | committed $759/1000 | naked $481 | funded 10/20 | verified 100.0% (32v/0u)
20:45:49 INFO sweep | 0/20 scoring | est $0.00/day | offers $0 | committed $759/1000 | naked $481 | funded 10/20 | verified 100.0% (32v/0u)
20:46:12 INFO sweep | 0/20 scoring | est $0.00/day | offers $0 | committed $759/1000 | naked $481 | funded 10/20 | verified 100.0% (32v/0u)
20:46:33 INFO sweep | 0/20 scoring | est $0.00/day | offers $0 | committed $759/1000 | naked $481 | funded 10/20 | verified 100.0% (32v/0u)
20:46:56 INFO sweep | 0/20 scoring | est $0.00/day | offers $0 | committed $759/1000 | naked $481 | funded 10/20 | verified 100.0% (32v/0u)
20:47:18 INFO sweep | 0/20 scoring | est $0.00/day | offers $0 | committed $759/1000 | naked $481 | funded 10/20 | verified 100.0% (32v/0u)
20:47:39 INFO sweep | 0/20 scoring | est $0.00/day | offers $0 | committed $759/1000 | naked $481 | funded 10/20 | verified 100.0% (32v/0u)
20:48:01 INFO sweep | 0/20 scoring | est $0.00/day | offers $0 | committed $759/1000 | naked $481 | funded 10/20 | verified 100.0% (32v/0u)
20:48:23 INFO sweep | 0/20 scoring | est $0.00/day | offers $0 | committed $759/1000 | naked $481 | funded 10/20 | verified 100.0% (32v/0u)
20:48:44 INFO sweep | 0/20 scoring | est $0.00/day | offers $0 | committed $759/1000 | naked $481 | funded 10/20 | verified 100.0% (32v/0u)
20:49:06 INFO sweep | 0/20 scoring | est $0.00/day | offers $0 | committed $759/1000 | naked $481 | funded 10/20 | verified 100.0% (32v/0u)
20:49:27 INFO sweep | 0/20 scoring | est $0.00/day | offers $0 | committed $759/1000 | naked $481 | funded 10/20 | verified 100.0% (32v/0u)
20:49:49 INFO sweep | 0/20 scoring | est $0.00/day | offers $0 | committed $759/1000 | naked $481 | funded 10/20 | verified 100.0% (32v/0u)
20:50:11 INFO sweep | 0/20 scoring | est $0.00/day | offers $0 | committed $759/1000 | naked $481 | funded 10/20 | verified 100.0% (32v/0u)
20:50:32 INFO sweep | 0/20 scoring | est $0.00/day | offers $0 | committed $759/1000 | naked $481 | funded 10/20 | verified 100.0% (32v/0u)
20:50:54 INFO sweep | 0/20 scoring | est $0.00/day | offers $0 | committed $759/1000 | naked $481 | funded 10/20 | verified 100.0% (32v/0u)
20:51:16 INFO sweep | 0/20 scoring | est $0.00/day | offers $0 | committed $759/1000 | naked $481 | funded 10/20 | verified 100.0% (32v/0u)
20:51:37 INFO sweep | 0/20 scoring | est $0.00/day | offers $0 | committed $759/1000 | naked $481 | funded 10/20 | verified 100.0% (32v/0u)
20:51:59 INFO sweep | 0/20 scoring | est $0.00/day | offers $0 | committed $759/1000 | naked $481 | funded 10/20 | verified 100.0% (32v/0u)
20:52:21 INFO sweep | 0/20 scoring | est $0.00/day | offers $0 | committed $759/1000 | naked $481 | funded 10/20 | verified 100.0% (32v/0u)
20:52:42 INFO sweep | 0/20 scoring | est $0.00/day | offers $0 | committed $759/1000 | naked $481 | funded 10/20 | verified 100.0% (32v/0u)
20:53:03 INFO sweep | 0/20 scoring | est $0.00/day | offers $0 | committed $759/1000 | naked $481 | funded 10/20 | verified 100.0% (32v/0u)
20:53:25 INFO sweep | 0/20 scoring | est $0.00/day | offers $0 | committed $759/1000 | naked $481 | funded 10/20 | verified 100.0% (32v/0u)
20:53:47 INFO sweep | 0/20 scoring | est $0.00/day | offers $0 | committed $759/1000 | naked $481 | funded 10/20 | verified 100.0% (32v/0u)
20:54:08 INFO sweep | 0/20 scoring | est $0.00/day | offers $0 | committed $759/1000 | naked $481 | funded 10/20 | verified 100.0% (32v/0u)
20:54:30 INFO sweep | 0/20 scoring | est $0.00/day | offers $0 | committed $759/1000 | naked $481 | funded 10/20 | verified 100.0% (32v/0u)
20:54:51 INFO sweep | 0/20 scoring | est $0.00/day | offers $0 | committed $759/1000 | naked $481 | funded 10/20 | verified 100.0% (32v/0u)
20:55:13 INFO sweep | 0/20 scoring | est $0.00/day | offers $0 | committed $759/1000 | naked $481 | funded 10/20 | verified 100.0% (32v/0u)
20:55:35 INFO sweep | 0/20 scoring | est $0.00/day | offers $0 | committed $759/1000 | naked $481 | funded 10/20 | verified 100.0% (32v/0u)
20:55:56 INFO sweep | 0/20 scoring | est $0.00/day | offers $0 | committed $759/1000 | naked $481 | funded 10/20 | verified 100.0% (32v/0u)
20:56:18 INFO sweep | 0/20 scoring | est $0.00/day | offers $0 | committed $759/1000 | naked $481 | funded 10/20 | verified 100.0% (32v/0u)
20:56:40 INFO sweep | 0/20 scoring | est $0.00/day | offers $0 | committed $759/1000 | naked $481 | funded 10/20 | verified 100.0% (32v/0u)
20:57:01 INFO sweep | 0/20 scoring | est $0.00/day | offers $0 | committed $759/1000 | naked $481 | funded 10/20 | verified 100.0% (32v/0u)
20:57:23 INFO sweep | 0/20 scoring | est $0.00/day | offers $0 | committed $759/1000 | naked $481 | funded 10/20 | verified 100.0% (32v/0u)
20:57:45 INFO sweep | 0/20 scoring | est $0.00/day | offers $0 | committed $759/1000 | naked $481 | funded 10/20 | verified 100.0% (32v/0u)
20:58:06 INFO sweep | 0/20 scoring | est $0.00/day | offers $0 | committed $759/1000 | naked $481 | funded 10/20 | verified 100.0% (32v/0u)
20:58:28 INFO sweep | 0/20 scoring | est $0.00/day | offers $0 | committed $759/1000 | naked $481 | funded 10/20 | verified 100.0% (32v/0u)
20:58:50 INFO sweep | 0/20 scoring | est $0.00/day | offers $0 | committed $759/1000 | naked $481 | funded 10/20 | verified 100.0% (32v/0u)
20:59:11 INFO sweep | 0/20 scoring | est $0.00/day | offers $0 | committed $759/1000 | naked $481 | funded 10/20 | verified 100.0% (32v/0u)
20:59:32 INFO sweep | 0/20 scoring | est $0.00/day | offers $0 | committed $759/1000 | naked $481 | funded 10/20 | verified 100.0% (32v/0u)
20:59:54 INFO sweep | 0/20 scoring | est $0.00/day | offers $0 | committed $759/1000 | naked $481 | funded 10/20 | verified 100.0% (32v/0u)
21:00:15 INFO sweep | 0/20 scoring | est $0.00/day | offers $0 | committed $759/1000 | naked $481 | funded 10/20 | verified 100.0% (32v/0u)
21:00:38 INFO sweep | 0/20 scoring | est $0.00/day | offers $0 | committed $759/1000 | naked $481 | funded 10/20 | verified 100.0% (32v/0u)
21:01:00 INFO sweep | 0/20 scoring | est $0.00/day | offers $0 | committed $759/1000 | naked $481 | funded 10/20 | verified 100.0% (32v/0u)
21:01:22 INFO sweep | 0/20 scoring | est $0.00/day | offers $0 | committed $759/1000 | naked $481 | funded 10/20 | verified 100.0% (32v/0u)
21:01:43 INFO sweep | 0/20 scoring | est $0.00/day | offers $0 | committed $759/1000 | naked $481 | funded 10/20 | verified 100.0% (32v/0u)
21:02:05 INFO sweep | 0/20 scoring | est $0.00/day | offers $0 | committed $759/1000 | naked $481 | funded 10/20 | verified 100.0% (32v/0u)
21:02:27 INFO sweep | 0/20 scoring | est $0.00/day | offers $0 | committed $759/1000 | naked $481 | funded 10/20 | verified 100.0% (32v/0u)
21:02:48 INFO sweep | 0/20 scoring | est $0.00/day | offers $0 | committed $759/1000 | naked $481 | funded 10/20 | verified 100.0% (32v/0u)
21:03:10 INFO sweep | 0/20 scoring | est $0.00/day | offers $0 | committed $759/1000 | naked $481 | funded 10/20 | verified 100.0% (32v/0u)
21:03:32 INFO sweep | 0/20 scoring | est $0.00/day | offers $0 | committed $759/1000 | naked $481 | funded 10/20 | verified 100.0% (32v/0u)
21:03:53 INFO sweep | 0/20 scoring | est $0.00/day | offers $0 | committed $759/1000 | naked $481 | funded 10/20 | verified 100.0% (32v/0u)
21:04:15 INFO sweep | 0/20 scoring | est $0.00/day | offers $0 | committed $759/1000 | naked $481 | funded 10/20 | verified 100.0% (32v/0u)
21:04:36 INFO sweep | 0/20 scoring | est $0.00/day | offers $0 | committed $759/1000 | naked $481 | funded 10/20 | verified 100.0% (32v/0u)
21:04:57 INFO sweep | 0/20 scoring | est $0.00/day | offers $0 | committed $759/1000 | naked $481 | funded 10/20 | verified 100.0% (32v/0u)
21:05:19 INFO sweep | 0/20 scoring | est $0.00/day | offers $0 | committed $759/1000 | naked $481 | funded 10/20 | verified 100.0% (32v/0u)
21:05:40 INFO sweep | 0/20 scoring | est $0.00/day | offers $0 | committed $759/1000 | naked $481 | funded 10/20 | verified 100.0% (32v/0u)
21:06:01 INFO sweep | 0/20 scoring | est $0.00/day | offers $0 | committed $759/1000 | naked $481 | funded 10/20 | verified 100.0% (32v/0u)
21:06:23 INFO sweep | 0/20 scoring | est $0.00/day | offers $0 | committed $759/1000 | naked $481 | funded 10/20 | verified 100.0% (32v/0u)
21:06:44 INFO sweep | 0/20 scoring | est $0.00/day | offers $0 | committed $759/1000 | naked $481 | funded 10/20 | verified 100.0% (32v/0u)
21:07:05 INFO sweep | 0/20 scoring | est $0.00/day | offers $0 | committed $759/1000 | naked $481 | funded 10/20 | verified 100.0% (32v/0u)
21:07:27 INFO sweep | 0/20 scoring | est $0.00/day | offers $0 | committed $759/1000 | naked $481 | funded 10/20 | verified 100.0% (32v/0u)
21:07:48 INFO sweep | 0/20 scoring | est $0.00/day | offers $0 | committed $759/1000 | naked $481 | funded 10/20 | verified 100.0% (32v/0u)
21:08:09 INFO sweep | 0/20 scoring | est $0.00/day | offers $0 | committed $759/1000 | naked $481 | funded 10/20 | verified 100.0% (32v/0u)
21:08:31 INFO sweep | 0/20 scoring | est $0.00/day | offers $0 | committed $759/1000 | naked $481 | funded 10/20 | verified 100.0% (32v/0u)
21:08:52 INFO sweep | 0/20 scoring | est $0.00/day | offers $0 | committed $759/1000 | naked $481 | funded 10/20 | verified 100.0% (32v/0u)
21:09:13 INFO sweep | 0/20 scoring | est $0.00/day | offers $0 | committed $759/1000 | naked $481 | funded 10/20 | verified 100.0% (32v/0u)
21:09:35 INFO sweep | 0/20 scoring | est $0.00/day | offers $0 | committed $759/1000 | naked $481 | funded 10/20 | verified 100.0% (32v/0u)
21:09:55 INFO sweep | 0/20 scoring | est $0.00/day | offers $0 | committed $759/1000 | naked $481 | funded 10/20 | verified 100.0% (32v/0u)
21:10:17 INFO sweep | 0/20 scoring | est $0.00/day | offers $0 | committed $759/1000 | naked $481 | funded 10/20 | verified 100.0% (32v/0u)
21:10:38 INFO sweep | 0/20 scoring | est $0.00/day | offers $0 | committed $759/1000 | naked $481 | funded 10/20 | verified 100.0% (32v/0u)
21:10:59 INFO sweep | 0/20 scoring | est $0.00/day | offers $0 | committed $759/1000 | naked $481 | funded 10/20 | verified 100.0% (32v/0u)
21:11:21 INFO sweep | 0/20 scoring | est $0.00/day | offers $0 | committed $759/1000 | naked $481 | funded 10/20 | verified 100.0% (32v/0u)
21:11:42 INFO sweep | 0/20 scoring | est $0.00/day | offers $0 | committed $759/1000 | naked $481 | funded 10/20 | verified 100.0% (32v/0u)
21:12:03 INFO sweep | 0/20 scoring | est $0.00/day | offers $0 | committed $759/1000 | naked $481 | funded 10/20 | verified 100.0% (32v/0u)
21:12:24 INFO sweep | 0/20 scoring | est $0.00/day | offers $0 | committed $759/1000 | naked $481 | funded 10/20 | verified 100.0% (32v/0u)
21:12:46 INFO sweep | 0/20 scoring | est $0.00/day | offers $0 | committed $759/1000 | naked $481 | funded 10/20 | verified 100.0% (32v/0u)
21:13:07 INFO sweep | 0/20 scoring | est $0.00/day | offers $0 | committed $759/1000 | naked $481 | funded 10/20 | verified 100.0% (32v/0u)
21:13:28 INFO sweep | 0/20 scoring | est $0.00/day | offers $0 | committed $759/1000 | naked $481 | funded 10/20 | verified 100.0% (32v/0u)
21:13:50 INFO sweep | 0/20 scoring | est $0.00/day | offers $0 | committed $759/1000 | naked $481 | funded 10/20 | verified 100.0% (32v/0u)
21:14:11 INFO sweep | 0/20 scoring | est $0.00/day | offers $0 | committed $759/1000 | naked $481 | funded 10/20 | verified 100.0% (32v/0u)
21:14:32 INFO sweep | 0/20 scoring | est $0.00/day | offers $0 | committed $759/1000 | naked $481 | funded 10/20 | verified 100.0% (32v/0u)
21:14:54 INFO sweep | 0/20 scoring | est $0.00/day | offers $0 | committed $759/1000 | naked $481 | funded 10/20 | verified 100.0% (32v/0u)
21:15:15 INFO sweep | 0/20 scoring | est $0.00/day | offers $0 | committed $759/1000 | naked $481 | funded 10/20 | verified 100.0% (32v/0u)
21:15:30 INFO resolved elon-musk-of-tweets-july-28-august-4-240-259 -> 199089092503
21:15:30 INFO resolved elon-musk-of-tweets-july-28-august-4-220-239 -> 979227322109
21:15:30 INFO RESOLVE 2 market(s) settled
21:15:38 INFO sweep | 0/20 scoring | est $0.00/day | offers $0 | committed $759/1000 | naked $481 | funded 10/20 | verified 100.0% (32v/0u)
21:15:59 INFO sweep | 0/20 scoring | est $0.00/day | offers $0 | committed $759/1000 | naked $481 | funded 10/20 | verified 100.0% (32v/0u)
21:16:20 INFO sweep | 0/20 scoring | est $0.00/day | offers $0 | committed $759/1000 | naked $481 | funded 10/20 | verified 100.0% (32v/0u)
21:16:42 INFO sweep | 0/20 scoring | est $0.00/day | offers $0 | committed $759/1000 | naked $481 | funded 10/20 | verified 100.0% (32v/0u)
21:17:04 INFO sweep | 0/20 scoring | est $0.00/day | offers $0 | committed $759/1000 | naked $481 | funded 10/20 | verified 100.0% (32v/0u)
21:17:25 INFO sweep | 0/20 scoring | est $0.00/day | offers $0 | committed $759/1000 | naked $481 | funded 10/20 | verified 100.0% (32v/0u)
21:17:46 INFO sweep | 0/20 scoring | est $0.00/day | offers $0 | committed $759/1000 | naked $481 | funded 10/20 | verified 100.0% (32v/0u)
21:18:07 INFO sweep | 0/20 scoring | est $0.00/day | offers $0 | committed $759/1000 | naked $481 | funded 10/20 | verified 100.0% (32v/0u)
21:18:29 INFO sweep | 0/20 scoring | est $0.00/day | offers $0 | committed $759/1000 | naked $481 | funded 10/20 | verified 100.0% (32v/0u)
21:18:51 INFO sweep | 0/20 scoring | est $0.00/day | offers $0 | committed $759/1000 | naked $481 | funded 10/20 | verified 100.0% (32v/0u)
21:19:12 INFO sweep | 0/20 scoring | est $0.00/day | offers $0 | committed $759/1000 | naked $481 | funded 10/20 | verified 100.0% (32v/0u)
21:19:33 INFO sweep | 0/20 scoring | est $0.00/day | offers $0 | committed $759/1000 | naked $481 | funded 10/20 | verified 100.0% (32v/0u)
21:19:55 INFO sweep | 0/20 scoring | est $0.00/day | offers $0 | committed $759/1000 | naked $481 | funded 10/20 | verified 100.0% (32v/0u)
21:20:16 INFO sweep | 0/20 scoring | est $0.00/day | offers $0 | committed $759/1000 | naked $481 | funded 10/20 | verified 100.0% (32v/0u)
21:20:37 INFO sweep | 0/20 scoring | est $0.00/day | offers $0 | committed $759/1000 | naked $481 | funded 10/20 | verified 100.0% (32v/0u)
21:20:58 INFO sweep | 0/20 scoring | est $0.00/day | offers $0 | committed $759/1000 | naked $481 | funded 10/20 | verified 100.0% (32v/0u)
21:21:20 INFO sweep | 0/20 scoring | est $0.00/day | offers $0 | committed $759/1000 | naked $481 | funded 10/20 | verified 100.0% (32v/0u)
21:21:41 INFO sweep | 0/20 scoring | est $0.00/day | offers $0 | committed $759/1000 | naked $481 | funded 10/20 | verified 100.0% (32v/0u)
21:22:02 INFO sweep | 0/20 scoring | est $0.00/day | offers $0 | committed $759/1000 | naked $481 | funded 10/20 | verified 100.0% (32v/0u)
21:22:24 INFO sweep | 0/20 scoring | est $0.00/day | offers $0 | committed $759/1000 | naked $481 | funded 10/20 | verified 100.0% (32v/0u)
21:22:45 INFO sweep | 0/20 scoring | est $0.00/day | offers $0 | committed $759/1000 | naked $481 | funded 10/20 | verified 100.0% (32v/0u)
21:23:07 INFO sweep | 0/20 scoring | est $0.00/day | offers $0 | committed $759/1000 | naked $481 | funded 10/20 | verified 100.0% (32v/0u)
21:23:29 INFO sweep | 0/20 scoring | est $0.00/day | offers $0 | committed $759/1000 | naked $481 | funded 10/20 | verified 100.0% (32v/0u)
21:23:50 INFO sweep | 0/20 scoring | est $0.00/day | offers $0 | committed $759/1000 | naked $481 | funded 10/20 | verified 100.0% (32v/0u)
21:24:11 INFO sweep | 0/20 scoring | est $0.00/day | offers $0 | committed $759/1000 | naked $481 | funded 10/20 | verified 100.0% (32v/0u)
21:24:32 INFO sweep | 0/20 scoring | est $0.00/day | offers $0 | committed $759/1000 | naked $481 | funded 10/20 | verified 100.0% (32v/0u)
21:24:53 INFO sweep | 0/20 scoring | est $0.00/day | offers $0 | committed $759/1000 | naked $481 | funded 10/20 | verified 100.0% (32v/0u)
21:25:14 INFO sweep | 0/20 scoring | est $0.00/day | offers $0 | committed $759/1000 | naked $481 | funded 10/20 | verified 100.0% (32v/0u)
21:25:36 INFO sweep | 0/20 scoring | est $0.00/day | offers $0 | committed $759/1000 | naked $481 | funded 10/20 | verified 100.0% (32v/0u)
21:25:57 INFO sweep | 0/20 scoring | est $0.00/day | offers $0 | committed $759/1000 | naked $481 | funded 10/20 | verified 100.0% (32v/0u)
21:26:18 INFO sweep | 0/20 scoring | est $0.00/day | offers $0 | committed $759/1000 | naked $481 | funded 10/20 | verified 100.0% (32v/0u)
21:26:40 INFO sweep | 0/20 scoring | est $0.00/day | offers $0 | committed $759/1000 | naked $481 | funded 10/20 | verified 100.0% (32v/0u)
21:27:01 INFO sweep | 0/20 scoring | est $0.00/day | offers $0 | committed $759/1000 | naked $481 | funded 10/20 | verified 100.0% (32v/0u)
21:27:22 INFO sweep | 0/20 scoring | est $0.00/day | offers $0 | committed $759/1000 | naked $481 | funded 10/20 | verified 100.0% (32v/0u)
21:27:44 INFO sweep | 0/20 scoring | est $0.00/day | offers $0 | committed $759/1000 | naked $481 | funded 10/20 | verified 100.0% (32v/0u)
21:28:05 INFO sweep | 0/20 scoring | est $0.00/day | offers $0 | committed $759/1000 | naked $481 | funded 10/20 | verified 100.0% (32v/0u)
21:28:26 INFO sweep | 0/20 scoring | est $0.00/day | offers $0 | committed $759/1000 | naked $481 | funded 10/20 | verified 100.0% (32v/0u)
21:28:48 INFO sweep | 0/20 scoring | est $0.00/day | offers $0 | committed $759/1000 | naked $481 | funded 10/20 | verified 100.0% (32v/0u)
21:29:09 INFO sweep | 0/20 scoring | est $0.00/day | offers $0 | committed $759/1000 | naked $481 | funded 10/20 | verified 100.0% (32v/0u)
21:29:30 INFO sweep | 0/20 scoring | est $0.00/day | offers $0 | committed $759/1000 | naked $481 | funded 10/20 | verified 100.0% (32v/0u)
21:29:52 INFO sweep | 0/20 scoring | est $0.00/day | offers $0 | committed $759/1000 | naked $481 | funded 10/20 | verified 100.0% (32v/0u)
21:30:13 INFO sweep | 0/20 scoring | est $0.00/day | offers $0 | committed $759/1000 | naked $481 | funded 10/20 | verified 100.0% (32v/0u)
21:30:34 INFO sweep | 0/20 scoring | est $0.00/day | offers $0 | committed $759/1000 | naked $481 | funded 10/20 | verified 100.0% (32v/0u)
21:30:55 INFO sweep | 0/20 scoring | est $0.00/day | offers $0 | committed $759/1000 | naked $481 | funded 10/20 | verified 100.0% (32v/0u)
21:31:16 INFO sweep | 0/20 scoring | est $0.00/day | offers $0 | committed $759/1000 | naked $481 | funded 10/20 | verified 100.0% (32v/0u)
21:31:38 INFO sweep | 0/20 scoring | est $0.00/day | offers $0 | committed $759/1000 | naked $481 | funded 10/20 | verified 100.0% (32v/0u)
21:31:59 INFO sweep | 0/20 scoring | est $0.00/day | offers $0 | committed $759/1000 | naked $481 | funded 10/20 | verified 100.0% (32v/0u)
21:32:20 INFO sweep | 0/20 scoring | est $0.00/day | offers $0 | committed $759/1000 | naked $481 | funded 10/20 | verified 100.0% (32v/0u)
21:32:41 INFO sweep | 0/20 scoring | est $0.00/day | offers $0 | committed $759/1000 | naked $481 | funded 10/20 | verified 100.0% (32v/0u)
21:33:03 INFO sweep | 0/20 scoring | est $0.00/day | offers $0 | committed $759/1000 | naked $481 | funded 10/20 | verified 100.0% (32v/0u)
21:33:24 INFO sweep | 0/20 scoring | est $0.00/day | offers $0 | committed $759/1000 | naked $481 | funded 10/20 | verified 100.0% (32v/0u)
21:33:45 INFO sweep | 0/20 scoring | est $0.00/day | offers $0 | committed $759/1000 | naked $481 | funded 10/20 | verified 100.0% (32v/0u)
21:34:08 INFO sweep | 0/20 scoring | est $0.00/day | offers $0 | committed $759/1000 | naked $481 | funded 10/20 | verified 100.0% (32v/0u)
21:34:29 INFO sweep | 0/20 scoring | est $0.00/day | offers $0 | committed $759/1000 | naked $481 | funded 10/20 | verified 100.0% (32v/0u)
21:34:50 INFO sweep | 0/20 scoring | est $0.00/day | offers $0 | committed $759/1000 | naked $481 | funded 10/20 | verified 100.0% (32v/0u)
21:35:11 INFO sweep | 0/20 scoring | est $0.00/day | offers $0 | committed $759/1000 | naked $481 | funded 10/20 | verified 100.0% (32v/0u)
21:35:32 INFO sweep | 0/20 scoring | est $0.00/day | offers $0 | committed $759/1000 | naked $481 | funded 10/20 | verified 100.0% (32v/0u)
21:35:54 INFO sweep | 0/20 scoring | est $0.00/day | offers $0 | committed $759/1000 | naked $481 | funded 10/20 | verified 100.0% (32v/0u)
21:36:15 INFO sweep | 0/20 scoring | est $0.00/day | offers $0 | committed $759/1000 | naked $481 | funded 10/20 | verified 100.0% (32v/0u)
21:36:37 INFO sweep | 0/20 scoring | est $0.00/day | offers $0 | committed $759/1000 | naked $481 | funded 10/20 | verified 100.0% (32v/0u)
21:36:59 INFO sweep | 0/20 scoring | est $0.00/day | offers $0 | committed $759/1000 | naked $481 | funded 10/20 | verified 100.0% (32v/0u)
21:37:21 INFO sweep | 0/20 scoring | est $0.00/day | offers $0 | committed $759/1000 | naked $481 | funded 10/20 | verified 100.0% (32v/0u)
21:37:42 INFO sweep | 0/20 scoring | est $0.00/day | offers $0 | committed $759/1000 | naked $481 | funded 10/20 | verified 100.0% (32v/0u)
21:38:03 INFO sweep | 0/20 scoring | est $0.00/day | offers $0 | committed $759/1000 | naked $481 | funded 10/20 | verified 100.0% (32v/0u)
21:38:25 INFO sweep | 0/20 scoring | est $0.00/day | offers $0 | committed $759/1000 | naked $481 | funded 10/20 | verified 100.0% (32v/0u)
21:38:46 INFO sweep | 0/20 scoring | est $0.00/day | offers $0 | committed $759/1000 | naked $481 | funded 10/20 | verified 100.0% (32v/0u)
21:39:08 INFO sweep | 0/20 scoring | est $0.00/day | offers $0 | committed $759/1000 | naked $481 | funded 10/20 | verified 100.0% (32v/0u)
21:39:29 INFO sweep | 0/20 scoring | est $0.00/day | offers $0 | committed $759/1000 | naked $481 | funded 10/20 | verified 100.0% (32v/0u)
21:39:50 INFO sweep | 0/20 scoring | est $0.00/day | offers $0 | committed $759/1000 | naked $481 | funded 10/20 | verified 100.0% (32v/0u)
21:40:11 INFO sweep | 0/20 scoring | est $0.00/day | offers $0 | committed $759/1000 | naked $481 | funded 10/20 | verified 100.0% (32v/0u)
21:40:33 INFO sweep | 0/20 scoring | est $0.00/day | offers $0 | committed $759/1000 | naked $481 | funded 10/20 | verified 100.0% (32v/0u)
21:40:54 INFO sweep | 0/20 scoring | est $0.00/day | offers $0 | committed $759/1000 | naked $481 | funded 10/20 | verified 100.0% (32v/0u)
21:41:16 INFO sweep | 0/20 scoring | est $0.00/day | offers $0 | committed $759/1000 | naked $481 | funded 10/20 | verified 100.0% (32v/0u)
21:41:37 INFO sweep | 0/20 scoring | est $0.00/day | offers $0 | committed $759/1000 | naked $481 | funded 10/20 | verified 100.0% (32v/0u)
21:41:58 INFO sweep | 0/20 scoring | est $0.00/day | offers $0 | committed $759/1000 | naked $481 | funded 10/20 | verified 100.0% (32v/0u)
21:42:19 INFO sweep | 0/20 scoring | est $0.00/day | offers $0 | committed $759/1000 | naked $481 | funded 10/20 | verified 100.0% (32v/0u)
21:42:41 INFO sweep | 0/20 scoring | est $0.00/day | offers $0 | committed $759/1000 | naked $481 | funded 10/20 | verified 100.0% (32v/0u)
21:43:02 INFO sweep | 0/20 scoring | est $0.00/day | offers $0 | committed $759/1000 | naked $481 | funded 10/20 | verified 100.0% (32v/0u)
21:43:23 INFO sweep | 0/20 scoring | est $0.00/day | offers $0 | committed $759/1000 | naked $481 | funded 10/20 | verified 100.0% (32v/0u)
21:43:45 INFO sweep | 0/20 scoring | est $0.00/day | offers $0 | committed $759/1000 | naked $481 | funded 10/20 | verified 100.0% (32v/0u)
21:44:06 INFO sweep | 0/20 scoring | est $0.00/day | offers $0 | committed $759/1000 | naked $481 | funded 10/20 | verified 100.0% (32v/0u)
21:44:27 INFO sweep | 0/20 scoring | est $0.00/day | offers $0 | committed $759/1000 | naked $481 | funded 10/20 | verified 100.0% (32v/0u)
21:44:48 INFO sweep | 0/20 scoring | est $0.00/day | offers $0 | committed $759/1000 | naked $481 | funded 10/20 | verified 100.0% (32v/0u)
21:45:09 INFO sweep | 0/20 scoring | est $0.00/day | offers $0 | committed $759/1000 | naked $481 | funded 10/20 | verified 100.0% (32v/0u)
21:45:31 INFO sweep | 0/20 scoring | est $0.00/day | offers $0 | committed $759/1000 | naked $481 | funded 10/20 | verified 100.0% (32v/0u)
21:45:52 INFO sweep | 0/20 scoring | est $0.00/day | offers $0 | committed $759/1000 | naked $481 | funded 10/20 | verified 100.0% (32v/0u)
21:46:13 INFO sweep | 0/20 scoring | est $0.00/day | offers $0 | committed $759/1000 | naked $481 | funded 10/20 | verified 100.0% (32v/0u)
21:46:34 INFO sweep | 0/20 scoring | est $0.00/day | offers $0 | committed $759/1000 | naked $481 | funded 10/20 | verified 100.0% (32v/0u)
21:46:56 INFO sweep | 0/20 scoring | est $0.00/day | offers $0 | committed $759/1000 | naked $481 | funded 10/20 | verified 100.0% (32v/0u)
21:47:17 INFO sweep | 0/20 scoring | est $0.00/day | offers $0 | committed $759/1000 | naked $481 | funded 10/20 | verified 100.0% (32v/0u)
21:47:38 INFO sweep | 0/20 scoring | est $0.00/day | offers $0 | committed $759/1000 | naked $481 | funded 10/20 | verified 100.0% (32v/0u)
21:48:00 INFO sweep | 0/20 scoring | est $0.00/day | offers $0 | committed $759/1000 | naked $481 | funded 10/20 | verified 100.0% (32v/0u)
21:48:21 INFO sweep | 0/20 scoring | est $0.00/day | offers $0 | committed $759/1000 | naked $481 | funded 10/20 | verified 100.0% (32v/0u)
21:48:42 INFO sweep | 0/20 scoring | est $0.00/day | offers $0 | committed $759/1000 | naked $481 | funded 10/20 | verified 100.0% (32v/0u)
21:49:04 INFO sweep | 0/20 scoring | est $0.00/day | offers $0 | committed $759/1000 | naked $481 | funded 10/20 | verified 100.0% (32v/0u)
21:49:25 INFO sweep | 0/20 scoring | est $0.00/day | offers $0 | committed $759/1000 | naked $481 | funded 10/20 | verified 100.0% (32v/0u)
21:49:47 INFO sweep | 0/20 scoring | est $0.00/day | offers $0 | committed $759/1000 | naked $481 | funded 10/20 | verified 100.0% (32v/0u)
21:50:08 INFO sweep | 0/20 scoring | est $0.00/day | offers $0 | committed $759/1000 | naked $481 | funded 10/20 | verified 100.0% (32v/0u)
21:50:29 INFO sweep | 0/20 scoring | est $0.00/day | offers $0 | committed $759/1000 | naked $481 | funded 10/20 | verified 100.0% (32v/0u)
21:50:50 INFO sweep | 0/20 scoring | est $0.00/day | offers $0 | committed $759/1000 | naked $481 | funded 10/20 | verified 100.0% (32v/0u)
21:51:12 INFO sweep | 0/20 scoring | est $0.00/day | offers $0 | committed $759/1000 | naked $481 | funded 10/20 | verified 100.0% (32v/0u)
21:51:33 INFO sweep | 0/20 scoring | est $0.00/day | offers $0 | committed $759/1000 | naked $481 | funded 10/20 | verified 100.0% (32v/0u)
21:51:54 INFO sweep | 0/20 scoring | est $0.00/day | offers $0 | committed $759/1000 | naked $481 | funded 10/20 | verified 100.0% (32v/0u)
21:52:16 INFO sweep | 0/20 scoring | est $0.00/day | offers $0 | committed $759/1000 | naked $481 | funded 10/20 | verified 100.0% (32v/0u)
21:52:37 INFO sweep | 0/20 scoring | est $0.00/day | offers $0 | committed $759/1000 | naked $481 | funded 10/20 | verified 100.0% (32v/0u)
21:52:58 INFO sweep | 0/20 scoring | est $0.00/day | offers $0 | committed $759/1000 | naked $481 | funded 10/20 | verified 100.0% (32v/0u)
21:53:20 INFO sweep | 0/20 scoring | est $0.00/day | offers $0 | committed $759/1000 | naked $481 | funded 10/20 | verified 100.0% (32v/0u)
21:53:41 INFO sweep | 0/20 scoring | est $0.00/day | offers $0 | committed $759/1000 | naked $481 | funded 10/20 | verified 100.0% (32v/0u)
21:54:03 INFO sweep | 0/20 scoring | est $0.00/day | offers $0 | committed $759/1000 | naked $481 | funded 10/20 | verified 100.0% (32v/0u)
21:54:24 INFO sweep | 0/20 scoring | est $0.00/day | offers $0 | committed $759/1000 | naked $481 | funded 10/20 | verified 100.0% (32v/0u)
21:54:45 INFO sweep | 0/20 scoring | est $0.00/day | offers $0 | committed $759/1000 | naked $481 | funded 10/20 | verified 100.0% (32v/0u)
21:55:07 INFO sweep | 0/20 scoring | est $0.00/day | offers $0 | committed $759/1000 | naked $481 | funded 10/20 | verified 100.0% (32v/0u)
21:55:28 INFO sweep | 0/20 scoring | est $0.00/day | offers $0 | committed $759/1000 | naked $481 | funded 10/20 | verified 100.0% (32v/0u)
21:55:49 INFO sweep | 0/20 scoring | est $0.00/day | offers $0 | committed $759/1000 | naked $481 | funded 10/20 | verified 100.0% (32v/0u)
21:56:10 INFO sweep | 0/20 scoring | est $0.00/day | offers $0 | committed $759/1000 | naked $481 | funded 10/20 | verified 100.0% (32v/0u)
21:56:32 INFO sweep | 0/20 scoring | est $0.00/day | offers $0 | committed $759/1000 | naked $481 | funded 10/20 | verified 100.0% (32v/0u)
21:56:53 INFO sweep | 0/20 scoring | est $0.00/day | offers $0 | committed $759/1000 | naked $481 | funded 10/20 | verified 100.0% (32v/0u)
21:57:14 INFO sweep | 0/20 scoring | est $0.00/day | offers $0 | committed $759/1000 | naked $481 | funded 10/20 | verified 100.0% (32v/0u)
21:57:35 INFO sweep | 0/20 scoring | est $0.00/day | offers $0 | committed $759/1000 | naked $481 | funded 10/20 | verified 100.0% (32v/0u)
21:57:56 INFO sweep | 0/20 scoring | est $0.00/day | offers $0 | committed $759/1000 | naked $481 | funded 10/20 | verified 100.0% (32v/0u)
21:58:18 INFO sweep | 0/20 scoring | est $0.00/day | offers $0 | committed $759/1000 | naked $481 | funded 10/20 | verified 100.0% (32v/0u)
21:58:39 INFO sweep | 0/20 scoring | est $0.00/day | offers $0 | committed $759/1000 | naked $481 | funded 10/20 | verified 100.0% (32v/0u)
